"address","businessProfileId","categories/0","categories/1","categoryName","cid","city","countryCode","fid","hotelStars","imageUrl","isAdvertisement","isLocalGuide","kgmid","language","likesCount","location/lat","location/lng","name","neighborhood","originalLanguage","permanentlyClosed","placeId","postalCode","price","publishAt","publishedAtDate","rating","responseFromOwnerDate","responseFromOwnerText","reviewId","reviewImageUrls/0","reviewImageUrls/1","reviewImageUrls/2","reviewImageUrls/3","reviewImageUrls/4","reviewImageUrls/5","reviewImageUrls/6","reviewImageUrls/7","reviewOrigin","reviewUrl","reviewerId","reviewerNumberOfReviews","reviewerPhotoUrl","reviewerUrl","reviewsCount","scrapedAt","searchString","stars","state","street","temporarilyClosed","text","textTranslated","title","totalScore","translatedLanguage","url","visitedIn"
,"1522201601161585131","Tour agency","Service establishment","Tour agency","14154142641213989346",,,"0x4174448510086b6d:0xc46d9dbd85c4e1e2",,"https://lh3.googleusercontent.com/grass-cs/AABkmLd2_d1tXdrlH6LWW10pygDnJzaUhEU7C7L75fvzbAv4OYkdlD4LwcGPTtfM0xX8prg6H7I6hKya8LF-YWUiDMb0s1vwi8onlMyPQGQGfLxxP-evkFPGc0oYiPA5qiJVrNSeoCE=w408-h261-k-no","false","false","/g/11vk63ds_v","en","0","24.3539913","53.9485752","Aron Popthorn",,"en","false","ChIJbWsIEIVEdEER4uHEhb2dbcQ",,,"2 days ago","2026-10-04T14:04:18.925Z",,,,"Ci9DQUlRQUNvZENodHljRjlvT201aFltdERjM1ZpWTJ4NFUzZHBWbWxGUVdkV1YwRRAB",,,,,,,,,"Google","https://www.google.com/maps/reviews/data=!4m8!14m7!1m6!2m5!1sCi9DQUlRQUNvZENodHljRjlvT201aFltdERjM1ZpWTJ4NFUzZHBWbWxGUVdkV1YwRRAB!2m1!1s0x0:0xc46d9dbd85c4e1e2!3m1!1s2@1:CAIQACodChtycF9oOm5hYmtDc3ViY2x4U3dpVmlFQWdWV0E%7C%7C?hl=en","105827233594346110028","4","https://lh3.googleusercontent.com/a-/ALV-UjWjtNRf1L0u5bfYNUK-jL1snTeD737_BeD-ZRaapca_09qg6dg=s1920-c-rp-mo-br100","https://www.google.com/maps/contrib/105827233594346110028?hl=en","329","2026-10-06T19:23:43.222Z","Direct Detail URL: https://www.google.com/maps?cid=14154142641213989346","5",,,"false","Greatest service it was great to experience this service!!

Definitely recommend this!!",,"Dunes Discovery Tourism LLC","5",,"https://www.google.com/maps/search/?api=1&query=Dunes%20Discovery%20Tourism%20LLC&query_place_id=ChIJbWsIEIVEdEER4uHEhb2dbcQ",
,"1522201601161585131","Tour agency","Service establishment","Tour agency","14154142641213989346",,,"0x4174448510086b6d:0xc46d9dbd85c4e1e2",,"https://lh3.googleusercontent.com/grass-cs/AABkmLd2_d1tXdrlH6LWW10pygDnJzaUhEU7C7L75fvzbAv4OYkdlD4LwcGPTtfM0xX8prg6H7I6hKya8LF-YWUiDMb0s1vwi8onlMyPQGQGfLxxP-evkFPGc0oYiPA5qiJVrNSeoCE=w408-h261-k-no","false","false","/g/11vk63ds_v","en","0","24.3539913","53.9485752","Daan Hamsa",,"en","false","ChIJbWsIEIVEdEER4uHEhb2dbcQ",,,"3 days ago","2026-10-03T17:13:25.681Z",,,,"Ci9DQUlRQUNvZENodHljRjlvT2t0a1JEZDZRMkZ6WXpaNGQzVlRWVUpmZVdaZlJuYxAB",,,,,,,,,"Google","https://www.google.com/maps/reviews/data=!4m8!14m7!1m6!2m5!1sCi9DQUlRQUNvZENodHljRjlvT2t0a1JEZDZRMkZ6WXpaNGQzVlRWVUpmZVdaZlJuYxAB!2m1!1s0x0:0xc46d9dbd85c4e1e2!3m1!1s2@1:CAIQACodChtycF9oOktkRDd6Q2FzYzZ4d3VTVUJfeWZfRnc%7C%7C?hl=en","103427920264755269344","1","https://lh3.googleusercontent.com/a/ACg8ocJ8b1ClUdUytSl9fRl1XYU75voBC1CqEoCoVUQrXlb6HIY0wg=s1920-c-rp-mo-br100","https://www.google.com/maps/contrib/103427920264755269344?hl=en","329","2026-10-06T19:23:43.222Z","Direct Detail URL: https://www.google.com/maps?cid=14154142641213989346","5",,,"false","Great service for sure! See you next time. Definitely recommended!",,"Dunes Discovery Tourism LLC","5",,"https://www.google.com/maps/search/?api=1&query=Dunes%20Discovery%20Tourism%20LLC&query_place_id=ChIJbWsIEIVEdEER4uHEhb2dbcQ",
,"1522201601161585131","Tour agency","Service establishment","Tour agency","14154142641213989346",,,"0x4174448510086b6d:0xc46d9dbd85c4e1e2",,"https://lh3.googleusercontent.com/grass-cs/AABkmLd2_d1tXdrlH6LWW10pygDnJzaUhEU7C7L75fvzbAv4OYkdlD4LwcGPTtfM0xX8prg6H7I6hKya8LF-YWUiDMb0s1vwi8onlMyPQGQGfLxxP-evkFPGc0oYiPA5qiJVrNSeoCE=w408-h261-k-no","false","false","/g/11vk63ds_v","en","0","24.3539913","53.9485752","vinit kothawade",,"en","false","ChIJbWsIEIVEdEER4uHEhb2dbcQ",,,"3 days ago","2026-10-03T16:17:44.786Z",,,,"Ci9DQUlRQUNvZENodHljRjlvT2pGb1lVMXllRmxqVURaS2FFNUlObVI0V1ZKMlVIYxAB",,,,,,,,,"Google","https://www.google.com/maps/reviews/data=!4m8!14m7!1m6!2m5!1sCi9DQUlRQUNvZENodHljRjlvT2pGb1lVMXllRmxqVURaS2FFNUlObVI0V1ZKMlVIYxAB!2m1!1s0x0:0xc46d9dbd85c4e1e2!3m1!1s2@1:CAIQACodChtycF9oOjFoYU1yeFljUDZKaE5INmR4WVJ2UHc%7C%7C?hl=en","108557145718715165499","11","https://lh3.googleusercontent.com/a-/ALV-UjUXsG_GyTvqBVebvr9WPRdST5rBbDT8yspxlD5sWH_hFPZ1di6CIw=s1920-c-rp-mo-br100","https://www.google.com/maps/contrib/108557145718715165499?hl=en","329","2026-10-06T19:23:43.222Z","Direct Detail URL: https://www.google.com/maps?cid=14154142641213989346","5",,,"false","Very good safari experience very nice food",,"Dunes Discovery Tourism LLC","5",,"https://www.google.com/maps/search/?api=1&query=Dunes%20Discovery%20Tourism%20LLC&query_place_id=ChIJbWsIEIVEdEER4uHEhb2dbcQ",
,"1522201601161585131","Tour agency","Service establishment","Tour agency","14154142641213989346",,,"0x4174448510086b6d:0xc46d9dbd85c4e1e2",,"https://lh3.googleusercontent.com/grass-cs/AABkmLd2_d1tXdrlH6LWW10pygDnJzaUhEU7C7L75fvzbAv4OYkdlD4LwcGPTtfM0xX8prg6H7I6hKya8LF-YWUiDMb0s1vwi8onlMyPQGQGfLxxP-evkFPGc0oYiPA5qiJVrNSeoCE=w408-h261-k-no","false","false","/g/11vk63ds_v","en","0","24.3539913","53.9485752","Harry Minhas",,"en","false","ChIJbWsIEIVEdEER4uHEhb2dbcQ",,,"3 days ago","2026-10-03T14:48:55.036Z",,,,"Ci9DQUlRQUNvZENodHljRjlvT21SalNXVnRTRTFVUjBKME5ETnNjRTFtWWpCR2EwRRAB",,,,,,,,,"Google","https://www.google.com/maps/reviews/data=!4m8!14m7!1m6!2m5!1sCi9DQUlRQUNvZENodHljRjlvT21SalNXVnRTRTFVUjBKME5ETnNjRTFtWWpCR2EwRRAB!2m1!1s0x0:0xc46d9dbd85c4e1e2!3m1!1s2@1:CAIQACodChtycF9oOmRjSWVtSE1UR0J0NDNscE1mYjBGa0E%7C%7C?hl=en","117945296669113741368","5","https://lh3.googleusercontent.com/a/ACg8ocJxdFI_VtVvy3lIoEi3C4YPPB6Lqkqy3Y7MKHodIN0rS9oE4Q=s1920-c-rp-mo-br100","https://www.google.com/maps/contrib/117945296669113741368?hl=en","329","2026-10-06T19:23:43.222Z","Direct Detail URL: https://www.google.com/maps?cid=14154142641213989346","5",,,"false","Excellent service
Malik is amazing host
Recommendation 10/10 stars",,"Dunes Discovery Tourism LLC","5",,"https://www.google.com/maps/search/?api=1&query=Dunes%20Discovery%20Tourism%20LLC&query_place_id=ChIJbWsIEIVEdEER4uHEhb2dbcQ",
,"1522201601161585131","Tour agency","Service establishment","Tour agency","14154142641213989346",,,"0x4174448510086b6d:0xc46d9dbd85c4e1e2",,"https://lh3.googleusercontent.com/grass-cs/AABkmLd2_d1tXdrlH6LWW10pygDnJzaUhEU7C7L75fvzbAv4OYkdlD4LwcGPTtfM0xX8prg6H7I6hKya8LF-YWUiDMb0s1vwi8onlMyPQGQGfLxxP-evkFPGc0oYiPA5qiJVrNSeoCE=w408-h261-k-no","false","false","/g/11vk63ds_v","en","0","24.3539913","53.9485752","Raju Sankhla",,"en","false","ChIJbWsIEIVEdEER4uHEhb2dbcQ",,,"4 days ago","2026-10-02T16:54:51.181Z",,,,"Ci9DQUlRQUNvZENodHljRjlvT210S2FGUjZSalJxU0hwbU1qTTFNRVpRYzNoSU1uYxAB",,,,,,,,,"Google","https://www.google.com/maps/reviews/data=!4m8!14m7!1m6!2m5!1sCi9DQUlRQUNvZENodHljRjlvT210S2FGUjZSalJxU0hwbU1qTTFNRVpRYzNoSU1uYxAB!2m1!1s0x0:0xc46d9dbd85c4e1e2!3m1!1s2@1:CAIQACodChtycF9oOmtKaFR6RjRqSHpmMjM1MEZQc3hIMnc%7C%7C?hl=en","103567023865876717050","1","https://lh3.googleusercontent.com/a/ACg8ocK41zjzgJCPzuQD5R0_DCyA3MA_wzxB8RxnLhxAOZhkhLy_uw=s1920-c-rp-mo-br100","https://www.google.com/maps/contrib/103567023865876717050?hl=en","329","2026-10-06T19:23:43.222Z","Direct Detail URL: https://www.google.com/maps?cid=14154142641213989346","5",,,"false","Very good service very nice customer support",,"Dunes Discovery Tourism LLC","5",,"https://www.google.com/maps/search/?api=1&query=Dunes%20Discovery%20Tourism%20LLC&query_place_id=ChIJbWsIEIVEdEER4uHEhb2dbcQ",
,"1522201601161585131","Tour agency","Service establishment","Tour agency","14154142641213989346",,,"0x4174448510086b6d:0xc46d9dbd85c4e1e2",,"https://lh3.googleusercontent.com/grass-cs/AABkmLd2_d1tXdrlH6LWW10pygDnJzaUhEU7C7L75fvzbAv4OYkdlD4LwcGPTtfM0xX8prg6H7I6hKya8LF-YWUiDMb0s1vwi8onlMyPQGQGfLxxP-evkFPGc0oYiPA5qiJVrNSeoCE=w408-h261-k-no","false","false","/g/11vk63ds_v","en","0","24.3539913","53.9485752","Yogendra Kumar",,"en","false","ChIJbWsIEIVEdEER4uHEhb2dbcQ",,,"4 days ago","2026-10-02T16:23:20.753Z",,,,"Ci9DQUlRQUNvZENodHljRjlvT2xadFIwSkNVbGt3VkMxdU1GOU5aVzFZVjFoVGNWRRAB",,,,,,,,,"Google","https://www.google.com/maps/reviews/data=!4m8!14m7!1m6!2m5!1sCi9DQUlRQUNvZENodHljRjlvT2xadFIwSkNVbGt3VkMxdU1GOU5aVzFZVjFoVGNWRRAB!2m1!1s0x0:0xc46d9dbd85c4e1e2!3m1!1s2@1:CAIQACodChtycF9oOlZtR0JCUlkwVC1uMF9NZW1YV1hTcVE%7C%7C?hl=en","103437969911809055839","5","https://lh3.googleusercontent.com/a/ACg8ocKCuj4cJsSfMnX-4SnGiEtwLCOSNJLvE4xsLz19OIkysoX-JA=s1920-c-rp-mo-br100","https://www.google.com/maps/contrib/103437969911809055839?hl=en","329","2026-10-06T19:23:43.222Z","Direct Detail URL: https://www.google.com/maps?cid=14154142641213989346","5",,,"false","Very nice service good behaviour and great parson I recommend everyone",,"Dunes Discovery Tourism LLC","5",,"https://www.google.com/maps/search/?api=1&query=Dunes%20Discovery%20Tourism%20LLC&query_place_id=ChIJbWsIEIVEdEER4uHEhb2dbcQ",
,"1522201601161585131","Tour agency","Service establishment","Tour agency","14154142641213989346",,,"0x4174448510086b6d:0xc46d9dbd85c4e1e2",,"https://lh3.googleusercontent.com/grass-cs/AABkmLd2_d1tXdrlH6LWW10pygDnJzaUhEU7C7L75fvzbAv4OYkdlD4LwcGPTtfM0xX8prg6H7I6hKya8LF-YWUiDMb0s1vwi8onlMyPQGQGfLxxP-evkFPGc0oYiPA5qiJVrNSeoCE=w408-h261-k-no","false","false","/g/11vk63ds_v","en","0","24.3539913","53.9485752","dhanii arora",,"hi","false","ChIJbWsIEIVEdEER4uHEhb2dbcQ",,,"4 days ago","2026-10-02T16:10:25.726Z",,,,"Ci9DQUlRQUNvZENodHljRjlvT20wdFpHZFBiRm8xYkVSM09WVmtjblk0UlZRd2IxRRAB",,,,,,,,,"Google","https://www.google.com/maps/reviews/data=!4m8!14m7!1m6!2m5!1sCi9DQUlRQUNvZENodHljRjlvT20wdFpHZFBiRm8xYkVSM09WVmtjblk0UlZRd2IxRRAB!2m1!1s0x0:0xc46d9dbd85c4e1e2!3m1!1s2@1:CAIQACodChtycF9oOm0tZGdPbFo1bER3OVVkcnY4RVQwb1E%7C%7C?hl=en","109709454189022156954","4","https://lh3.googleusercontent.com/a-/ALV-UjWM6sNkILlCyfrzmvQjEFW_FQUdMrhI0etyo6nD63QNIew1C_ZunA=s1920-c-rp-mo-br100","https://www.google.com/maps/contrib/109709454189022156954?hl=en","329","2026-10-06T19:23:43.222Z","Direct Detail URL: https://www.google.com/maps?cid=14154142641213989346","5",,,"false","Very genuine tour company, special thanks to Malik g,jinhone Bhot hi ache se Hume guide kiya or humare tour ko fun loving bnaya..,","Very genuine tour company, special thanks to Malik ji, who guided us very well and made our tour fun and loving.","Dunes Discovery Tourism LLC","5","en","https://www.google.com/maps/search/?api=1&query=Dunes%20Discovery%20Tourism%20LLC&query_place_id=ChIJbWsIEIVEdEER4uHEhb2dbcQ",
,"1522201601161585131","Tour agency","Service establishment","Tour agency","14154142641213989346",,,"0x4174448510086b6d:0xc46d9dbd85c4e1e2",,"https://lh3.googleusercontent.com/grass-cs/AABkmLd2_d1tXdrlH6LWW10pygDnJzaUhEU7C7L75fvzbAv4OYkdlD4LwcGPTtfM0xX8prg6H7I6hKya8LF-YWUiDMb0s1vwi8onlMyPQGQGfLxxP-evkFPGc0oYiPA5qiJVrNSeoCE=w408-h261-k-no","false","false","/g/11vk63ds_v","en","0","24.3539913","53.9485752","deepika jain",,"en","false","ChIJbWsIEIVEdEER4uHEhb2dbcQ",,,"4 days ago","2026-10-02T16:08:37.826Z",,,,"Ci9DQUlRQUNvZENodHljRjlvT2s5cU0yTmZTWHA0WWpoME5XUTJhREkyZUhaMGVFRRAB","https://lh3.googleusercontent.com/grass-cs/ACvplmN8zJLOQ0wy1br8EVHMlmLzmRyNTVQhNrZ9XUfIPf10jtNlKUXUvAl-jfwidlCqTXiHFwJYEzF3k2NRz1kUFwbs_mHHODNYYZoruSsF2kOCKqoTMU1J21jV2b09qhztkjXWmUh6P_UVk5Z-=k-no",,,,,,,,"Google","https://www.google.com/maps/reviews/data=!4m8!14m7!1m6!2m5!1sCi9DQUlRQUNvZENodHljRjlvT2s5cU0yTmZTWHA0WWpoME5XUTJhREkyZUhaMGVFRRAB!2m1!1s0x0:0xc46d9dbd85c4e1e2!3m1!1s2@1:CAIQACodChtycF9oOk9qM2NfSXp4Yjh0NWQ2aDI2eHZ0eEE%7C%7C?hl=en","118350800801463120737","7","https://lh3.googleusercontent.com/a-/ALV-UjUMJJlSPW__wij3ujOCZzoIIRhKb-EgUwnW0kqTu7SLeey_KFlpCQ=s1920-c-rp-mo-br100","https://www.google.com/maps/contrib/118350800801463120737?hl=en","329","2026-10-06T19:23:43.222Z","Direct Detail URL: https://www.google.com/maps?cid=14154142641213989346","5",,,"false","It was awesome tour
I must say please come and enjoy
Safe and smooth rides friendly nature for tourists I love the services very happy 🤗🤗🤗🤗🤗🤗",,"Dunes Discovery Tourism LLC","5",,"https://www.google.com/maps/search/?api=1&query=Dunes%20Discovery%20Tourism%20LLC&query_place_id=ChIJbWsIEIVEdEER4uHEhb2dbcQ",
,"1522201601161585131","Tour agency","Service establishment","Tour agency","14154142641213989346",,,"0x4174448510086b6d:0xc46d9dbd85c4e1e2",,"https://lh3.googleusercontent.com/grass-cs/AABkmLd2_d1tXdrlH6LWW10pygDnJzaUhEU7C7L75fvzbAv4OYkdlD4LwcGPTtfM0xX8prg6H7I6hKya8LF-YWUiDMb0s1vwi8onlMyPQGQGfLxxP-evkFPGc0oYiPA5qiJVrNSeoCE=w408-h261-k-no","false","true","/g/11vk63ds_v","en","0","24.3539913","53.9485752","Felipe Dias",,"en","false","ChIJbWsIEIVEdEER4uHEhb2dbcQ",,,"a week ago","2026-09-29T17:13:14.975Z",,,,"Ci9DQUlRQUNvZENodHljRjlvT2xod01FdFFWekpmUW1SVWNVZHBZMFIwVW1VME1VRRAB",,,,,,,,,"Google","https://www.google.com/maps/reviews/data=!4m8!14m7!1m6!2m5!1sCi9DQUlRQUNvZENodHljRjlvT2xod01FdFFWekpmUW1SVWNVZHBZMFIwVW1VME1VRRAB!2m1!1s0x0:0xc46d9dbd85c4e1e2!3m1!1s2@1:CAIQACodChtycF9oOlhwMEtQVzJfQmRUcUdpY0R0UmU0MUE%7C%7C?hl=en","111243465435231127984","19","https://lh3.googleusercontent.com/a-/ALV-UjUqQ7HAE6-0GZ7MrGUQS-Op6WiOtYGtU42zIf0PBRD9z1yDSG7-qw=s1920-c-rp-mo-ba12-br100","https://www.google.com/maps/contrib/111243465435231127984?hl=en","329","2026-10-06T19:23:43.222Z","Direct Detail URL: https://www.google.com/maps?cid=14154142641213989346","5",,,"false","Amazing!
Thanks Malik",,"Dunes Discovery Tourism LLC","5",,"https://www.google.com/maps/search/?api=1&query=Dunes%20Discovery%20Tourism%20LLC&query_place_id=ChIJbWsIEIVEdEER4uHEhb2dbcQ",
,"1522201601161585131","Tour agency","Service establishment","Tour agency","14154142641213989346",,,"0x4174448510086b6d:0xc46d9dbd85c4e1e2",,"https://lh3.googleusercontent.com/grass-cs/AABkmLd2_d1tXdrlH6LWW10pygDnJzaUhEU7C7L75fvzbAv4OYkdlD4LwcGPTtfM0xX8prg6H7I6hKya8LF-YWUiDMb0s1vwi8onlMyPQGQGfLxxP-evkFPGc0oYiPA5qiJVrNSeoCE=w408-h261-k-no","false","false","/g/11vk63ds_v","en","0","24.3539913","53.9485752","Pedro Nascimento",,"en","false","ChIJbWsIEIVEdEER4uHEhb2dbcQ",,,"a week ago","2026-09-29T17:11:36.882Z",,,,"Ci9DQUlRQUNvZENodHljRjlvT2xwblNFbHFMVWhLWDFjMWRERllOR1I1WW5OdlJVRRAB",,,,,,,,,"Google","https://www.google.com/maps/reviews/data=!4m8!14m7!1m6!2m5!1sCi9DQUlRQUNvZENodHljRjlvT2xwblNFbHFMVWhLWDFjMWRERllOR1I1WW5OdlJVRRAB!2m1!1s0x0:0xc46d9dbd85c4e1e2!3m1!1s2@1:CAIQACodChtycF9oOlpnSElqLUhKX1c1dDFYNGR5YnNvRUE%7C%7C?hl=en","107488085312921726904","9","https://lh3.googleusercontent.com/a-/ALV-UjWbEBJrZ6H-DGEK2zgz7KusCj07cEYuW77bcxPe69zOOQ3aQ62y=s1920-c-rp-mo-br100","https://www.google.com/maps/contrib/107488085312921726904?hl=en","329","2026-10-06T19:23:43.222Z","Direct Detail URL: https://www.google.com/maps?cid=14154142641213989346","5",,,"false","Malik is very good driver!! A day well spent 😊 🐪",,"Dunes Discovery Tourism LLC","5",,"https://www.google.com/maps/search/?api=1&query=Dunes%20Discovery%20Tourism%20LLC&query_place_id=ChIJbWsIEIVEdEER4uHEhb2dbcQ",
,"1522201601161585131","Tour agency","Service establishment","Tour agency","14154142641213989346",,,"0x4174448510086b6d:0xc46d9dbd85c4e1e2",,"https://lh3.googleusercontent.com/grass-cs/AABkmLd2_d1tXdrlH6LWW10pygDnJzaUhEU7C7L75fvzbAv4OYkdlD4LwcGPTtfM0xX8prg6H7I6hKya8LF-YWUiDMb0s1vwi8onlMyPQGQGfLxxP-evkFPGc0oYiPA5qiJVrNSeoCE=w408-h261-k-no","false","false","/g/11vk63ds_v","en","0","24.3539913","53.9485752","Samina Khairani",,"en","false","ChIJbWsIEIVEdEER4uHEhb2dbcQ",,,"a week ago","2026-09-28T17:19:57.929Z",,,,"Ci9DQUlRQUNvZENodHljRjlvT2kxaVdESmhhVGN4TjNneFpsZDVPRkZ1TjFWSFJuYxAB",,,,,,,,,"Google","https://www.google.com/maps/reviews/data=!4m8!14m7!1m6!2m5!1sCi9DQUlRQUNvZENodHljRjlvT2kxaVdESmhhVGN4TjNneFpsZDVPRkZ1TjFWSFJuYxAB!2m1!1s0x0:0xc46d9dbd85c4e1e2!3m1!1s2@1:CAIQACodChtycF9oOi1iWDJhaTcxN3gxZld5OFFuN1VHRnc%7C%7C?hl=en","100373690686086276126","1","https://lh3.googleusercontent.com/a/ACg8ocLYijc6TWiM0CQNBectXgT_M3nJ0xkX2rbDFn3bBfBRPx0JQg=s1920-c-rp-mo-br100","https://www.google.com/maps/contrib/100373690686086276126?hl=en","329","2026-10-06T19:23:43.222Z","Direct Detail URL: https://www.google.com/maps?cid=14154142641213989346","5",,,"false","Very good service",,"Dunes Discovery Tourism LLC","5",,"https://www.google.com/maps/search/?api=1&query=Dunes%20Discovery%20Tourism%20LLC&query_place_id=ChIJbWsIEIVEdEER4uHEhb2dbcQ",
,"1522201601161585131","Tour agency","Service establishment","Tour agency","14154142641213989346",,,"0x4174448510086b6d:0xc46d9dbd85c4e1e2",,"https://lh3.googleusercontent.com/grass-cs/AABkmLd2_d1tXdrlH6LWW10pygDnJzaUhEU7C7L75fvzbAv4OYkdlD4LwcGPTtfM0xX8prg6H7I6hKya8LF-YWUiDMb0s1vwi8onlMyPQGQGfLxxP-evkFPGc0oYiPA5qiJVrNSeoCE=w408-h261-k-no","false","false","/g/11vk63ds_v","en","0","24.3539913","53.9485752","Khatija Khairani",,"en","false","ChIJbWsIEIVEdEER4uHEhb2dbcQ",,,"a week ago","2026-09-28T17:16:57.484Z",,,,"Ci9DQUlRQUNvZENodHljRjlvT20xdFZXTktNMHhuVTIwd2VrZG1kR3QxYlZrNVFWRRAB",,,,,,,,,"Google","https://www.google.com/maps/reviews/data=!4m8!14m7!1m6!2m5!1sCi9DQUlRQUNvZENodHljRjlvT20xdFZXTktNMHhuVTIwd2VrZG1kR3QxYlZrNVFWRRAB!2m1!1s0x0:0xc46d9dbd85c4e1e2!3m1!1s2@1:CAIQACodChtycF9oOm1tVWNKM0xnU20wekdmdGt1bVk5QVE%7C%7C?hl=en","115592383824927843113","2","https://lh3.googleusercontent.com/a/ACg8ocJQX3NZQ0HoAhMaARVSq-Z2DJ1xq4f3cfAdgGPOiYgJk7fjhw=s1920-c-rp-mo-br100","https://www.google.com/maps/contrib/115592383824927843113?hl=en","329","2026-10-06T19:23:43.222Z","Direct Detail URL: https://www.google.com/maps?cid=14154142641213989346","5",,,"false","Nice experience must visit",,"Dunes Discovery Tourism LLC","5",,"https://www.google.com/maps/search/?api=1&query=Dunes%20Discovery%20Tourism%20LLC&query_place_id=ChIJbWsIEIVEdEER4uHEhb2dbcQ",
,"1522201601161585131","Tour agency","Service establishment","Tour agency","14154142641213989346",,,"0x4174448510086b6d:0xc46d9dbd85c4e1e2",,"https://lh3.googleusercontent.com/grass-cs/AABkmLd2_d1tXdrlH6LWW10pygDnJzaUhEU7C7L75fvzbAv4OYkdlD4LwcGPTtfM0xX8prg6H7I6hKya8LF-YWUiDMb0s1vwi8onlMyPQGQGfLxxP-evkFPGc0oYiPA5qiJVrNSeoCE=w408-h261-k-no","false","false","/g/11vk63ds_v","en","0","24.3539913","53.9485752","zahra",,"en","false","ChIJbWsIEIVEdEER4uHEhb2dbcQ",,,"a week ago","2026-09-26T17:20:07.720Z",,,,"Ci9DQUlRQUNvZENodHljRjlvT21aSGQyZHlRVnBFY1VoelkyRklURWhTVmtrdGEwRRAB",,,,,,,,,"Google","https://www.google.com/maps/reviews/data=!4m8!14m7!1m6!2m5!1sCi9DQUlRQUNvZENodHljRjlvT21aSGQyZHlRVnBFY1VoelkyRklURWhTVmtrdGEwRRAB!2m1!1s0x0:0xc46d9dbd85c4e1e2!3m1!1s2@1:CAIQACodChtycF9oOmZHd2dyQVpEcUhzY2FITEhSVkkta0E%7C%7C?hl=en","114422547542006106978","1","https://lh3.googleusercontent.com/a/ACg8ocI502bYvoTZBF1RwVUSHvwBywMhreEdo0J95bnoz489KE_r0Q=s1920-c-rp-mo-br100","https://www.google.com/maps/contrib/114422547542006106978?hl=en","329","2026-10-06T19:23:43.222Z","Direct Detail URL: https://www.google.com/maps?cid=14154142641213989346","5",,,"false","amazing experience and hospitality will 100% recommend",,"Dunes Discovery Tourism LLC","5",,"https://www.google.com/maps/search/?api=1&query=Dunes%20Discovery%20Tourism%20LLC&query_place_id=ChIJbWsIEIVEdEER4uHEhb2dbcQ",
,"1522201601161585131","Tour agency","Service establishment","Tour agency","14154142641213989346",,,"0x4174448510086b6d:0xc46d9dbd85c4e1e2",,"https://lh3.googleusercontent.com/grass-cs/AABkmLd2_d1tXdrlH6LWW10pygDnJzaUhEU7C7L75fvzbAv4OYkdlD4LwcGPTtfM0xX8prg6H7I6hKya8LF-YWUiDMb0s1vwi8onlMyPQGQGfLxxP-evkFPGc0oYiPA5qiJVrNSeoCE=w408-h261-k-no","false","false","/g/11vk63ds_v","en","0","24.3539913","53.9485752","Mariam Munir",,"en","false","ChIJbWsIEIVEdEER4uHEhb2dbcQ",,,"a week ago","2026-09-26T17:16:09.481Z",,,,"Ci9DQUlRQUNvZENodHljRjlvT2pReWRqUlFkRTAxYWxaMkxYZHdMVGhHZW1Oc01FRRAB",,,,,,,,,"Google","https://www.google.com/maps/reviews/data=!4m8!14m7!1m6!2m5!1sCi9DQUlRQUNvZENodHljRjlvT2pReWRqUlFkRTAxYWxaMkxYZHdMVGhHZW1Oc01FRRAB!2m1!1s0x0:0xc46d9dbd85c4e1e2!3m1!1s2@1:CAIQACodChtycF9oOjQydjRQdE01alZ2LXdwLThGemNsMEE%7C%7C?hl=en","113591331438187398926","2","https://lh3.googleusercontent.com/a/ACg8ocLRifkB0JraDEnL_7XTwvdqwclgdSU6jtYk_h94rJt_Lfo0eA=s1920-c-rp-mo-br100","https://www.google.com/maps/contrib/113591331438187398926?hl=en","329","2026-10-06T19:23:43.222Z","Direct Detail URL: https://www.google.com/maps?cid=14154142641213989346","5",,,"false","Had an amazing time",,"Dunes Discovery Tourism LLC","5",,"https://www.google.com/maps/search/?api=1&query=Dunes%20Discovery%20Tourism%20LLC&query_place_id=ChIJbWsIEIVEdEER4uHEhb2dbcQ",
,"1522201601161585131","Tour agency","Service establishment","Tour agency","14154142641213989346",,,"0x4174448510086b6d:0xc46d9dbd85c4e1e2",,"https://lh3.googleusercontent.com/grass-cs/AABkmLd2_d1tXdrlH6LWW10pygDnJzaUhEU7C7L75fvzbAv4OYkdlD4LwcGPTtfM0xX8prg6H7I6hKya8LF-YWUiDMb0s1vwi8onlMyPQGQGfLxxP-evkFPGc0oYiPA5qiJVrNSeoCE=w408-h261-k-no","false","false","/g/11vk63ds_v","en","0","24.3539913","53.9485752","shabana Malik",,"en","false","ChIJbWsIEIVEdEER4uHEhb2dbcQ",,,"a week ago","2026-09-26T17:15:51.403Z",,,,"Ci9DQUlRQUNvZENodHljRjlvT21aUGRHNXNUWE5ITTBwM2IyVm9Ua1JvZUhBd1kyYxAB",,,,,,,,,"Google","https://www.google.com/maps/reviews/data=!4m8!14m7!1m6!2m5!1sCi9DQUlRQUNvZENodHljRjlvT21aUGRHNXNUWE5ITTBwM2IyVm9Ua1JvZUhBd1kyYxAB!2m1!1s0x0:0xc46d9dbd85c4e1e2!3m1!1s2@1:CAIQACodChtycF9oOmZPdG5sTXNHM0p3b2VoTkRoeHAwY2c%7C%7C?hl=en","111195425677360293187","8","https://lh3.googleusercontent.com/a/ACg8ocJ4P8aM5pqRwTilJ6nwN6EUXUqczNMSFY8wjM9iEmCjQ-tm0A=s1920-c-rp-mo-br100","https://www.google.com/maps/contrib/111195425677360293187?hl=en","329","2026-10-06T19:23:43.222Z","Direct Detail URL: https://www.google.com/maps?cid=14154142641213989346","5",,,"false","Amazing service, had a lovely time. I would 100% recommend booking",,"Dunes Discovery Tourism LLC","5",,"https://www.google.com/maps/search/?api=1&query=Dunes%20Discovery%20Tourism%20LLC&query_place_id=ChIJbWsIEIVEdEER4uHEhb2dbcQ",
,"1522201601161585131","Tour agency","Service establishment","Tour agency","14154142641213989346",,,"0x4174448510086b6d:0xc46d9dbd85c4e1e2",,"https://lh3.googleusercontent.com/grass-cs/AABkmLd2_d1tXdrlH6LWW10pygDnJzaUhEU7C7L75fvzbAv4OYkdlD4LwcGPTtfM0xX8prg6H7I6hKya8LF-YWUiDMb0s1vwi8onlMyPQGQGfLxxP-evkFPGc0oYiPA5qiJVrNSeoCE=w408-h261-k-no","false","false","/g/11vk63ds_v","en","0","24.3539913","53.9485752","Safa Xx",,,"false","ChIJbWsIEIVEdEER4uHEhb2dbcQ",,,"a week ago","2026-09-26T17:15:42.883Z",,,,"Ci9DQUlRQUNvZENodHljRjlvT2tRMlZqWlJWVUp6YkhaM1ZFUlRUWEp2UldVM01WRRAB",,,,,,,,,"Google","https://www.google.com/maps/reviews/data=!4m8!14m7!1m6!2m5!1sCi9DQUlRQUNvZENodHljRjlvT2tRMlZqWlJWVUp6YkhaM1ZFUlRUWEp2UldVM01WRRAB!2m1!1s0x0:0xc46d9dbd85c4e1e2!3m1!1s2@1:CAIQACodChtycF9oOkQ2VjZRVUJzbHZ3VERTTXJvRWU3MVE%7C%7C?hl=en","115002866205820165173","1","https://lh3.googleusercontent.com/a/ACg8ocItKK-oye0p2ZIpTsIza-iXWh-GHjly1Pfi8I84rc8sMsx60w=s1920-c-rp-mo-br100","https://www.google.com/maps/contrib/115002866205820165173?hl=en","329","2026-10-06T19:23:43.222Z","Direct Detail URL: https://www.google.com/maps?cid=14154142641213989346","5",,,"false",,,"Dunes Discovery Tourism LLC","5",,"https://www.google.com/maps/search/?api=1&query=Dunes%20Discovery%20Tourism%20LLC&query_place_id=ChIJbWsIEIVEdEER4uHEhb2dbcQ",
,"1522201601161585131","Tour agency","Service establishment","Tour agency","14154142641213989346",,,"0x4174448510086b6d:0xc46d9dbd85c4e1e2",,"https://lh3.googleusercontent.com/grass-cs/AABkmLd2_d1tXdrlH6LWW10pygDnJzaUhEU7C7L75fvzbAv4OYkdlD4LwcGPTtfM0xX8prg6H7I6hKya8LF-YWUiDMb0s1vwi8onlMyPQGQGfLxxP-evkFPGc0oYiPA5qiJVrNSeoCE=w408-h261-k-no","false","false","/g/11vk63ds_v","en","0","24.3539913","53.9485752","Avinash singh",,"en","false","ChIJbWsIEIVEdEER4uHEhb2dbcQ",,,"a week ago","2026-09-26T17:03:30.861Z",,,,"Ci9DQUlRQUNvZENodHljRjlvT2tWRVlVZDZTRzV2YzFGWGRIazNkV3R0TTFabFlYYxAB",,,,,,,,,"Google","https://www.google.com/maps/reviews/data=!4m8!14m7!1m6!2m5!1sCi9DQUlRQUNvZENodHljRjlvT2tWRVlVZDZTRzV2YzFGWGRIazNkV3R0TTFabFlYYxAB!2m1!1s0x0:0xc46d9dbd85c4e1e2!3m1!1s2@1:CAIQACodChtycF9oOkVEYUd6SG5vc1FXdHk3dWttM1ZlYXc%7C%7C?hl=en","109731826745749166186","2","https://lh3.googleusercontent.com/a-/ALV-UjU45mrLs-e9mRcTgh7QB4OGo1iBIgUTkXqaPG11I3EVjCRBzYbGpQ=s1920-c-rp-mo-br100","https://www.google.com/maps/contrib/109731826745749166186?hl=en","329","2026-10-06T19:23:43.222Z","Direct Detail URL: https://www.google.com/maps?cid=14154142641213989346","5",,,"false","Awesome Experience with Shbazh, Excellent person",,"Dunes Discovery Tourism LLC","5",,"https://www.google.com/maps/search/?api=1&query=Dunes%20Discovery%20Tourism%20LLC&query_place_id=ChIJbWsIEIVEdEER4uHEhb2dbcQ",
,"1522201601161585131","Tour agency","Service establishment","Tour agency","14154142641213989346",,,"0x4174448510086b6d:0xc46d9dbd85c4e1e2",,"https://lh3.googleusercontent.com/grass-cs/AABkmLd2_d1tXdrlH6LWW10pygDnJzaUhEU7C7L75fvzbAv4OYkdlD4LwcGPTtfM0xX8prg6H7I6hKya8LF-YWUiDMb0s1vwi8onlMyPQGQGfLxxP-evkFPGc0oYiPA5qiJVrNSeoCE=w408-h261-k-no","false","false","/g/11vk63ds_v","en","0","24.3539913","53.9485752","chloe harvey",,"en","false","ChIJbWsIEIVEdEER4uHEhb2dbcQ",,,"a week ago","2026-09-26T17:01:56.161Z",,,,"Ci9DQUlRQUNvZENodHljRjlvT2pGQ09YRlhTRWxsVFd4NGFGSTFUa0l5ZFdKM2VIYxAB",,,,,,,,,"Google","https://www.google.com/maps/reviews/data=!4m8!14m7!1m6!2m5!1sCi9DQUlRQUNvZENodHljRjlvT2pGQ09YRlhTRWxsVFd4NGFGSTFUa0l5ZFdKM2VIYxAB!2m1!1s0x0:0xc46d9dbd85c4e1e2!3m1!1s2@1:CAIQACodChtycF9oOjFCOXFXSEllTWx4aFI1TkIydWJ3eHc%7C%7C?hl=en","116446198405266691169","2","https://lh3.googleusercontent.com/a/ACg8ocItQHw0E4piYxRJ4v92GgMMsLRHfg-wnMyKXkNcFl3M6__7Rg=s1920-c-rp-mo-br100","https://www.google.com/maps/contrib/116446198405266691169?hl=en","329","2026-10-06T19:23:43.222Z","Direct Detail URL: https://www.google.com/maps?cid=14154142641213989346","5",,,"false","Excellent experience today on the desert safari!",,"Dunes Discovery Tourism LLC","5",,"https://www.google.com/maps/search/?api=1&query=Dunes%20Discovery%20Tourism%20LLC&query_place_id=ChIJbWsIEIVEdEER4uHEhb2dbcQ",
,"1522201601161585131","Tour agency","Service establishment","Tour agency","14154142641213989346",,,"0x4174448510086b6d:0xc46d9dbd85c4e1e2",,"https://lh3.googleusercontent.com/grass-cs/AABkmLd2_d1tXdrlH6LWW10pygDnJzaUhEU7C7L75fvzbAv4OYkdlD4LwcGPTtfM0xX8prg6H7I6hKya8LF-YWUiDMb0s1vwi8onlMyPQGQGfLxxP-evkFPGc0oYiPA5qiJVrNSeoCE=w408-h261-k-no","false","false","/g/11vk63ds_v","en","0","24.3539913","53.9485752","Fikrie Rasim Ismail",,"en","false","ChIJbWsIEIVEdEER4uHEhb2dbcQ",,,"a week ago","2026-09-25T16:55:14.229Z",,,,"Ci9DQUlRQUNvZENodHljRjlvT21VeWNtRlZaRFJqY1VJMVRXTkdRVmxIVGs1WGVWRRAB",,,,,,,,,"Google","https://www.google.com/maps/reviews/data=!4m8!14m7!1m6!2m5!1sCi9DQUlRQUNvZENodHljRjlvT21VeWNtRlZaRFJqY1VJMVRXTkdRVmxIVGs1WGVWRRAB!2m1!1s0x0:0xc46d9dbd85c4e1e2!3m1!1s2@1:CAIQACodChtycF9oOmUycmFVZDRjcUI1TWNGQVlHTk5XeVE%7C%7C?hl=en","103994437841049957688","1","https://lh3.googleusercontent.com/a/ACg8ocJ7wBLIUAeHZUTjz37Vh_YuNe-NywzKKd1lPpjsL9nEH-8vLQ=s1920-c-rp-mo-br100","https://www.google.com/maps/contrib/103994437841049957688?hl=en","329","2026-10-06T19:23:43.222Z","Direct Detail URL: https://www.google.com/maps?cid=14154142641213989346","5",,,"false","İt was very good, the tour guy is very kind,he is helping and explaining everything,give you nice photo ideas i recommend it!! 10/10",,"Dunes Discovery Tourism LLC","5",,"https://www.google.com/maps/search/?api=1&query=Dunes%20Discovery%20Tourism%20LLC&query_place_id=ChIJbWsIEIVEdEER4uHEhb2dbcQ",
,"1522201601161585131","Tour agency","Service establishment","Tour agency","14154142641213989346",,,"0x4174448510086b6d:0xc46d9dbd85c4e1e2",,"https://lh3.googleusercontent.com/grass-cs/AABkmLd2_d1tXdrlH6LWW10pygDnJzaUhEU7C7L75fvzbAv4OYkdlD4LwcGPTtfM0xX8prg6H7I6hKya8LF-YWUiDMb0s1vwi8onlMyPQGQGfLxxP-evkFPGc0oYiPA5qiJVrNSeoCE=w408-h261-k-no","false","false","/g/11vk63ds_v","en","0","24.3539913","53.9485752","Thomas Alayande",,"en","false","ChIJbWsIEIVEdEER4uHEhb2dbcQ",,,"a week ago","2026-09-25T16:41:59.569Z",,,,"Ci9DQUlRQUNvZENodHljRjlvT25kdk1raG1iRVpQVFZRelRqQnJaRkpqUWw5VVpsRRAB",,,,,,,,,"Google","https://www.google.com/maps/reviews/data=!4m8!14m7!1m6!2m5!1sCi9DQUlRQUNvZENodHljRjlvT25kdk1raG1iRVpQVFZRelRqQnJaRkpqUWw5VVpsRRAB!2m1!1s0x0:0xc46d9dbd85c4e1e2!3m1!1s2@1:CAIQACodChtycF9oOndvMkhmbEZPTVQzTjBrZFJjQl9UZlE%7C%7C?hl=en","116980749095918560720","2","https://lh3.googleusercontent.com/a/ACg8ocJ6hgTUesgfVNFvMIY3_9llqlvgsHnbHQRNGJqZkFa8yRMLrA=s1920-c-rp-mo-br100","https://www.google.com/maps/contrib/116980749095918560720?hl=en","329","2026-10-06T19:23:43.222Z","Direct Detail URL: https://www.google.com/maps?cid=14154142641213989346","5",,,"false","Shahbaz  I Came to Safari today. It was an unforgettable experience. Shahbaz made the experience eventful.He is nice,kind and very supportive.",,"Dunes Discovery Tourism LLC","5",,"https://www.google.com/maps/search/?api=1&query=Dunes%20Discovery%20Tourism%20LLC&query_place_id=ChIJbWsIEIVEdEER4uHEhb2dbcQ",
,"1522201601161585131","Tour agency","Service establishment","Tour agency","14154142641213989346",,,"0x4174448510086b6d:0xc46d9dbd85c4e1e2",,"https://lh3.googleusercontent.com/grass-cs/AABkmLd2_d1tXdrlH6LWW10pygDnJzaUhEU7C7L75fvzbAv4OYkdlD4LwcGPTtfM0xX8prg6H7I6hKya8LF-YWUiDMb0s1vwi8onlMyPQGQGfLxxP-evkFPGc0oYiPA5qiJVrNSeoCE=w408-h261-k-no","false","true","/g/11vk63ds_v","en","0","24.3539913","53.9485752","Daniel D",,"en","false","ChIJbWsIEIVEdEER4uHEhb2dbcQ",,,"a week ago","2026-09-23T18:30:11.065Z",,,,"Ci9DQUlRQUNvZENodHljRjlvT2xsYVExcFZOMEk1ZVZoSlNHcGpVMGhrVTJKd09HYxAB","https://lh3.googleusercontent.com/grass-cs/ACvplmPYeauFGGvnoA5XlY3rqyag6c0njSuBqUqqH8XZxK1Pl7A4Lgyx46ic0uDWNRztIeI3wmuMRCVn_XNBAnDAfRkFXerZQRr9tq4atkHNHiIpi6hjxiGpJtqdWbmR5l1JUudjSanQza8W4s4=k-no","https://lh3.googleusercontent.com/grass-cs/ACvplmNA8c-DuD6OBulVocUfhagFtHK86olIfWQVKups4KDG07Am5n4KvPY0Xm9_UpztF6HFpAZz8qXMI7-BLnbRg-VEJk7Ufdjt2zzXNwdZN8LOrGW9hFBnQiv2C7yX2fyrBhp77FDTa-u08WRU=k-no",,,,,,,"Google","https://www.google.com/maps/reviews/data=!4m8!14m7!1m6!2m5!1sCi9DQUlRQUNvZENodHljRjlvT2xsYVExcFZOMEk1ZVZoSlNHcGpVMGhrVTJKd09HYxAB!2m1!1s0x0:0xc46d9dbd85c4e1e2!3m1!1s2@1:CAIQACodChtycF9oOllaQ1pVN0I5eVhJSGpjU0hkU2JwOGc%7C%7C?hl=en","113424393028792543329","28","https://lh3.googleusercontent.com/a/ACg8ocIfeaKPCetawRPzEN9IRd2kiHYO9Fdn4VRS4q4BsE3j4edIgw=s1920-c-rp-mo-ba12-br100","https://www.google.com/maps/contrib/113424393028792543329?hl=en","329","2026-10-06T19:23:43.222Z","Direct Detail URL: https://www.google.com/maps?cid=14154142641213989346","5",,,"false","Shahbaz delivered a perfect day out to the desert. Dune bashing,  desert safari, camel ride, and show. Highly recommend this tour.",,"Dunes Discovery Tourism LLC","5",,"https://www.google.com/maps/search/?api=1&query=Dunes%20Discovery%20Tourism%20LLC&query_place_id=ChIJbWsIEIVEdEER4uHEhb2dbcQ",
,"1522201601161585131","Tour agency","Service establishment","Tour agency","14154142641213989346",,,"0x4174448510086b6d:0xc46d9dbd85c4e1e2",,"https://lh3.googleusercontent.com/grass-cs/AABkmLd2_d1tXdrlH6LWW10pygDnJzaUhEU7C7L75fvzbAv4OYkdlD4LwcGPTtfM0xX8prg6H7I6hKya8LF-YWUiDMb0s1vwi8onlMyPQGQGfLxxP-evkFPGc0oYiPA5qiJVrNSeoCE=w408-h261-k-no","false","false","/g/11vk63ds_v","en","0","24.3539913","53.9485752","anthony curtis",,"en","false","ChIJbWsIEIVEdEER4uHEhb2dbcQ",,,"a week ago","2026-09-23T17:28:16.702Z",,,,"Ci9DQUlRQUNvZENodHljRjlvT2padmNrWjJkV3R4UVRsMVZIVTBaMHgyVkdWR1NuYxAB",,,,,,,,,"Google","https://www.google.com/maps/reviews/data=!4m8!14m7!1m6!2m5!1sCi9DQUlRQUNvZENodHljRjlvT2padmNrWjJkV3R4UVRsMVZIVTBaMHgyVkdWR1NuYxAB!2m1!1s0x0:0xc46d9dbd85c4e1e2!3m1!1s2@1:CAIQACodChtycF9oOjZvckZ2dWtxQTl1VHU0Z0x2VGVGSnc%7C%7C?hl=en","106474639628697553072","9","https://lh3.googleusercontent.com/a/ACg8ocLu4FvwXIktje8gundion4gbfIDJ3BjdgAbb0x466SWj3JBPA=s1920-c-rp-mo-br100","https://www.google.com/maps/contrib/106474639628697553072?hl=en","329","2026-10-06T19:23:43.222Z","Direct Detail URL: https://www.google.com/maps?cid=14154142641213989346","5",,,"false","Shahbaz was wonderful.",,"Dunes Discovery Tourism LLC","5",,"https://www.google.com/maps/search/?api=1&query=Dunes%20Discovery%20Tourism%20LLC&query_place_id=ChIJbWsIEIVEdEER4uHEhb2dbcQ",
,"1522201601161585131","Tour agency","Service establishment","Tour agency","14154142641213989346",,,"0x4174448510086b6d:0xc46d9dbd85c4e1e2",,"https://lh3.googleusercontent.com/grass-cs/AABkmLd2_d1tXdrlH6LWW10pygDnJzaUhEU7C7L75fvzbAv4OYkdlD4LwcGPTtfM0xX8prg6H7I6hKya8LF-YWUiDMb0s1vwi8onlMyPQGQGfLxxP-evkFPGc0oYiPA5qiJVrNSeoCE=w408-h261-k-no","false","false","/g/11vk63ds_v","en","0","24.3539913","53.9485752","Angie Nkomo",,"en","false","ChIJbWsIEIVEdEER4uHEhb2dbcQ",,,"a week ago","2026-09-23T17:22:09.905Z",,,,"Ci9DQUlRQUNvZENodHljRjlvT25kT1JYaFdZakptWVVONlQwaHBhVVIxVWt3eU9YYxAB",,,,,,,,,"Google","https://www.google.com/maps/reviews/data=!4m8!14m7!1m6!2m5!1sCi9DQUlRQUNvZENodHljRjlvT25kT1JYaFdZakptWVVONlQwaHBhVVIxVWt3eU9YYxAB!2m1!1s0x0:0xc46d9dbd85c4e1e2!3m1!1s2@1:CAIQACodChtycF9oOndORXhWYjJmYUN6T0hpaUR1UkwyOXc%7C%7C?hl=en","117166151133956648986","1","https://lh3.googleusercontent.com/a-/ALV-UjU6-j-jpw8IbJbGuXvJzBImxqrf8AshX1nLc8CsLbT12lhLuNhWrw=s1920-c-rp-mo-br100","https://www.google.com/maps/contrib/117166151133956648986?hl=en","329","2026-10-06T19:23:43.222Z","Direct Detail URL: https://www.google.com/maps?cid=14154142641213989346","5",,,"false","Service is amazing,took a city tour and one of the best Tour guides in the world",,"Dunes Discovery Tourism LLC","5",,"https://www.google.com/maps/search/?api=1&query=Dunes%20Discovery%20Tourism%20LLC&query_place_id=ChIJbWsIEIVEdEER4uHEhb2dbcQ",
,"1522201601161585131","Tour agency","Service establishment","Tour agency","14154142641213989346",,,"0x4174448510086b6d:0xc46d9dbd85c4e1e2",,"https://lh3.googleusercontent.com/grass-cs/AABkmLd2_d1tXdrlH6LWW10pygDnJzaUhEU7C7L75fvzbAv4OYkdlD4LwcGPTtfM0xX8prg6H7I6hKya8LF-YWUiDMb0s1vwi8onlMyPQGQGfLxxP-evkFPGc0oYiPA5qiJVrNSeoCE=w408-h261-k-no","false","false","/g/11vk63ds_v","en","0","24.3539913","53.9485752","Tshepo Nkomo",,"en","false","ChIJbWsIEIVEdEER4uHEhb2dbcQ",,,"a week ago","2026-09-23T17:21:18.427Z",,,,"Ci9DQUlRQUNvZENodHljRjlvT2pKNVkyMXNWbVJ1TTE5RlFYbGlOVTlaZEVWYVVVRRAB",,,,,,,,,"Google","https://www.google.com/maps/reviews/data=!4m8!14m7!1m6!2m5!1sCi9DQUlRQUNvZENodHljRjlvT2pKNVkyMXNWbVJ1TTE5RlFYbGlOVTlaZEVWYVVVRRAB!2m1!1s0x0:0xc46d9dbd85c4e1e2!3m1!1s2@1:CAIQACodChtycF9oOjJ5Y21sVmRuM19FQXliNU9ZdEVaUUE%7C%7C?hl=en","103672890223568110557","1","https://lh3.googleusercontent.com/a-/ALV-UjV4hNgIFAAdkzn_9lZQEs_UkgryVGuCugLlDwl6XKfJw8DdvGg=s1920-c-rp-mo-br100","https://www.google.com/maps/contrib/103672890223568110557?hl=en","329","2026-10-06T19:23:43.222Z","Direct Detail URL: https://www.google.com/maps?cid=14154142641213989346","5",,,"false","He is a great travelling quide ,We enjoyed being with him.",,"Dunes Discovery Tourism LLC","5",,"https://www.google.com/maps/search/?api=1&query=Dunes%20Discovery%20Tourism%20LLC&query_place_id=ChIJbWsIEIVEdEER4uHEhb2dbcQ",
,"1522201601161585131","Tour agency","Service establishment","Tour agency","14154142641213989346",,,"0x4174448510086b6d:0xc46d9dbd85c4e1e2",,"https://lh3.googleusercontent.com/grass-cs/AABkmLd2_d1tXdrlH6LWW10pygDnJzaUhEU7C7L75fvzbAv4OYkdlD4LwcGPTtfM0xX8prg6H7I6hKya8LF-YWUiDMb0s1vwi8onlMyPQGQGfLxxP-evkFPGc0oYiPA5qiJVrNSeoCE=w408-h261-k-no","false","false","/g/11vk63ds_v","en","0","24.3539913","53.9485752","Bohlokwa Nkomo",,"en","false","ChIJbWsIEIVEdEER4uHEhb2dbcQ",,,"a week ago","2026-09-23T17:19:49.886Z",,,,"Ci9DQUlRQUNvZENodHljRjlvT2t4aE5ubGhUWGR4UW1sSVZXZHVTa3AwZDFaMlRWRRAB",,,,,,,,,"Google","https://www.google.com/maps/reviews/data=!4m8!14m7!1m6!2m5!1sCi9DQUlRQUNvZENodHljRjlvT2t4aE5ubGhUWGR4UW1sSVZXZHVTa3AwZDFaMlRWRRAB!2m1!1s0x0:0xc46d9dbd85c4e1e2!3m1!1s2@1:CAIQACodChtycF9oOkxhNnlhTXdxQmlIVWduSkp0d1Z2TVE%7C%7C?hl=en","107795601335573145352","1","https://lh3.googleusercontent.com/a/ACg8ocITgqrQjn8jGfbTB_ZDuxqT5SJ9tvvbdDb5HzX25cG98EudCxQ=s1920-c-rp-mo-br100","https://www.google.com/maps/contrib/107795601335573145352?hl=en","329","2026-10-06T19:23:43.222Z","Direct Detail URL: https://www.google.com/maps?cid=14154142641213989346","5",,,"false","One of the best tour guides ever",,"Dunes Discovery Tourism LLC","5",,"https://www.google.com/maps/search/?api=1&query=Dunes%20Discovery%20Tourism%20LLC&query_place_id=ChIJbWsIEIVEdEER4uHEhb2dbcQ",
,"1522201601161585131","Tour agency","Service establishment","Tour agency","14154142641213989346",,,"0x4174448510086b6d:0xc46d9dbd85c4e1e2",,"https://lh3.googleusercontent.com/grass-cs/AABkmLd2_d1tXdrlH6LWW10pygDnJzaUhEU7C7L75fvzbAv4OYkdlD4LwcGPTtfM0xX8prg6H7I6hKya8LF-YWUiDMb0s1vwi8onlMyPQGQGfLxxP-evkFPGc0oYiPA5qiJVrNSeoCE=w408-h261-k-no","false","false","/g/11vk63ds_v","en","0","24.3539913","53.9485752","Abiye Yeshitila",,"en","false","ChIJbWsIEIVEdEER4uHEhb2dbcQ",,,"Edited 2 weeks ago","2026-09-20T07:07:28.144Z",,,,"Ci9DQUlRQUNvZENodHljRjlvT2w5SlIzYzNjMUptTURkSFJFTmFTekJQY0ZwZmRWRRAB",,,,,,,,,"Google","https://www.google.com/maps/reviews/data=!4m8!14m7!1m6!2m5!1sCi9DQUlRQUNvZENodHljRjlvT2w5SlIzYzNjMUptTURkSFJFTmFTekJQY0ZwZmRWRRAB!2m1!1s0x0:0xc46d9dbd85c4e1e2!3m1!1s2@1:CAIQACodChtycF9oOl9JR3c3c1JmMDdHRENaSzBPcFpfdVE%7C%7C?hl=en","114110440139524524440","1","https://lh3.googleusercontent.com/a/ACg8ocLUizafzKtjYlSwxD-GglxwqWcS2B41NTYMx9Eo7LYNTx72Hg=s1920-c-rp-mo-br100","https://www.google.com/maps/contrib/114110440139524524440?hl=en","329","2026-10-06T19:23:43.222Z","Direct Detail URL: https://www.google.com/maps?cid=14154142641213989346","5",,,"false","Malik is providing an excellent professional service in exploring Dubai.
Going to safari is must not to miss.
Exceptional driving skill in the dessert and his car is 2026 model safe to use.",,"Dunes Discovery Tourism LLC","5",,"https://www.google.com/maps/search/?api=1&query=Dunes%20Discovery%20Tourism%20LLC&query_place_id=ChIJbWsIEIVEdEER4uHEhb2dbcQ",
,"1522201601161585131","Tour agency","Service establishment","Tour agency","14154142641213989346",,,"0x4174448510086b6d:0xc46d9dbd85c4e1e2",,"https://lh3.googleusercontent.com/grass-cs/AABkmLd2_d1tXdrlH6LWW10pygDnJzaUhEU7C7L75fvzbAv4OYkdlD4LwcGPTtfM0xX8prg6H7I6hKya8LF-YWUiDMb0s1vwi8onlMyPQGQGfLxxP-evkFPGc0oYiPA5qiJVrNSeoCE=w408-h261-k-no","false","false","/g/11vk63ds_v","en","0","24.3539913","53.9485752","Hasset Abiye",,"en","false","ChIJbWsIEIVEdEER4uHEhb2dbcQ",,,"a month ago","2026-09-01T17:36:02.168Z",,,,"Ci9DQUlRQUNvZENodHljRjlvT25weU5sazBhUzFaVGpremJISm1aRGRxYVdoR2RGRRAB",,,,,,,,,"Google","https://www.google.com/maps/reviews/data=!4m8!14m7!1m6!2m5!1sCi9DQUlRQUNvZENodHljRjlvT25weU5sazBhUzFaVGpremJISm1aRGRxYVdoR2RGRRAB!2m1!1s0x0:0xc46d9dbd85c4e1e2!3m1!1s2@1:CAIQACodChtycF9oOnpyNlk0aS1ZTjkzbHJmZDdqaWhGdFE%7C%7C?hl=en","111400441904100748768","1","https://lh3.googleusercontent.com/a/ACg8ocI-byJgjfatWzDLtUech6ozKWqYnmjiR_Nbjpye8FBbaoTJUw=s1920-c-rp-mo-br100","https://www.google.com/maps/contrib/111400441904100748768?hl=en","329","2026-10-06T19:23:43.222Z","Direct Detail URL: https://www.google.com/maps?cid=14154142641213989346","5",,,"false","Amazing experience. Loved the ride, the safari everything. Would recommend going with Malik, guaranteed amazing experience and exceptional ride!",,"Dunes Discovery Tourism LLC","5",,"https://www.google.com/maps/search/?api=1&query=Dunes%20Discovery%20Tourism%20LLC&query_place_id=ChIJbWsIEIVEdEER4uHEhb2dbcQ",
,"1522201601161585131","Tour agency","Service establishment","Tour agency","14154142641213989346",,,"0x4174448510086b6d:0xc46d9dbd85c4e1e2",,"https://lh3.googleusercontent.com/grass-cs/AABkmLd2_d1tXdrlH6LWW10pygDnJzaUhEU7C7L75fvzbAv4OYkdlD4LwcGPTtfM0xX8prg6H7I6hKya8LF-YWUiDMb0s1vwi8onlMyPQGQGfLxxP-evkFPGc0oYiPA5qiJVrNSeoCE=w408-h261-k-no","false","false","/g/11vk63ds_v","en","0","24.3539913","53.9485752","kailee parmenter",,"en","false","ChIJbWsIEIVEdEER4uHEhb2dbcQ",,,"a month ago","2026-08-30T11:01:47.308Z",,,,"Ci9DQUlRQUNvZENodHljRjlvT21kaE0yOHlhR05oVUZwbE1YTkZOelpPTkdScFFVRRAB",,,,,,,,,"Google","https://www.google.com/maps/reviews/data=!4m8!14m7!1m6!2m5!1sCi9DQUlRQUNvZENodHljRjlvT21kaE0yOHlhR05oVUZwbE1YTkZOelpPTkdScFFVRRAB!2m1!1s0x0:0xc46d9dbd85c4e1e2!3m1!1s2@1:CAIQACodChtycF9oOmdhM28yaGNhUFplMXNFNzZONGRpQUE%7C%7C?hl=en","116243302937681989462","5","https://lh3.googleusercontent.com/a/ACg8ocLtad-rGl1xKDbKO6bLd2R3xTwx0oslFO-hp50PI2zlBlyAgw=s1920-c-rp-mo-br100","https://www.google.com/maps/contrib/116243302937681989462?hl=en","329","2026-10-06T19:23:43.222Z","Direct Detail URL: https://www.google.com/maps?cid=14154142641213989346","5",,,"false","Malik was an amazing tour guide we did a half day with him and covered so much it was impressive. Different from your regular tour guides in a way that it’s more enjoyable and I would highly recommend to people that want to see as well as learn about Dubai in a fun journey!!!!",,"Dunes Discovery Tourism LLC","5",,"https://www.google.com/maps/search/?api=1&query=Dunes%20Discovery%20Tourism%20LLC&query_place_id=ChIJbWsIEIVEdEER4uHEhb2dbcQ",
,"1522201601161585131","Tour agency","Service establishment","Tour agency","14154142641213989346",,,"0x4174448510086b6d:0xc46d9dbd85c4e1e2",,"https://lh3.googleusercontent.com/grass-cs/AABkmLd2_d1tXdrlH6LWW10pygDnJzaUhEU7C7L75fvzbAv4OYkdlD4LwcGPTtfM0xX8prg6H7I6hKya8LF-YWUiDMb0s1vwi8onlMyPQGQGfLxxP-evkFPGc0oYiPA5qiJVrNSeoCE=w408-h261-k-no","false","false","/g/11vk63ds_v","en","0","24.3539913","53.9485752","Mary Debono",,"en","false","ChIJbWsIEIVEdEER4uHEhb2dbcQ",,,"a month ago","2026-08-08T17:13:12.275Z",,"2026-08-08T21:56:49.000Z","Thank you for the feedback 😇","Ci9DQUlRQUNvZENodHljRjlvT2xkbFRXVkNMVGhIYVhoS1NFSjFialkxYm5ScGRrRRAB","https://lh3.googleusercontent.com/grass-cs/ACvplmO8b9VoLW55MYroZyhSyLULNF6bBnGXoVZW-homhWn290jAWf5Izf3qD_npCZ2aE1aYSVxoU0sojN6SraRTl9I1AYA4nAqtqYcFxHAsgn1Ndgt_e7QaWBdpO-udf8eTTB6XF_UWBDhb6NU=k-no",,,,,,,,"Google","https://www.google.com/maps/reviews/data=!4m8!14m7!1m6!2m5!1sCi9DQUlRQUNvZENodHljRjlvT2xkbFRXVkNMVGhIYVhoS1NFSjFialkxYm5ScGRrRRAB!2m1!1s0x0:0xc46d9dbd85c4e1e2!3m1!1s2@1:CAIQACodChtycF9oOldlTWVCLThHaXhKSEJ1bjY1bnRpdkE%7C%7C?hl=en","106424233147126073084","3","https://lh3.googleusercontent.com/a/ACg8ocIidlCyWVEy7ZNvEGWp33JZlIgXqXBP3dowrOllfev8qUJqWg=s1920-c-rp-mo-br100","https://www.google.com/maps/contrib/106424233147126073084?hl=en","329","2026-10-06T19:23:43.222Z","Direct Detail URL: https://www.google.com/maps?cid=14154142641213989346","5",,,"false","Had a great experience on the Safari tour, lots of fun .
Thank you to our driver and tour guide Irfan for taking care of us",,"Dunes Discovery Tourism LLC","5",,"https://www.google.com/maps/search/?api=1&query=Dunes%20Discovery%20Tourism%20LLC&query_place_id=ChIJbWsIEIVEdEER4uHEhb2dbcQ",
,"1522201601161585131","Tour agency","Service establishment","Tour agency","14154142641213989346",,,"0x4174448510086b6d:0xc46d9dbd85c4e1e2",,"https://lh3.googleusercontent.com/grass-cs/AABkmLd2_d1tXdrlH6LWW10pygDnJzaUhEU7C7L75fvzbAv4OYkdlD4LwcGPTtfM0xX8prg6H7I6hKya8LF-YWUiDMb0s1vwi8onlMyPQGQGfLxxP-evkFPGc0oYiPA5qiJVrNSeoCE=w408-h261-k-no","false","false","/g/11vk63ds_v","en","0","24.3539913","53.9485752","Home Account",,"en","false","ChIJbWsIEIVEdEER4uHEhb2dbcQ",,,"a month ago","2026-08-08T17:06:08.949Z",,"2026-08-08T21:57:39.000Z","Thank you 😇","Ci9DQUlRQUNvZENodHljRjlvT214VWN6VnFRMFZxYmtjdFpWVmFjVU5HUkhwck5XYxAB",,,,,,,,,"Google","https://www.google.com/maps/reviews/data=!4m8!14m7!1m6!2m5!1sCi9DQUlRQUNvZENodHljRjlvT214VWN6VnFRMFZxYmtjdFpWVmFjVU5HUkhwck5XYxAB!2m1!1s0x0:0xc46d9dbd85c4e1e2!3m1!1s2@1:CAIQACodChtycF9oOmxUczVqQ0VqbkctZVVacUNGRHprNWc%7C%7C?hl=en","108103681523615660222","2","https://lh3.googleusercontent.com/a/ACg8ocK3tXPtXmKQCTE0iXQePM4je__oohjQ9wl5VWWufMQLasYoqw=s1920-c-rp-mo-br100","https://www.google.com/maps/contrib/108103681523615660222?hl=en","329","2026-10-06T19:23:43.222Z","Direct Detail URL: https://www.google.com/maps?cid=14154142641213989346","5",,,"false","It was an amazing experience enjoyed alot alhamdullah",,"Dunes Discovery Tourism LLC","5",,"https://www.google.com/maps/search/?api=1&query=Dunes%20Discovery%20Tourism%20LLC&query_place_id=ChIJbWsIEIVEdEER4uHEhb2dbcQ",
,"1522201601161585131","Tour agency","Service establishment","Tour agency","14154142641213989346",,,"0x4174448510086b6d:0xc46d9dbd85c4e1e2",,"https://lh3.googleusercontent.com/grass-cs/AABkmLd2_d1tXdrlH6LWW10pygDnJzaUhEU7C7L75fvzbAv4OYkdlD4LwcGPTtfM0xX8prg6H7I6hKya8LF-YWUiDMb0s1vwi8onlMyPQGQGfLxxP-evkFPGc0oYiPA5qiJVrNSeoCE=w408-h261-k-no","false","false","/g/11vk63ds_v","en","0","24.3539913","53.9485752","Umulkher Mohammed",,"en","false","ChIJbWsIEIVEdEER4uHEhb2dbcQ",,,"a month ago","2026-08-08T17:03:18.793Z",,"2026-08-08T21:59:49.000Z","Thank you for the amazing feedback. Much Appreciated 😇","Ci9DQUlRQUNvZENodHljRjlvT2t4blRXMXNSekJpT0RCVFNrSldXRWxuVFZKallsRRAB",,,,,,,,,"Google","https://www.google.com/maps/reviews/data=!4m8!14m7!1m6!2m5!1sCi9DQUlRQUNvZENodHljRjlvT2t4blRXMXNSekJpT0RCVFNrSldXRWxuVFZKallsRRAB!2m1!1s0x0:0xc46d9dbd85c4e1e2!3m1!1s2@1:CAIQACodChtycF9oOkxnTW1sRzBiODBTSkJWWElnTVJjYlE%7C%7C?hl=en","108595224668470587018","3","https://lh3.googleusercontent.com/a/ACg8ocLUVDxQOM1cqEN1p_EClvHHREmdbglYCAPbJ8yxWxg0Qi5fuw=s1920-c-rp-mo-br100","https://www.google.com/maps/contrib/108595224668470587018?hl=en","329","2026-10-06T19:23:43.222Z","Direct Detail URL: https://www.google.com/maps?cid=14154142641213989346","5",,,"false","We had an absolutely wonderful experience with Malik from Dune Discovery LLC, and I cannot recommend him highly enough! From the very beginning, Malik was kind, helpful, patient, and incredibly attentive, especially toward my children.

Unfortunately, my kids experienced some motion sickness during the trip, but Malik went above and beyond to help us. He even took us to a pharmacy so we could get medication to help them feel better. That level of care and consideration truly meant so much to us as parents.

He was also very informative and knowledgeable, making sure we understood everything and felt comfortable throughout the experience. He made our dune-bashing experience so enjoyable and exciting, while also making us feel completely safe and looked after.

We booked the VIP package, and honestly, it was 10/10 — minus nothing! Everything was wonderful, but what really made the experience special was Malik himself. His professionalism, kindness, and genuine care made our family feel very well taken care of.

If you are booking a desert safari with Dune Discovery LLC, I highly recommend asking for Malik. He truly made our Dubai desert experience unforgettable! ❤️🏜️

Thank you, Malik, for taking such good care of our family! ⭐️⭐️⭐️⭐️⭐️",,"Dunes Discovery Tourism LLC","5",,"https://www.google.com/maps/search/?api=1&query=Dunes%20Discovery%20Tourism%20LLC&query_place_id=ChIJbWsIEIVEdEER4uHEhb2dbcQ",
,"1522201601161585131","Tour agency","Service establishment","Tour agency","14154142641213989346",,,"0x4174448510086b6d:0xc46d9dbd85c4e1e2",,"https://lh3.googleusercontent.com/grass-cs/AABkmLd2_d1tXdrlH6LWW10pygDnJzaUhEU7C7L75fvzbAv4OYkdlD4LwcGPTtfM0xX8prg6H7I6hKya8LF-YWUiDMb0s1vwi8onlMyPQGQGfLxxP-evkFPGc0oYiPA5qiJVrNSeoCE=w408-h261-k-no","false","false","/g/11vk63ds_v","en","0","24.3539913","53.9485752","Janett Ghulam",,"en","false","ChIJbWsIEIVEdEER4uHEhb2dbcQ",,,"2 months ago","2026-08-04T16:35:35.952Z",,"2026-08-05T06:49:58.000Z","Thanks 🙏","Ci9DQUlRQUNvZENodHljRjlvT25kcVIwdEpZbFJGTlU5R1FYbHliVXhtTkVJMmNYYxAB",,,,,,,,,"Google","https://www.google.com/maps/reviews/data=!4m8!14m7!1m6!2m5!1sCi9DQUlRQUNvZENodHljRjlvT25kcVIwdEpZbFJGTlU5R1FYbHliVXhtTkVJMmNYYxAB!2m1!1s0x0:0xc46d9dbd85c4e1e2!3m1!1s2@1:CAIQACodChtycF9oOndqR0tJYlRFNU9GQXlybUxmNEI2cXc%7C%7C?hl=en","100157181253605386238","1","https://lh3.googleusercontent.com/a/ACg8ocLhThsNBPVKXmtWkp9QA5Sw8R7FQciWkSxKxutxIS_u9JbgoQ=s1920-c-rp-mo-br100","https://www.google.com/maps/contrib/100157181253605386238?hl=en","329","2026-10-06T19:23:43.222Z","Direct Detail URL: https://www.google.com/maps?cid=14154142641213989346","5",,,"false","Literally made a core memory today! The guide was very well informed and provided an amazing service. I enjoyed the quad bikes the most and would wholeheartedly recommend them. The ride across the dune even in the summer heat was more than bearable and fun. This is definitely an activity that anyone can do, even with kids. There’s many options to choose from such as; buggies, quad bikes, sand-boarding, and camel riding. We ended the day with a buffet, which was also delicious. A surreal and unforgettable experience. Overall 10/10 for the price, service and experience.",,"Dunes Discovery Tourism LLC","5",,"https://www.google.com/maps/search/?api=1&query=Dunes%20Discovery%20Tourism%20LLC&query_place_id=ChIJbWsIEIVEdEER4uHEhb2dbcQ",
,"1522201601161585131","Tour agency","Service establishment","Tour agency","14154142641213989346",,,"0x4174448510086b6d:0xc46d9dbd85c4e1e2",,"https://lh3.googleusercontent.com/grass-cs/AABkmLd2_d1tXdrlH6LWW10pygDnJzaUhEU7C7L75fvzbAv4OYkdlD4LwcGPTtfM0xX8prg6H7I6hKya8LF-YWUiDMb0s1vwi8onlMyPQGQGfLxxP-evkFPGc0oYiPA5qiJVrNSeoCE=w408-h261-k-no","false","false","/g/11vk63ds_v","en","0","24.3539913","53.9485752","Amirah Ghulam",,"en","false","ChIJbWsIEIVEdEER4uHEhb2dbcQ",,,"2 months ago","2026-08-04T16:28:12.508Z",,"2026-08-05T06:56:05.000Z","Thanks 🙏 ","Ci9DQUlRQUNvZENodHljRjlvT2xaVWVFWlNiVlJKVFVsWGVsa3hWbmhmUzBWMFVWRRAB",,,,,,,,,"Google","https://www.google.com/maps/reviews/data=!4m8!14m7!1m6!2m5!1sCi9DQUlRQUNvZENodHljRjlvT2xaVWVFWlNiVlJKVFVsWGVsa3hWbmhmUzBWMFVWRRAB!2m1!1s0x0:0xc46d9dbd85c4e1e2!3m1!1s2@1:CAIQACodChtycF9oOlZUeEZSbVRJTUlXelkxVnhfS0V0UVE%7C%7C?hl=en","110346864584096953192","1","https://lh3.googleusercontent.com/a/ACg8ocJonjmgC0UWjWWiyatQ36cPaUJ5CgUQObOao2HgM-3eujnXOA=s1920-c-rp-mo-br100","https://www.google.com/maps/contrib/110346864584096953192?hl=en","329","2026-10-06T19:23:43.222Z","Direct Detail URL: https://www.google.com/maps?cid=14154142641213989346","5",,,"false","Honestly, this desert trip was an absolute 10/10. Driving across the dunes on a quad bike was such a rush, and the views were incredible. On top of that, the team running it was super friendly and made sure we were totally taken care of the whole time. To wrap it all up, the food was crazy good, sitting down to an awesome meal was the best way to finish the day. You definitely need to check it out if you want a mix of adventure and good vibes.",,"Dunes Discovery Tourism LLC","5",,"https://www.google.com/maps/search/?api=1&query=Dunes%20Discovery%20Tourism%20LLC&query_place_id=ChIJbWsIEIVEdEER4uHEhb2dbcQ",
,"1522201601161585131","Tour agency","Service establishment","Tour agency","14154142641213989346",,,"0x4174448510086b6d:0xc46d9dbd85c4e1e2",,"https://lh3.googleusercontent.com/grass-cs/AABkmLd2_d1tXdrlH6LWW10pygDnJzaUhEU7C7L75fvzbAv4OYkdlD4LwcGPTtfM0xX8prg6H7I6hKya8LF-YWUiDMb0s1vwi8onlMyPQGQGfLxxP-evkFPGc0oYiPA5qiJVrNSeoCE=w408-h261-k-no","false","true","/g/11vk63ds_v","en","0","24.3539913","53.9485752","Faisal Ghulam",,"en","false","ChIJbWsIEIVEdEER4uHEhb2dbcQ",,,"2 months ago","2026-08-04T16:19:16.249Z",,"2026-08-05T06:56:23.000Z","Thanks 🙏 ","Ci9DQUlRQUNvZENodHljRjlvT2toa01saDZNWGhXTUdodk5UTnNaMHh3T0VZdGFrRRAB","https://lh3.googleusercontent.com/grass-cs/ACvplmOxtE-Fj9xeMHpcNhQQ3pWlS1Oxzj3zME72FJiad4biaU7tm103PjHwNKSS0E3vtDBE6IUQqsNc36aeJcntuwPudj7XlrVUlcLMDXniYMAdlo9i7vTa_NkcZQvauE36y9RZcmuKeSsJehL4=k-no","https://lh3.googleusercontent.com/grass-cs/ACvplmOYE22P2Epo2PzkSyODpgV9Wf9MBkeVGe27Ws9_pjzJDMYBsKMTzse9C_WePfdweTk0e2fOET023zcda2Y5MxD4Ykk8J21r9Rf3U9TOcTyn-6_Tgu-QImjPYqdvzxMIJO1BAwlyO8p74let=k-no",,,,,,,"Google","https://www.google.com/maps/reviews/data=!4m8!14m7!1m6!2m5!1sCi9DQUlRQUNvZENodHljRjlvT2toa01saDZNWGhXTUdodk5UTnNaMHh3T0VZdGFrRRAB!2m1!1s0x0:0xc46d9dbd85c4e1e2!3m1!1s2@1:CAIQACodChtycF9oOkhkMlh6MXhWMGhvNTNsZ0xwOEYtakE%7C%7C?hl=en","118382586829963970782","32","https://lh3.googleusercontent.com/a/ACg8ocLVOX31IzuvQzyV9DipOhD0rJZC8bNesNFp_NgEWNOxYYbrTQ=s1920-c-rp-mo-ba12-br100","https://www.google.com/maps/contrib/118382586829963970782?hl=en","329","2026-10-06T19:23:43.222Z","Direct Detail URL: https://www.google.com/maps?cid=14154142641213989346","5",,,"false","Wow, what an amazing trip. Thank you Mr. Malik. U made this trip adventurous and great. I loved it. Soon again i am sure",,"Dunes Discovery Tourism LLC","5",,"https://www.google.com/maps/search/?api=1&query=Dunes%20Discovery%20Tourism%20LLC&query_place_id=ChIJbWsIEIVEdEER4uHEhb2dbcQ",
,"1522201601161585131","Tour agency","Service establishment","Tour agency","14154142641213989346",,,"0x4174448510086b6d:0xc46d9dbd85c4e1e2",,"https://lh3.googleusercontent.com/grass-cs/AABkmLd2_d1tXdrlH6LWW10pygDnJzaUhEU7C7L75fvzbAv4OYkdlD4LwcGPTtfM0xX8prg6H7I6hKya8LF-YWUiDMb0s1vwi8onlMyPQGQGfLxxP-evkFPGc0oYiPA5qiJVrNSeoCE=w408-h261-k-no","false","false","/g/11vk63ds_v","en","0","24.3539913","53.9485752","Marian Lewis",,"en","false","ChIJbWsIEIVEdEER4uHEhb2dbcQ",,,"2 months ago","2026-07-29T17:03:27.310Z",,"2026-08-01T17:38:56.000Z","Thank you for the feedback 😇","Ci9DQUlRQUNvZENodHljRjlvT205d2NpMXNjMlpSUzB0TVlVUXpYek56UmpCcU5sRRAB",,,,,,,,,"Google","https://www.google.com/maps/reviews/data=!4m8!14m7!1m6!2m5!1sCi9DQUlRQUNvZENodHljRjlvT205d2NpMXNjMlpSUzB0TVlVUXpYek56UmpCcU5sRRAB!2m1!1s0x0:0xc46d9dbd85c4e1e2!3m1!1s2@1:CAIQACodChtycF9oOm9wci1sc2ZRS0tMYUQzXzNzRjBqNlE%7C%7C?hl=en","115345801077977194303","2","https://lh3.googleusercontent.com/a/ACg8ocIv0YSk5fNhUyAplasg0Ts54rWVV7qD1dlGJ1mcFbhYcxsOcg=s1920-c-rp-mo-br100","https://www.google.com/maps/contrib/115345801077977194303?hl=en","329","2026-10-06T19:23:43.222Z","Direct Detail URL: https://www.google.com/maps?cid=14154142641213989346","5",,,"false","very fun experience, Malik helped us through the day. very very kind. it was a very fun day, he gave us clear instructions, made sure our videos/pictures were good. 10/10",,"Dunes Discovery Tourism LLC","5",,"https://www.google.com/maps/search/?api=1&query=Dunes%20Discovery%20Tourism%20LLC&query_place_id=ChIJbWsIEIVEdEER4uHEhb2dbcQ",
,"1522201601161585131","Tour agency","Service establishment","Tour agency","14154142641213989346",,,"0x4174448510086b6d:0xc46d9dbd85c4e1e2",,"https://lh3.googleusercontent.com/grass-cs/AABkmLd2_d1tXdrlH6LWW10pygDnJzaUhEU7C7L75fvzbAv4OYkdlD4LwcGPTtfM0xX8prg6H7I6hKya8LF-YWUiDMb0s1vwi8onlMyPQGQGfLxxP-evkFPGc0oYiPA5qiJVrNSeoCE=w408-h261-k-no","false","true","/g/11vk63ds_v","en","0","24.3539913","53.9485752","Shamni Maniarasu",,"en","false","ChIJbWsIEIVEdEER4uHEhb2dbcQ",,,"2 months ago","2026-07-16T11:27:34.553Z",,"2026-07-16T12:37:15.000Z","Thanks ","Ci9DQUlRQUNvZENodHljRjlvT25jNGIzWkJRVkpPU0U5SGQzaGlRMWhRWkhsV1owRRAB","https://lh3.googleusercontent.com/grass-cs/ACvplmM5XuBU2ID_e_Zu8z6t6kF_5n-95CGScUGTS7EJWh2eGWvgzrao6STgqQxlgRH9NG-ZgcT_RmYw-s3EKOI8TSOTVkxHXgDJ8bV7QxwM-Nf6poCpWpdRMi1Hv0zLK7KAXf3Rqh6w4qL7ONiU=k-no","https://lh3.googleusercontent.com/grass-cs/ACvplmNYsWHjkMBbvIiduyphUkvEnn2MXcpoD1YjWYKxmqMV54Wzw-FoQ3idjpcEYegB2aCFGrvrBGIKGJ-EJRsemPUmkIfH8zI9VYhKtQAipfvXlwxrDBiQzpBMLaE4oETzZidwn2jHrNpw4CY=k-no","https://lh3.googleusercontent.com/grass-cs/ACvplmMtlKDEHaatBrkBMG4eAD_dQh-HZNCZKenmHJpJihepLnW1i8IXb_YWpx5IvL2UwQ_2a-hIpWVoMKCcv7viDx0rMdqHcj-v-ZnC3fPIZ9d8vsuKxdEM70d8RqNEv7iCHOIa0oyafg_jSpZG=k-no","https://lh3.googleusercontent.com/grass-cs/ACvplmMvyGM8ihzG-7pyxqyDyxd5I8AXzyoDJTgcGPz0TmD9mcgON3FSqzyUMs1AXA-1xn2F0cb7ytofJqJ809fIdWv6U39G_OxQK7Mmmnb2xnDbwZ1KPy4_9jbU40_rsoMQLp03Mexjrh8Teos=k-no",,,,,"Google","https://www.google.com/maps/reviews/data=!4m8!14m7!1m6!2m5!1sCi9DQUlRQUNvZENodHljRjlvT25jNGIzWkJRVkpPU0U5SGQzaGlRMWhRWkhsV1owRRAB!2m1!1s0x0:0xc46d9dbd85c4e1e2!3m1!1s2@1:CAIQACodChtycF9oOnc4b3ZBQVJOSE9Hd3hiQ1hQZHlWZ0E%7C%7C?hl=en","110682918841448610633","20","https://lh3.googleusercontent.com/a-/ALV-UjUtwpAwhaad1vm_aKecqBLdQEpGz2pfCL3aFTzykTOXNu_3t__mzA=s1920-c-rp-mo-ba12-br100","https://www.google.com/maps/contrib/110682918841448610633?hl=en","329","2026-10-06T19:23:43.222Z","Direct Detail URL: https://www.google.com/maps?cid=14154142641213989346","5",,,"false","The best tour I have ever had. Found the brochure in my hotel and the receptionist recommended. The tour guide Malik is very respectful and a lot knowledge on the tourist attractions places. Malik was very informative and explained in detail each and everything. Also recommended places to get souvenir with reasonable price. He even snapped beautiful pictures of me and was so patience. Truly recommended and please choose Dunes for your tour in Dubai and Abu Dhabi 💛💛💛",,"Dunes Discovery Tourism LLC","5",,"https://www.google.com/maps/search/?api=1&query=Dunes%20Discovery%20Tourism%20LLC&query_place_id=ChIJbWsIEIVEdEER4uHEhb2dbcQ",
,"1522201601161585131","Tour agency","Service establishment","Tour agency","14154142641213989346",,,"0x4174448510086b6d:0xc46d9dbd85c4e1e2",,"https://lh3.googleusercontent.com/grass-cs/AABkmLd2_d1tXdrlH6LWW10pygDnJzaUhEU7C7L75fvzbAv4OYkdlD4LwcGPTtfM0xX8prg6H7I6hKya8LF-YWUiDMb0s1vwi8onlMyPQGQGfLxxP-evkFPGc0oYiPA5qiJVrNSeoCE=w408-h261-k-no","false","false","/g/11vk63ds_v","en","0","24.3539913","53.9485752","Eyob Nesga",,"en","false","ChIJbWsIEIVEdEER4uHEhb2dbcQ",,,"3 months ago","2026-06-26T17:13:16.185Z",,"2026-08-01T17:39:49.000Z","Thank you 😇","Ci9DQUlRQUNvZENodHljRjlvT25kWlUzQktlRUpWWjNobFYxQnNaMFppUTBGNVlrRRAB",,,,,,,,,"Google","https://www.google.com/maps/reviews/data=!4m8!14m7!1m6!2m5!1sCi9DQUlRQUNvZENodHljRjlvT25kWlUzQktlRUpWWjNobFYxQnNaMFppUTBGNVlrRRAB!2m1!1s0x0:0xc46d9dbd85c4e1e2!3m1!1s2@1:CAIQACodChtycF9oOndZU3BKeEJVZ3hlV1BsZ0ZiQ0F5YkE%7C%7C?hl=en","105370127015937782955","3","https://lh3.googleusercontent.com/a/ACg8ocKjDBxI1Tm5ZpxkPVW4a1Zv6CNTyrEvkcAlYn4DtctxiJPFByY=s1920-c-rp-mo-br100","https://www.google.com/maps/contrib/105370127015937782955?hl=en","329","2026-10-06T19:23:43.222Z","Direct Detail URL: https://www.google.com/maps?cid=14154142641213989346","5",,,"false","Malik was an exceptional safari tour guide who made the entire experience unforgettable. From the beginning, he was friendly, professional, and incredibly knowledgeable about the wildlife, nature, and local culture. He ensured everyone felt safe and comfortable while sharing fascinating facts about everything we encountered. Malik’s enthusiasm, patience, and passion for his work truly stood out, and he went above and beyond to make sure every guest had an amazing experience. His excellent communication skills and warm personality created a fun and welcoming atmosphere throughout the tour. I highly recommend Malik to anyone looking for an outstanding and memorable safari adventure.",,"Dunes Discovery Tourism LLC","5",,"https://www.google.com/maps/search/?api=1&query=Dunes%20Discovery%20Tourism%20LLC&query_place_id=ChIJbWsIEIVEdEER4uHEhb2dbcQ",
,"1522201601161585131","Tour agency","Service establishment","Tour agency","14154142641213989346",,,"0x4174448510086b6d:0xc46d9dbd85c4e1e2",,"https://lh3.googleusercontent.com/grass-cs/AABkmLd2_d1tXdrlH6LWW10pygDnJzaUhEU7C7L75fvzbAv4OYkdlD4LwcGPTtfM0xX8prg6H7I6hKya8LF-YWUiDMb0s1vwi8onlMyPQGQGfLxxP-evkFPGc0oYiPA5qiJVrNSeoCE=w408-h261-k-no","false","false","/g/11vk63ds_v","en","0","24.3539913","53.9485752","Yisak sheleme N",,"en","false","ChIJbWsIEIVEdEER4uHEhb2dbcQ",,,"3 months ago","2026-06-26T17:10:52.361Z",,"2026-08-01T17:43:48.000Z","Thank you 😇","Ci9DQUlRQUNvZENodHljRjlvT2xOa2JuTndiMHM0TWtaZlJ6aEtlbkptUlRRMlZXYxAB",,,,,,,,,"Google","https://www.google.com/maps/reviews/data=!4m8!14m7!1m6!2m5!1sCi9DQUlRQUNvZENodHljRjlvT2xOa2JuTndiMHM0TWtaZlJ6aEtlbkptUlRRMlZXYxAB!2m1!1s0x0:0xc46d9dbd85c4e1e2!3m1!1s2@1:CAIQACodChtycF9oOlNkbnNwb0s4MkZfRzhKenJmRTQ2VWc%7C%7C?hl=en","115517811658834524133","4","https://lh3.googleusercontent.com/a-/ALV-UjUqqXw7oq5-G7c-teMSgA7Yr4HR2yiXgQ0a_iQnxTLoBubldxWb=s1920-c-rp-mo-br100","https://www.google.com/maps/contrib/115517811658834524133?hl=en","329","2026-10-06T19:23:43.222Z","Direct Detail URL: https://www.google.com/maps?cid=14154142641213989346","5",,,"false","It was a beautiful and unforgettable day with Malik as our tour guide",,"Dunes Discovery Tourism LLC","5",,"https://www.google.com/maps/search/?api=1&query=Dunes%20Discovery%20Tourism%20LLC&query_place_id=ChIJbWsIEIVEdEER4uHEhb2dbcQ",
,"1522201601161585131","Tour agency","Service establishment","Tour agency","14154142641213989346",,,"0x4174448510086b6d:0xc46d9dbd85c4e1e2",,"https://lh3.googleusercontent.com/grass-cs/AABkmLd2_d1tXdrlH6LWW10pygDnJzaUhEU7C7L75fvzbAv4OYkdlD4LwcGPTtfM0xX8prg6H7I6hKya8LF-YWUiDMb0s1vwi8onlMyPQGQGfLxxP-evkFPGc0oYiPA5qiJVrNSeoCE=w408-h261-k-no","false","false","/g/11vk63ds_v","en","0","24.3539913","53.9485752","Tarik KHODABACCUS",,"en","false","ChIJbWsIEIVEdEER4uHEhb2dbcQ",,,"3 months ago","2026-06-25T17:06:36.453Z",,"2026-08-01T17:43:59.000Z","Thank you 😇","Ci9DQUlRQUNvZENodHljRjlvT214bk1rRTRiMUJ1WlVWdFVYaEZPV3RKTTJsNVIwRRAB",,,,,,,,,"Google","https://www.google.com/maps/reviews/data=!4m8!14m7!1m6!2m5!1sCi9DQUlRQUNvZENodHljRjlvT214bk1rRTRiMUJ1WlVWdFVYaEZPV3RKTTJsNVIwRRAB!2m1!1s0x0:0xc46d9dbd85c4e1e2!3m1!1s2@1:CAIQACodChtycF9oOmxnMkE4b1BuZUVtUXhFOWtJM2l5R0E%7C%7C?hl=en","106563821482506523378","8","https://lh3.googleusercontent.com/a/ACg8ocITX5ErwOkLtDYcJh9vdLFBvssiC_7hTkm_3vXCPoYzn444bA=s1920-c-rp-mo-br100","https://www.google.com/maps/contrib/106563821482506523378?hl=en","329","2026-10-06T19:23:43.222Z","Direct Detail URL: https://www.google.com/maps?cid=14154142641213989346","5",,,"false","Very good expérience with Mister Shahbaz. Great desert expérience and full incluse.
You can go with him, you wont regret",,"Dunes Discovery Tourism LLC","5",,"https://www.google.com/maps/search/?api=1&query=Dunes%20Discovery%20Tourism%20LLC&query_place_id=ChIJbWsIEIVEdEER4uHEhb2dbcQ",
,"1522201601161585131","Tour agency","Service establishment","Tour agency","14154142641213989346",,,"0x4174448510086b6d:0xc46d9dbd85c4e1e2",,"https://lh3.googleusercontent.com/grass-cs/AABkmLd2_d1tXdrlH6LWW10pygDnJzaUhEU7C7L75fvzbAv4OYkdlD4LwcGPTtfM0xX8prg6H7I6hKya8LF-YWUiDMb0s1vwi8onlMyPQGQGfLxxP-evkFPGc0oYiPA5qiJVrNSeoCE=w408-h261-k-no","false","false","/g/11vk63ds_v","en","0","24.3539913","53.9485752","Maroko Makoroko",,"ru","false","ChIJbWsIEIVEdEER4uHEhb2dbcQ",,,"3 months ago","2026-06-25T16:18:47.396Z",,"2026-08-01T17:44:13.000Z","Thank you😇","Ci9DQUlRQUNvZENodHljRjlvT2xGTExXcG9hbFZvWkV4VGVHUlpNVk5wYUc5bWRuYxAB",,,,,,,,,"Google","https://www.google.com/maps/reviews/data=!4m8!14m7!1m6!2m5!1sCi9DQUlRQUNvZENodHljRjlvT2xGTExXcG9hbFZvWkV4VGVHUlpNVk5wYUc5bWRuYxAB!2m1!1s0x0:0xc46d9dbd85c4e1e2!3m1!1s2@1:CAIQACodChtycF9oOlFLLWpoalVoZExTeGRZMVNpaG9mdnc%7C%7C?hl=en","100614272112498433364","3","https://lh3.googleusercontent.com/a/ACg8ocIVNKCxKAH5IY4J-rpAM9WyzbK0ko-UjsR6Bx0D_qOIFJUIjUA=s1920-c-rp-mo-br100","https://www.google.com/maps/contrib/100614272112498433364?hl=en","329","2026-10-06T19:23:43.222Z","Direct Detail URL: https://www.google.com/maps?cid=14154142641213989346","5",,,"false","Все круто, весело покатали по дюнам, показали представления. Покормили !","Everything was great, we had a fun ride through the dunes, put on a show, and fed us!","Dunes Discovery Tourism LLC","5","en","https://www.google.com/maps/search/?api=1&query=Dunes%20Discovery%20Tourism%20LLC&query_place_id=ChIJbWsIEIVEdEER4uHEhb2dbcQ",
,"1522201601161585131","Tour agency","Service establishment","Tour agency","14154142641213989346",,,"0x4174448510086b6d:0xc46d9dbd85c4e1e2",,"https://lh3.googleusercontent.com/grass-cs/AABkmLd2_d1tXdrlH6LWW10pygDnJzaUhEU7C7L75fvzbAv4OYkdlD4LwcGPTtfM0xX8prg6H7I6hKya8LF-YWUiDMb0s1vwi8onlMyPQGQGfLxxP-evkFPGc0oYiPA5qiJVrNSeoCE=w408-h261-k-no","false","false","/g/11vk63ds_v","en","0","24.3539913","53.9485752","charles mariki",,,"false","ChIJbWsIEIVEdEER4uHEhb2dbcQ",,,"3 months ago","2026-06-20T13:51:28.268Z",,"2026-08-01T17:44:25.000Z","Thank you 😇","Ci9DQUlRQUNvZENodHljRjlvT2t4VFJIbDVRVmRITkZkQlVGSTRMV2RFUW5ac2MwRRAB","https://lh3.googleusercontent.com/grass-cs/ACvplmP5mFmRM0C0TQRPczoXAuzZhCj8a28A_uuFp7jOLzd-jleciJVQo0Hag0FyoyBLMfwLUiX9S3qP5kkKGoABCAIfpKOP2f7RRI87bPRC0omUF3wXmtUZcy85eFXyoST1hUnAI9v3i5OqFe0=k-no",,,,,,,,"Google","https://www.google.com/maps/reviews/data=!4m8!14m7!1m6!2m5!1sCi9DQUlRQUNvZENodHljRjlvT2t4VFJIbDVRVmRITkZkQlVGSTRMV2RFUW5ac2MwRRAB!2m1!1s0x0:0xc46d9dbd85c4e1e2!3m1!1s2@1:CAIQACodChtycF9oOkxTRHl5QVdHNFdBUFI4LWdEQnZsc0E%7C%7C?hl=en","110924329890402692590","2","https://lh3.googleusercontent.com/a/ACg8ocIEXVOp8sMpSSpzz4fsqwJ-Svtlq0_NPOZv39Y2vdD0lA-FIQ=s1920-c-rp-mo-br100","https://www.google.com/maps/contrib/110924329890402692590?hl=en","329","2026-10-06T19:23:43.222Z","Direct Detail URL: https://www.google.com/maps?cid=14154142641213989346","5",,,"false",,,"Dunes Discovery Tourism LLC","5",,"https://www.google.com/maps/search/?api=1&query=Dunes%20Discovery%20Tourism%20LLC&query_place_id=ChIJbWsIEIVEdEER4uHEhb2dbcQ",
,"1522201601161585131","Tour agency","Service establishment","Tour agency","14154142641213989346",,,"0x4174448510086b6d:0xc46d9dbd85c4e1e2",,"https://lh3.googleusercontent.com/grass-cs/AABkmLd2_d1tXdrlH6LWW10pygDnJzaUhEU7C7L75fvzbAv4OYkdlD4LwcGPTtfM0xX8prg6H7I6hKya8LF-YWUiDMb0s1vwi8onlMyPQGQGfLxxP-evkFPGc0oYiPA5qiJVrNSeoCE=w408-h261-k-no","false","false","/g/11vk63ds_v","en","0","24.3539913","53.9485752","Vimala V M",,"en","false","ChIJbWsIEIVEdEER4uHEhb2dbcQ",,,"3 months ago","2026-06-19T17:44:54.879Z",,"2026-08-01T17:44:35.000Z","Thank you 😇","Ci9DQUlRQUNvZENodHljRjlvT2paTFREVmlPVmx0VUZWaWFrSmFSbkJQTWpVNVlWRRAB",,,,,,,,,"Google","https://www.google.com/maps/reviews/data=!4m8!14m7!1m6!2m5!1sCi9DQUlRQUNvZENodHljRjlvT2paTFREVmlPVmx0VUZWaWFrSmFSbkJQTWpVNVlWRRAB!2m1!1s0x0:0xc46d9dbd85c4e1e2!3m1!1s2@1:CAIQACodChtycF9oOjZLTDViOVltUFViakJaRnBPMjU5YVE%7C%7C?hl=en","109389269298394373042","8","https://lh3.googleusercontent.com/a/ACg8ocLpVvetIG4xa7M7aYTbqy_j-j8VrjHh0kqpLEB2MBmg8iiDJQ=s1920-c-rp-mo-br100","https://www.google.com/maps/contrib/109389269298394373042?hl=en","329","2026-10-06T19:23:43.222Z","Direct Detail URL: https://www.google.com/maps?cid=14154142641213989346","5",,,"false","Desert Safari with Dunes was very good. Sand bashing and the camp was awesome. Food was too good and tasty with lots of variety. Enjoyed the show. Malik is a great guide. Very friendly and a good host. This is the second time we are going with Dunes for desert safari. And totally enjoyed the experience. Thank you Malik.",,"Dunes Discovery Tourism LLC","5",,"https://www.google.com/maps/search/?api=1&query=Dunes%20Discovery%20Tourism%20LLC&query_place_id=ChIJbWsIEIVEdEER4uHEhb2dbcQ",
,"1522201601161585131","Tour agency","Service establishment","Tour agency","14154142641213989346",,,"0x4174448510086b6d:0xc46d9dbd85c4e1e2",,"https://lh3.googleusercontent.com/grass-cs/AABkmLd2_d1tXdrlH6LWW10pygDnJzaUhEU7C7L75fvzbAv4OYkdlD4LwcGPTtfM0xX8prg6H7I6hKya8LF-YWUiDMb0s1vwi8onlMyPQGQGfLxxP-evkFPGc0oYiPA5qiJVrNSeoCE=w408-h261-k-no","false","true","/g/11vk63ds_v","en","0","24.3539913","53.9485752","Ma Sunny",,"en","false","ChIJbWsIEIVEdEER4uHEhb2dbcQ",,,"3 months ago","2026-06-19T17:35:38.000Z",,"2026-08-01T17:44:47.000Z","Thank you 😇","Ci9DQUlRQUNvZENodHljRjlvT2xReFIwZFdkR2RvTFVscmNIUm9hWEpvZDNaMVluYxAB",,,,,,,,,"Google","https://www.google.com/maps/reviews/data=!4m8!14m7!1m6!2m5!1sCi9DQUlRQUNvZENodHljRjlvT2xReFIwZFdkR2RvTFVscmNIUm9hWEpvZDNaMVluYxAB!2m1!1s0x0:0xc46d9dbd85c4e1e2!3m1!1s2@1:CAIQACodChtycF9oOlQxR0dWdGdoLUlrcHRoaXJod3Z1Ync%7C%7C?hl=en","110433003798698810461","11","https://lh3.googleusercontent.com/a-/ALV-UjUAxvrzo5evp48Yhlvcbyqn9VlLPxsmnuRuf70c7YBbG77ua7M=s1920-c-rp-mo-ba12-br100","https://www.google.com/maps/contrib/110433003798698810461?hl=en","329","2026-10-06T19:23:43.222Z","Direct Detail URL: https://www.google.com/maps?cid=14154142641213989346","5",,,"false","A lot of fun! Really enjoyed the experience. I’ll definitely come back. I highly recommend it!",,"Dunes Discovery Tourism LLC","5",,"https://www.google.com/maps/search/?api=1&query=Dunes%20Discovery%20Tourism%20LLC&query_place_id=ChIJbWsIEIVEdEER4uHEhb2dbcQ",
,"1522201601161585131","Tour agency","Service establishment","Tour agency","14154142641213989346",,,"0x4174448510086b6d:0xc46d9dbd85c4e1e2",,"https://lh3.googleusercontent.com/grass-cs/AABkmLd2_d1tXdrlH6LWW10pygDnJzaUhEU7C7L75fvzbAv4OYkdlD4LwcGPTtfM0xX8prg6H7I6hKya8LF-YWUiDMb0s1vwi8onlMyPQGQGfLxxP-evkFPGc0oYiPA5qiJVrNSeoCE=w408-h261-k-no","false","false","/g/11vk63ds_v","en","0","24.3539913","53.9485752","Dhanyata V",,"en","false","ChIJbWsIEIVEdEER4uHEhb2dbcQ",,,"3 months ago","2026-06-19T17:35:25.597Z",,"2026-08-01T17:44:56.000Z","Thank you 😇","Ci9DQUlRQUNvZENodHljRjlvT21SZlJEWm5kM2hTY0VSblVsRnlOMWwyZVU4d1VIYxAB",,,,,,,,,"Google","https://www.google.com/maps/reviews/data=!4m8!14m7!1m6!2m5!1sCi9DQUlRQUNvZENodHljRjlvT21SZlJEWm5kM2hTY0VSblVsRnlOMWwyZVU4d1VIYxAB!2m1!1s0x0:0xc46d9dbd85c4e1e2!3m1!1s2@1:CAIQACodChtycF9oOmRfRDZnd3hScERnUlFyN1l2eU8wUHc%7C%7C?hl=en","105495775158167349929","12","https://lh3.googleusercontent.com/a/ACg8ocJmyWxfZaoW8k93qWG_jGReGezEOaHx0gaQK5TzLXPIbws0c4c=s1920-c-rp-mo-br100","https://www.google.com/maps/contrib/105495775158167349929?hl=en","329","2026-10-06T19:23:43.222Z","Direct Detail URL: https://www.google.com/maps?cid=14154142641213989346","5",,,"false","Went for a desert safari with Zubair Malik Sir. it was a really good experience. we enjoyed a lot! you should definitely try it, it’ll be worth it.",,"Dunes Discovery Tourism LLC","5",,"https://www.google.com/maps/search/?api=1&query=Dunes%20Discovery%20Tourism%20LLC&query_place_id=ChIJbWsIEIVEdEER4uHEhb2dbcQ",
,"1522201601161585131","Tour agency","Service establishment","Tour agency","14154142641213989346",,,"0x4174448510086b6d:0xc46d9dbd85c4e1e2",,"https://lh3.googleusercontent.com/grass-cs/AABkmLd2_d1tXdrlH6LWW10pygDnJzaUhEU7C7L75fvzbAv4OYkdlD4LwcGPTtfM0xX8prg6H7I6hKya8LF-YWUiDMb0s1vwi8onlMyPQGQGfLxxP-evkFPGc0oYiPA5qiJVrNSeoCE=w408-h261-k-no","false","false","/g/11vk63ds_v","en","0","24.3539913","53.9485752","Madhumitha Venkatesh",,"en","false","ChIJbWsIEIVEdEER4uHEhb2dbcQ",,,"3 months ago","2026-06-19T17:34:26.709Z",,"2026-08-01T17:45:08.000Z","Thank you 😇","Ci9DQUlRQUNvZENodHljRjlvT21aWGMwNVBiMDVYWXpkM1lVOUVRMjlEWXpVMk5GRRAB",,,,,,,,,"Google","https://www.google.com/maps/reviews/data=!4m8!14m7!1m6!2m5!1sCi9DQUlRQUNvZENodHljRjlvT21aWGMwNVBiMDVYWXpkM1lVOUVRMjlEWXpVMk5GRRAB!2m1!1s0x0:0xc46d9dbd85c4e1e2!3m1!1s2@1:CAIQACodChtycF9oOmZXc05Pb05XYzd3YU9EQ29DYzU2NFE%7C%7C?hl=en","107018765505065508131","9","https://lh3.googleusercontent.com/a/ACg8ocISNqRkPSByYHqtDCMEkVkOyNiJNRh_0MQ61Ehxy79iMDWibkE=s1920-c-rp-mo-br100","https://www.google.com/maps/contrib/107018765505065508131?hl=en","329","2026-10-06T19:23:43.222Z","Direct Detail URL: https://www.google.com/maps?cid=14154142641213989346","5",,,"false","Malik sir was very good! He knew the best spots to take us to and gave us a very comfortable and safe experience. Very professional, yet so fun!",,"Dunes Discovery Tourism LLC","5",,"https://www.google.com/maps/search/?api=1&query=Dunes%20Discovery%20Tourism%20LLC&query_place_id=ChIJbWsIEIVEdEER4uHEhb2dbcQ",
,"1522201601161585131","Tour agency","Service establishment","Tour agency","14154142641213989346",,,"0x4174448510086b6d:0xc46d9dbd85c4e1e2",,"https://lh3.googleusercontent.com/grass-cs/AABkmLd2_d1tXdrlH6LWW10pygDnJzaUhEU7C7L75fvzbAv4OYkdlD4LwcGPTtfM0xX8prg6H7I6hKya8LF-YWUiDMb0s1vwi8onlMyPQGQGfLxxP-evkFPGc0oYiPA5qiJVrNSeoCE=w408-h261-k-no","false","false","/g/11vk63ds_v","en","0","24.3539913","53.9485752","VENKATESH N",,"en","false","ChIJbWsIEIVEdEER4uHEhb2dbcQ",,,"3 months ago","2026-06-19T17:30:53.904Z",,"2026-08-01T17:45:19.000Z","Thank you 😇","Ci9DQUlRQUNvZENodHljRjlvT25Gd1pXZFlUMGd5TFhKRFdXVnNjMWRpUVZoTVZXYxAB",,,,,,,,,"Google","https://www.google.com/maps/reviews/data=!4m8!14m7!1m6!2m5!1sCi9DQUlRQUNvZENodHljRjlvT25Gd1pXZFlUMGd5TFhKRFdXVnNjMWRpUVZoTVZXYxAB!2m1!1s0x0:0xc46d9dbd85c4e1e2!3m1!1s2@1:CAIQACodChtycF9oOnFwZWdYT0gyLXJDWWVsc1diQVhMVWc%7C%7C?hl=en","112770529156491397420","2","https://lh3.googleusercontent.com/a/ACg8ocLn3orKg5R_emgGspEiqT-3MHBUC4tqzdRl4DjDQddPZG-luQ=s1920-c-rp-mo-br100","https://www.google.com/maps/contrib/112770529156491397420?hl=en","329","2026-10-06T19:23:43.222Z","Direct Detail URL: https://www.google.com/maps?cid=14154142641213989346","5",,,"false","My family and I went to Desert Safari with Zubair Malik Sir. It was a adventurous experience. My kids really enjoyed it. Definitely recommend this!!!",,"Dunes Discovery Tourism LLC","5",,"https://www.google.com/maps/search/?api=1&query=Dunes%20Discovery%20Tourism%20LLC&query_place_id=ChIJbWsIEIVEdEER4uHEhb2dbcQ",
,"1522201601161585131","Tour agency","Service establishment","Tour agency","14154142641213989346",,,"0x4174448510086b6d:0xc46d9dbd85c4e1e2",,"https://lh3.googleusercontent.com/grass-cs/AABkmLd2_d1tXdrlH6LWW10pygDnJzaUhEU7C7L75fvzbAv4OYkdlD4LwcGPTtfM0xX8prg6H7I6hKya8LF-YWUiDMb0s1vwi8onlMyPQGQGfLxxP-evkFPGc0oYiPA5qiJVrNSeoCE=w408-h261-k-no","false","false","/g/11vk63ds_v","en","0","24.3539913","53.9485752","Sheryar Ali",,"en","false","ChIJbWsIEIVEdEER4uHEhb2dbcQ",,,"3 months ago","2026-06-10T18:16:14.361Z",,"2026-06-12T06:02:43.000Z","Thanks ","Ci9DQUlRQUNvZENodHljRjlvT2paSmFXWkpWak5DWTFjdGJuVTVaMUU1WkRsSk0wRRAB",,,,,,,,,"Google","https://www.google.com/maps/reviews/data=!4m8!14m7!1m6!2m5!1sCi9DQUlRQUNvZENodHljRjlvT2paSmFXWkpWak5DWTFjdGJuVTVaMUU1WkRsSk0wRRAB!2m1!1s0x0:0xc46d9dbd85c4e1e2!3m1!1s2@1:CAIQACodChtycF9oOjZJaWZJVjNCY1ctbnU5Z1E5ZDlJM0E%7C%7C?hl=en","106970307628315745586","1","https://lh3.googleusercontent.com/a-/ALV-UjWHFTcIqM4MW1JYJUn8pkqfSZ_gUnNWJpgchRGAMgsQCcSWbu4=s1920-c-rp-mo-br100","https://www.google.com/maps/contrib/106970307628315745586?hl=en","329","2026-10-06T19:23:43.222Z","Direct Detail URL: https://www.google.com/maps?cid=14154142641213989346","5",,,"false","Amazing experience",,"Dunes Discovery Tourism LLC","5",,"https://www.google.com/maps/search/?api=1&query=Dunes%20Discovery%20Tourism%20LLC&query_place_id=ChIJbWsIEIVEdEER4uHEhb2dbcQ",
,"1522201601161585131","Tour agency","Service establishment","Tour agency","14154142641213989346",,,"0x4174448510086b6d:0xc46d9dbd85c4e1e2",,"https://lh3.googleusercontent.com/grass-cs/AABkmLd2_d1tXdrlH6LWW10pygDnJzaUhEU7C7L75fvzbAv4OYkdlD4LwcGPTtfM0xX8prg6H7I6hKya8LF-YWUiDMb0s1vwi8onlMyPQGQGfLxxP-evkFPGc0oYiPA5qiJVrNSeoCE=w408-h261-k-no","false","false","/g/11vk63ds_v","en","0","24.3539913","53.9485752","main store",,"en","false","ChIJbWsIEIVEdEER4uHEhb2dbcQ",,,"4 months ago","2026-06-01T16:49:37.483Z",,"2026-08-01T17:45:34.000Z","Thanks 😇","Ci9DQUlRQUNvZENodHljRjlvT2s1Rk5HbFFZVUp6VkhSWkxWcFRjWGhUU1dGM01IYxAB",,,,,,,,,"Google","https://www.google.com/maps/reviews/data=!4m8!14m7!1m6!2m5!1sCi9DQUlRQUNvZENodHljRjlvT2s1Rk5HbFFZVUp6VkhSWkxWcFRjWGhUU1dGM01IYxAB!2m1!1s0x0:0xc46d9dbd85c4e1e2!3m1!1s2@1:CAIQACodChtycF9oOk5FNGlQYUJzVHRZLVpTcXhTSWF3MHc%7C%7C?hl=en","108622144491552419741","1","https://lh3.googleusercontent.com/a-/ALV-UjUBa3UYqsbRKbRXGpwdsXDzfPVPd45ir04egipppfvp1LmrRz-i=s1920-c-rp-mo-br100","https://www.google.com/maps/contrib/108622144491552419741?hl=en","329","2026-10-06T19:23:43.222Z","Direct Detail URL: https://www.google.com/maps?cid=14154142641213989346","5",,,"false","Amazing experience",,"Dunes Discovery Tourism LLC","5",,"https://www.google.com/maps/search/?api=1&query=Dunes%20Discovery%20Tourism%20LLC&query_place_id=ChIJbWsIEIVEdEER4uHEhb2dbcQ",
,"1522201601161585131","Tour agency","Service establishment","Tour agency","14154142641213989346",,,"0x4174448510086b6d:0xc46d9dbd85c4e1e2",,"https://lh3.googleusercontent.com/grass-cs/AABkmLd2_d1tXdrlH6LWW10pygDnJzaUhEU7C7L75fvzbAv4OYkdlD4LwcGPTtfM0xX8prg6H7I6hKya8LF-YWUiDMb0s1vwi8onlMyPQGQGfLxxP-evkFPGc0oYiPA5qiJVrNSeoCE=w408-h261-k-no","false","false","/g/11vk63ds_v","en","0","24.3539913","53.9485752","Tererai Useni",,"en","false","ChIJbWsIEIVEdEER4uHEhb2dbcQ",,,"4 months ago","2026-05-14T16:12:30.075Z",,"2026-05-15T01:33:24.000Z","Thanks ","Ci9DQUlRQUNvZENodHljRjlvT25SV2NUZFJMV1pOYnkxSmJHUkljelJ6TFMxZk9YYxAB",,,,,,,,,"Google","https://www.google.com/maps/reviews/data=!4m8!14m7!1m6!2m5!1sCi9DQUlRQUNvZENodHljRjlvT25SV2NUZFJMV1pOYnkxSmJHUkljelJ6TFMxZk9YYxAB!2m1!1s0x0:0xc46d9dbd85c4e1e2!3m1!1s2@1:CAIQACodChtycF9oOnRWcTdRLWZNby1JbGRIczRzLS1fOXc%7C%7C?hl=en","114373760907135988386","1","https://lh3.googleusercontent.com/a-/ALV-UjWUdGVEdHR-pbDklIYifDvezo6NbClBIfukonGlA8xAH4jd4AAu=s1920-c-rp-mo-br100","https://www.google.com/maps/contrib/114373760907135988386?hl=en","329","2026-10-06T19:23:43.222Z","Direct Detail URL: https://www.google.com/maps?cid=14154142641213989346","5",,,"false","Excellent service from Malik Awan",,"Dunes Discovery Tourism LLC","5",,"https://www.google.com/maps/search/?api=1&query=Dunes%20Discovery%20Tourism%20LLC&query_place_id=ChIJbWsIEIVEdEER4uHEhb2dbcQ",
,"1522201601161585131","Tour agency","Service establishment","Tour agency","14154142641213989346",,,"0x4174448510086b6d:0xc46d9dbd85c4e1e2",,"https://lh3.googleusercontent.com/grass-cs/AABkmLd2_d1tXdrlH6LWW10pygDnJzaUhEU7C7L75fvzbAv4OYkdlD4LwcGPTtfM0xX8prg6H7I6hKya8LF-YWUiDMb0s1vwi8onlMyPQGQGfLxxP-evkFPGc0oYiPA5qiJVrNSeoCE=w408-h261-k-no","false","false","/g/11vk63ds_v","en","0","24.3539913","53.9485752","Joram Tafirenyika",,"en","false","ChIJbWsIEIVEdEER4uHEhb2dbcQ",,,"4 months ago","2026-05-14T16:08:04.147Z",,"2026-05-14T16:18:05.000Z","Thanks 🙏 ","Ci9DQUlRQUNvZENodHljRjlvT2xSTk1UVXlaMlY0TUdWSFpETkdkMTlLVW5KSGFuYxAB",,,,,,,,,"Google","https://www.google.com/maps/reviews/data=!4m8!14m7!1m6!2m5!1sCi9DQUlRQUNvZENodHljRjlvT2xSTk1UVXlaMlY0TUdWSFpETkdkMTlLVW5KSGFuYxAB!2m1!1s0x0:0xc46d9dbd85c4e1e2!3m1!1s2@1:CAIQACodChtycF9oOlRNMTUyZ2V4MGVHZDNGd19KUnJHanc%7C%7C?hl=en","103117225710995463497","16","https://lh3.googleusercontent.com/a-/ALV-UjUwwQaiSwy73aRv0yywr3KQlHLdSknC11RgHlcSg_vsZ6LKA4dM0w=s1920-c-rp-mo-br100","https://www.google.com/maps/contrib/103117225710995463497?hl=en","329","2026-10-06T19:23:43.222Z","Direct Detail URL: https://www.google.com/maps?cid=14154142641213989346","5",,,"false","Super service from Malik",,"Dunes Discovery Tourism LLC","5",,"https://www.google.com/maps/search/?api=1&query=Dunes%20Discovery%20Tourism%20LLC&query_place_id=ChIJbWsIEIVEdEER4uHEhb2dbcQ",
,"1522201601161585131","Tour agency","Service establishment","Tour agency","14154142641213989346",,,"0x4174448510086b6d:0xc46d9dbd85c4e1e2",,"https://lh3.googleusercontent.com/grass-cs/AABkmLd2_d1tXdrlH6LWW10pygDnJzaUhEU7C7L75fvzbAv4OYkdlD4LwcGPTtfM0xX8prg6H7I6hKya8LF-YWUiDMb0s1vwi8onlMyPQGQGfLxxP-evkFPGc0oYiPA5qiJVrNSeoCE=w408-h261-k-no","false","false","/g/11vk63ds_v","en","0","24.3539913","53.9485752","Nayel Ranaivoson",,"fr","false","ChIJbWsIEIVEdEER4uHEhb2dbcQ",,,"4 months ago","2026-05-13T16:59:37.882Z",,"2026-08-01T17:45:49.000Z","Thanks 😇","Ci9DQUlRQUNvZENodHljRjlvT210RVVtWlFkMXBCU1ZSd2JuaGhRMlo1VTJGTlZYYxAB",,,,,,,,,"Google","https://www.google.com/maps/reviews/data=!4m8!14m7!1m6!2m5!1sCi9DQUlRQUNvZENodHljRjlvT210RVVtWlFkMXBCU1ZSd2JuaGhRMlo1VTJGTlZYYxAB!2m1!1s0x0:0xc46d9dbd85c4e1e2!3m1!1s2@1:CAIQACodChtycF9oOmtEUmZQd1pBSVRwbnhhQ2Z5U2FNVXc%7C%7C?hl=en","110809613936643952606","1","https://lh3.googleusercontent.com/a/ACg8ocJQiraFJXiPAIWE_Jv6s7eMRrUfqkJx24joZqO33mVy8S9q=s1920-c-rp-mo-br100","https://www.google.com/maps/contrib/110809613936643952606?hl=en","329","2026-10-06T19:23:43.222Z","Direct Detail URL: https://www.google.com/maps?cid=14154142641213989346","5",,,"false","Very good accident expérience","Very good accident experience","Dunes Discovery Tourism LLC","5","en","https://www.google.com/maps/search/?api=1&query=Dunes%20Discovery%20Tourism%20LLC&query_place_id=ChIJbWsIEIVEdEER4uHEhb2dbcQ",
,"1522201601161585131","Tour agency","Service establishment","Tour agency","14154142641213989346",,,"0x4174448510086b6d:0xc46d9dbd85c4e1e2",,"https://lh3.googleusercontent.com/grass-cs/AABkmLd2_d1tXdrlH6LWW10pygDnJzaUhEU7C7L75fvzbAv4OYkdlD4LwcGPTtfM0xX8prg6H7I6hKya8LF-YWUiDMb0s1vwi8onlMyPQGQGfLxxP-evkFPGc0oYiPA5qiJVrNSeoCE=w408-h261-k-no","false","false","/g/11vk63ds_v","en","0","24.3539913","53.9485752","NALUGOOTI GRACE",,,"false","ChIJbWsIEIVEdEER4uHEhb2dbcQ",,,"4 months ago","2026-05-13T16:52:17.040Z",,"2026-08-01T17:45:58.000Z","Thank you 😇","Ci9DQUlRQUNvZENodHljRjlvT25WQlYxVmxVM1J3TVRWVlRXaDJOVTVwYkRONVNrRRAB",,,,,,,,,"Google","https://www.google.com/maps/reviews/data=!4m8!14m7!1m6!2m5!1sCi9DQUlRQUNvZENodHljRjlvT25WQlYxVmxVM1J3TVRWVlRXaDJOVTVwYkRONVNrRRAB!2m1!1s0x0:0xc46d9dbd85c4e1e2!3m1!1s2@1:CAIQACodChtycF9oOnVBV1VlU3RwMTVVTWh2NU5pbDN5SkE%7C%7C?hl=en","102729382099576536500","1","https://lh3.googleusercontent.com/a/ACg8ocJoMP1q3ijnuiSKy9N1A-dAlOPyXKryJ5pcBDYjR-owepTdpw=s1920-c-rp-mo-br100","https://www.google.com/maps/contrib/102729382099576536500?hl=en","329","2026-10-06T19:23:43.222Z","Direct Detail URL: https://www.google.com/maps?cid=14154142641213989346","5",,,"false",,,"Dunes Discovery Tourism LLC","5",,"https://www.google.com/maps/search/?api=1&query=Dunes%20Discovery%20Tourism%20LLC&query_place_id=ChIJbWsIEIVEdEER4uHEhb2dbcQ",
,"1522201601161585131","Tour agency","Service establishment","Tour agency","14154142641213989346",,,"0x4174448510086b6d:0xc46d9dbd85c4e1e2",,"https://lh3.googleusercontent.com/grass-cs/AABkmLd2_d1tXdrlH6LWW10pygDnJzaUhEU7C7L75fvzbAv4OYkdlD4LwcGPTtfM0xX8prg6H7I6hKya8LF-YWUiDMb0s1vwi8onlMyPQGQGfLxxP-evkFPGc0oYiPA5qiJVrNSeoCE=w408-h261-k-no","false","false","/g/11vk63ds_v","en","0","24.3539913","53.9485752","Idealy Mandresy RASOLOFO",,"en","false","ChIJbWsIEIVEdEER4uHEhb2dbcQ",,,"4 months ago","2026-05-13T16:45:11.140Z",,"2026-08-01T17:46:08.000Z","Thank you 😇","Ci9DQUlRQUNvZENodHljRjlvT2pBMGVETnNjVTV0YW1OcVZEWlllVEEyUTJkTU1VRRAB",,,,,,,,,"Google","https://www.google.com/maps/reviews/data=!4m8!14m7!1m6!2m5!1sCi9DQUlRQUNvZENodHljRjlvT2pBMGVETnNjVTV0YW1OcVZEWlllVEEyUTJkTU1VRRAB!2m1!1s0x0:0xc46d9dbd85c4e1e2!3m1!1s2@1:CAIQACodChtycF9oOjA0eDNscU5tamNqVDZYeTA2Q2dMMUE%7C%7C?hl=en","114161238992378026571","1","https://lh3.googleusercontent.com/a-/ALV-UjVUr0lefPzAVxAHF9Y_6JcA1ZOF5KdRHvY-r9bFz7xnZcKaWaml=s1920-c-rp-mo-br100","https://www.google.com/maps/contrib/114161238992378026571?hl=en","329","2026-10-06T19:23:43.222Z","Direct Detail URL: https://www.google.com/maps?cid=14154142641213989346","5",,,"false","⭐⭐⭐⭐⭐

Amazing experience with the company! Very professional drivers, on-time service, and excellent customer care. The whole tour was well organized and smooth from pickup to drop-off. The driver was very friendly, respectful, and made our trip really enjoyable. Highly recommended for desert safari and Dubai tours. Thank you for the great service!",,"Dunes Discovery Tourism LLC","5",,"https://www.google.com/maps/search/?api=1&query=Dunes%20Discovery%20Tourism%20LLC&query_place_id=ChIJbWsIEIVEdEER4uHEhb2dbcQ",
,"1522201601161585131","Tour agency","Service establishment","Tour agency","14154142641213989346",,,"0x4174448510086b6d:0xc46d9dbd85c4e1e2",,"https://lh3.googleusercontent.com/grass-cs/AABkmLd2_d1tXdrlH6LWW10pygDnJzaUhEU7C7L75fvzbAv4OYkdlD4LwcGPTtfM0xX8prg6H7I6hKya8LF-YWUiDMb0s1vwi8onlMyPQGQGfLxxP-evkFPGc0oYiPA5qiJVrNSeoCE=w408-h261-k-no","false","false","/g/11vk63ds_v","en","0","24.3539913","53.9485752","Priyanka Shukla",,"en","false","ChIJbWsIEIVEdEER4uHEhb2dbcQ",,,"5 months ago","2026-05-02T16:31:08.655Z",,"2026-05-03T08:49:25.000Z","Thanks 🙏 ","Ci9DQUlRQUNvZENodHljRjlvT2tsVGRESmhWREYyTkMxRWVuTm1MVmhYVW5odldXYxAB",,,,,,,,,"Google","https://www.google.com/maps/reviews/data=!4m8!14m7!1m6!2m5!1sCi9DQUlRQUNvZENodHljRjlvT2tsVGRESmhWREYyTkMxRWVuTm1MVmhYVW5odldXYxAB!2m1!1s0x0:0xc46d9dbd85c4e1e2!3m1!1s2@1:CAIQACodChtycF9oOklTdDJhVDF2NC1EenNmLVhXUnhvWWc%7C%7C?hl=en","102089577707262017912","8","https://lh3.googleusercontent.com/a-/ALV-UjWMBzTp-8xX-9bfSZ6AwHolskzzioL3gCB3zc9YppIkZRiQhpW-=s1920-c-rp-mo-br100","https://www.google.com/maps/contrib/102089577707262017912?hl=en","329","2026-10-06T19:23:43.222Z","Direct Detail URL: https://www.google.com/maps?cid=14154142641213989346","5",,,"false","We had such a wonderful experience with Dune Discovery and our guide Malik.. he described every detail very nicely and very polite behaviour.. we recommend for all tourists..",,"Dunes Discovery Tourism LLC","5",,"https://www.google.com/maps/search/?api=1&query=Dunes%20Discovery%20Tourism%20LLC&query_place_id=ChIJbWsIEIVEdEER4uHEhb2dbcQ",
,"1522201601161585131","Tour agency","Service establishment","Tour agency","14154142641213989346",,,"0x4174448510086b6d:0xc46d9dbd85c4e1e2",,"https://lh3.googleusercontent.com/grass-cs/AABkmLd2_d1tXdrlH6LWW10pygDnJzaUhEU7C7L75fvzbAv4OYkdlD4LwcGPTtfM0xX8prg6H7I6hKya8LF-YWUiDMb0s1vwi8onlMyPQGQGfLxxP-evkFPGc0oYiPA5qiJVrNSeoCE=w408-h261-k-no","false","false","/g/11vk63ds_v","en","0","24.3539913","53.9485752","Rishabh Kantiya",,"en","false","ChIJbWsIEIVEdEER4uHEhb2dbcQ",,,"5 months ago","2026-05-02T16:28:30.187Z",,"2026-05-03T08:49:37.000Z","Thanks 🙏 ","Ci9DQUlRQUNvZENodHljRjlvT2w5dE1rUklXRzVtYUc1QmVHRXpia3MxY1ZwRVJYYxAB","https://lh3.googleusercontent.com/grass-cs/ACvplmN-6LuM1-ZTzk_83BpBkY3wl52odrZf6mzkWngROOcceF41YBl1BBbGdUseJvusxXztQyYFz0wliu2uf2UVioKWpWGzfhV2418n_Nf2aELXJYPL8fQG_MjBJio1HEaSDRdaavE9ZVnTDr7D=k-no",,,,,,,,"Google","https://www.google.com/maps/reviews/data=!4m8!14m7!1m6!2m5!1sCi9DQUlRQUNvZENodHljRjlvT2w5dE1rUklXRzVtYUc1QmVHRXpia3MxY1ZwRVJYYxAB!2m1!1s0x0:0xc46d9dbd85c4e1e2!3m1!1s2@1:CAIQACodChtycF9oOl9tMkRIWG5maG5BeGEzbks1cVpERXc%7C%7C?hl=en","104458474989394548305","4","https://lh3.googleusercontent.com/a-/ALV-UjWkF2lYi29w222OUvRF5VIlUNGLMlcw5M3O0xD7JUAuE4yhNhoh=s1920-c-rp-mo-br100","https://www.google.com/maps/contrib/104458474989394548305?hl=en","329","2026-10-06T19:23:43.222Z","Direct Detail URL: https://www.google.com/maps?cid=14154142641213989346","5",,,"false","It was an absolutely amazing experience at Dune Discovery, Dubai! From start to finish, everything was perfectly organized. The desert safari was thrilling especially the dune bashing and sunset views, which were truly unforgettable.
The staff was very professional, friendly, and made sure everything was smooth and comfortable. The camp experience was also top-notch with great food, entertainment, and a luxurious vibe.
Everything felt worth ithighly recommended for anyone visiting Dubai. Definitely a 5-star experience!",,"Dunes Discovery Tourism LLC","5",,"https://www.google.com/maps/search/?api=1&query=Dunes%20Discovery%20Tourism%20LLC&query_place_id=ChIJbWsIEIVEdEER4uHEhb2dbcQ",
,"1522201601161585131","Tour agency","Service establishment","Tour agency","14154142641213989346",,,"0x4174448510086b6d:0xc46d9dbd85c4e1e2",,"https://lh3.googleusercontent.com/grass-cs/AABkmLd2_d1tXdrlH6LWW10pygDnJzaUhEU7C7L75fvzbAv4OYkdlD4LwcGPTtfM0xX8prg6H7I6hKya8LF-YWUiDMb0s1vwi8onlMyPQGQGfLxxP-evkFPGc0oYiPA5qiJVrNSeoCE=w408-h261-k-no","false","false","/g/11vk63ds_v","en","0","24.3539913","53.9485752","Kxng_x1EyZ",,"en","false","ChIJbWsIEIVEdEER4uHEhb2dbcQ",,,"6 months ago","2026-03-17T15:55:53.888Z",,"2026-05-03T08:49:46.000Z","Thanks 🙏 ","Ci9DQUlRQUNvZENodHljRjlvT2t0cE4wZzNiM2t4V2tkck1WUnJTemhIVGpaMVNXYxAB",,,,,,,,,"Google","https://www.google.com/maps/reviews/data=!4m8!14m7!1m6!2m5!1sCi9DQUlRQUNvZENodHljRjlvT2t0cE4wZzNiM2t4V2tkck1WUnJTemhIVGpaMVNXYxAB!2m1!1s0x0:0xc46d9dbd85c4e1e2!3m1!1s2@1:CAIQACodChtycF9oOktpN0g3b3kxWkdrMVRrSzhHTjZ1SWc%7C%7C?hl=en","116186826139751016466","2","https://lh3.googleusercontent.com/a/ACg8ocJXurAmtdwB8PRhewPw7jH1adYYBysmpDW8SkZcL90EC_hghA=s1920-c-rp-mo-br100","https://www.google.com/maps/contrib/116186826139751016466?hl=en","329","2026-10-06T19:23:43.222Z","Direct Detail URL: https://www.google.com/maps?cid=14154142641213989346","5",,,"false","Malik provided a perfect experience across the day, entertaining and touring us around Dubai aswell as giving us great customer service. We’d definitely come back",,"Dunes Discovery Tourism LLC","5",,"https://www.google.com/maps/search/?api=1&query=Dunes%20Discovery%20Tourism%20LLC&query_place_id=ChIJbWsIEIVEdEER4uHEhb2dbcQ",
,"1522201601161585131","Tour agency","Service establishment","Tour agency","14154142641213989346",,,"0x4174448510086b6d:0xc46d9dbd85c4e1e2",,"https://lh3.googleusercontent.com/grass-cs/AABkmLd2_d1tXdrlH6LWW10pygDnJzaUhEU7C7L75fvzbAv4OYkdlD4LwcGPTtfM0xX8prg6H7I6hKya8LF-YWUiDMb0s1vwi8onlMyPQGQGfLxxP-evkFPGc0oYiPA5qiJVrNSeoCE=w408-h261-k-no","false","false","/g/11vk63ds_v","en","0","24.3539913","53.9485752","Rahul wagh",,"en","false","ChIJbWsIEIVEdEER4uHEhb2dbcQ",,,"6 months ago","2026-03-14T12:55:35.073Z",,"2026-05-03T08:49:55.000Z","Thanks 🙏 ","Ci9DQUlRQUNvZENodHljRjlvT2pWVlVUWk9hV3hEVm1SMlpGSk1kazF3UTNrMmEzYxAB",,,,,,,,,"Google","https://www.google.com/maps/reviews/data=!4m8!14m7!1m6!2m5!1sCi9DQUlRQUNvZENodHljRjlvT2pWVlVUWk9hV3hEVm1SMlpGSk1kazF3UTNrMmEzYxAB!2m1!1s0x0:0xc46d9dbd85c4e1e2!3m1!1s2@1:CAIQACodChtycF9oOjVVUTZOaWxDVmR2ZFJMdk1wQ3k2a3c%7C%7C?hl=en","112126951633272827804","6","https://lh3.googleusercontent.com/a-/ALV-UjV09kJ2bmjuAoprU3sZDKTthDAoJY9lhdUas77iovtnShFtAqU=s1920-c-rp-mo-br100","https://www.google.com/maps/contrib/112126951633272827804?hl=en","329","2026-10-06T19:23:43.222Z","Direct Detail URL: https://www.google.com/maps?cid=14154142641213989346","5",,,"false","It's was outstanding 😁😁 we are very enjoying first time but was great experience. Malik Bhai was very helpful. If you want come please try DUNES DISCOVERY treet like family. Thank you so much for good service hope so we see you soon....",,"Dunes Discovery Tourism LLC","5",,"https://www.google.com/maps/search/?api=1&query=Dunes%20Discovery%20Tourism%20LLC&query_place_id=ChIJbWsIEIVEdEER4uHEhb2dbcQ",
,"1522201601161585131","Tour agency","Service establishment","Tour agency","14154142641213989346",,,"0x4174448510086b6d:0xc46d9dbd85c4e1e2",,"https://lh3.googleusercontent.com/grass-cs/AABkmLd2_d1tXdrlH6LWW10pygDnJzaUhEU7C7L75fvzbAv4OYkdlD4LwcGPTtfM0xX8prg6H7I6hKya8LF-YWUiDMb0s1vwi8onlMyPQGQGfLxxP-evkFPGc0oYiPA5qiJVrNSeoCE=w408-h261-k-no","false","false","/g/11vk63ds_v","en","0","24.3539913","53.9485752","rasley carvalho",,"en","false","ChIJbWsIEIVEdEER4uHEhb2dbcQ",,,"6 months ago","2026-03-14T12:52:02.481Z",,"2026-05-03T08:50:04.000Z","Thanks 🙏 ","Ci9DQUlRQUNvZENodHljRjlvT21SVGMzUTBlV2xPT0doWVVXRlFVREpSWTFCaVJrRRAB",,,,,,,,,"Google","https://www.google.com/maps/reviews/data=!4m8!14m7!1m6!2m5!1sCi9DQUlRQUNvZENodHljRjlvT21SVGMzUTBlV2xPT0doWVVXRlFVREpSWTFCaVJrRRAB!2m1!1s0x0:0xc46d9dbd85c4e1e2!3m1!1s2@1:CAIQACodChtycF9oOmRTc3Q0eWlOOGhYUWFQUDJRY1BiRkE%7C%7C?hl=en","102108314166521221350","2","https://lh3.googleusercontent.com/a-/ALV-UjVH6DVj5XxaxZVxKIkjykK_lzOlVeFw8slEWB4pN9acmXv2LM8=s1920-c-rp-mo-br100","https://www.google.com/maps/contrib/102108314166521221350?hl=en","329","2026-10-06T19:23:43.222Z","Direct Detail URL: https://www.google.com/maps?cid=14154142641213989346","5",,,"false","Wonderful experience..had fun with buddys and made memories.. #dunesdiscovery tourism LLC.
Book your safari",,"Dunes Discovery Tourism LLC","5",,"https://www.google.com/maps/search/?api=1&query=Dunes%20Discovery%20Tourism%20LLC&query_place_id=ChIJbWsIEIVEdEER4uHEhb2dbcQ",
,"1522201601161585131","Tour agency","Service establishment","Tour agency","14154142641213989346",,,"0x4174448510086b6d:0xc46d9dbd85c4e1e2",,"https://lh3.googleusercontent.com/grass-cs/AABkmLd2_d1tXdrlH6LWW10pygDnJzaUhEU7C7L75fvzbAv4OYkdlD4LwcGPTtfM0xX8prg6H7I6hKya8LF-YWUiDMb0s1vwi8onlMyPQGQGfLxxP-evkFPGc0oYiPA5qiJVrNSeoCE=w408-h261-k-no","false","false","/g/11vk63ds_v","en","0","24.3539913","53.9485752","preetham padmashali",,"en","false","ChIJbWsIEIVEdEER4uHEhb2dbcQ",,,"6 months ago","2026-03-14T12:50:13.048Z",,"2026-05-03T08:50:12.000Z","Thanks 🙏 ","Ci9DQUlRQUNvZENodHljRjlvT2tSSVVEazFaa1o1WTE5NlRtSTNWVk5VZG5seFJtYxAB",,,,,,,,,"Google","https://www.google.com/maps/reviews/data=!4m8!14m7!1m6!2m5!1sCi9DQUlRQUNvZENodHljRjlvT2tSSVVEazFaa1o1WTE5NlRtSTNWVk5VZG5seFJtYxAB!2m1!1s0x0:0xc46d9dbd85c4e1e2!3m1!1s2@1:CAIQACodChtycF9oOkRIUDk1ZkZ5Y196TmI3VVNUdnlxRmc%7C%7C?hl=en","112577960713138048183","15","https://lh3.googleusercontent.com/a-/ALV-UjUHhGxpA877oFXNMN-STIxcFnfdeN5LtUOH7l5xT-LjjXyEzZZq=s1920-c-rp-mo-br100","https://www.google.com/maps/contrib/112577960713138048183?hl=en","329","2026-10-06T19:23:43.222Z","Direct Detail URL: https://www.google.com/maps?cid=14154142641213989346","5",,,"false","I had an amazing experience with Dune Discovery Tourism! The desert safari was perfectly organized and truly unforgettable. The camel ride was peaceful and gave us a beautiful view of the desert landscape. The sand dune bashing was the highlight of the trip – the driver was very skilled, making the ride thrilling yet safe. The desert car ride across the dunes was exciting and full of fun.
Mr Malik was professional, friendly, and made sure everyone was comfortable throughout the tour. If you’re visiting Dubai and want a real desert adventure, I highly recommend Dune Discovery Tourism for an incredible experience!",,"Dunes Discovery Tourism LLC","5",,"https://www.google.com/maps/search/?api=1&query=Dunes%20Discovery%20Tourism%20LLC&query_place_id=ChIJbWsIEIVEdEER4uHEhb2dbcQ",
,"1522201601161585131","Tour agency","Service establishment","Tour agency","14154142641213989346",,,"0x4174448510086b6d:0xc46d9dbd85c4e1e2",,"https://lh3.googleusercontent.com/grass-cs/AABkmLd2_d1tXdrlH6LWW10pygDnJzaUhEU7C7L75fvzbAv4OYkdlD4LwcGPTtfM0xX8prg6H7I6hKya8LF-YWUiDMb0s1vwi8onlMyPQGQGfLxxP-evkFPGc0oYiPA5qiJVrNSeoCE=w408-h261-k-no","false","false","/g/11vk63ds_v","en","0","24.3539913","53.9485752","Rajan Tarkar",,"en","false","ChIJbWsIEIVEdEER4uHEhb2dbcQ",,,"6 months ago","2026-03-14T12:50:04.149Z",,"2026-05-03T08:50:20.000Z","Thanks 🙏 ","Ci9DQUlRQUNvZENodHljRjlvT2pKWmNIWlVkMlpVV21GWFNuWTRVVnBZVmtkaU1HYxAB",,,,,,,,,"Google","https://www.google.com/maps/reviews/data=!4m8!14m7!1m6!2m5!1sCi9DQUlRQUNvZENodHljRjlvT2pKWmNIWlVkMlpVV21GWFNuWTRVVnBZVmtkaU1HYxAB!2m1!1s0x0:0xc46d9dbd85c4e1e2!3m1!1s2@1:CAIQACodChtycF9oOjJZcHZUd2ZUWmFXSnY4UVpYVkdiMGc%7C%7C?hl=en","109304628781166544990","2","https://lh3.googleusercontent.com/a-/ALV-UjUqD9AYqONgXtL5ykMd7Wh_GEbzygg1RHT8xlTnevoX3XKjLMemtQ=s1920-c-rp-mo-br100","https://www.google.com/maps/contrib/109304628781166544990?hl=en","329","2026-10-06T19:23:43.222Z","Direct Detail URL: https://www.google.com/maps?cid=14154142641213989346","5",,,"false","Dunes discovery tourism was awesome malik was nice tour guide",,"Dunes Discovery Tourism LLC","5",,"https://www.google.com/maps/search/?api=1&query=Dunes%20Discovery%20Tourism%20LLC&query_place_id=ChIJbWsIEIVEdEER4uHEhb2dbcQ",
,"1522201601161585131","Tour agency","Service establishment","Tour agency","14154142641213989346",,,"0x4174448510086b6d:0xc46d9dbd85c4e1e2",,"https://lh3.googleusercontent.com/grass-cs/AABkmLd2_d1tXdrlH6LWW10pygDnJzaUhEU7C7L75fvzbAv4OYkdlD4LwcGPTtfM0xX8prg6H7I6hKya8LF-YWUiDMb0s1vwi8onlMyPQGQGfLxxP-evkFPGc0oYiPA5qiJVrNSeoCE=w408-h261-k-no","false","false","/g/11vk63ds_v","en","0","24.3539913","53.9485752","lackson lucky",,"en","false","ChIJbWsIEIVEdEER4uHEhb2dbcQ",,,"6 months ago","2026-03-14T12:49:13.182Z",,"2026-05-03T08:50:39.000Z","Thanks 🙏 ","Ci9DQUlRQUNvZENodHljRjlvT214SldISnZhbXRZVXpKcGNUaENSVlF5ZUVNMWVtYxAB",,,,,,,,,"Google","https://www.google.com/maps/reviews/data=!4m8!14m7!1m6!2m5!1sCi9DQUlRQUNvZENodHljRjlvT214SldISnZhbXRZVXpKcGNUaENSVlF5ZUVNMWVtYxAB!2m1!1s0x0:0xc46d9dbd85c4e1e2!3m1!1s2@1:CAIQACodChtycF9oOmxJWHJvamtYUzJpcThCRVQyeEM1emc%7C%7C?hl=en","111456851542361008516","3","https://lh3.googleusercontent.com/a/ACg8ocKXsFAVpzhbQh2QOrfqPteubz3DJRGnZeCmKoFsmhR02_uAgw=s1920-c-rp-mo-br100","https://www.google.com/maps/contrib/111456851542361008516?hl=en","329","2026-10-06T19:23:43.222Z","Direct Detail URL: https://www.google.com/maps?cid=14154142641213989346","5",,,"false","It was good experience with Mr Malik and we had a wonderful day really appreciated work by Mr Malik",,"Dunes Discovery Tourism LLC","5",,"https://www.google.com/maps/search/?api=1&query=Dunes%20Discovery%20Tourism%20LLC&query_place_id=ChIJbWsIEIVEdEER4uHEhb2dbcQ",
,"1522201601161585131","Tour agency","Service establishment","Tour agency","14154142641213989346",,,"0x4174448510086b6d:0xc46d9dbd85c4e1e2",,"https://lh3.googleusercontent.com/grass-cs/AABkmLd2_d1tXdrlH6LWW10pygDnJzaUhEU7C7L75fvzbAv4OYkdlD4LwcGPTtfM0xX8prg6H7I6hKya8LF-YWUiDMb0s1vwi8onlMyPQGQGfLxxP-evkFPGc0oYiPA5qiJVrNSeoCE=w408-h261-k-no","false","false","/g/11vk63ds_v","en","0","24.3539913","53.9485752","joyce carbonell",,"en","false","ChIJbWsIEIVEdEER4uHEhb2dbcQ",,,"7 months ago","2026-03-06T16:21:10.795Z",,"2026-03-06T19:34:20.000Z","Thanks 🥰","Ci9DQUlRQUNvZENodHljRjlvT21wTllUQjFOMDk0ZUZZMlEwZG1ORUptU1U5NmRXYxAB","https://lh3.googleusercontent.com/grass-cs/ACvplmPhKQf2PIcd115_SoMwGKpulF7cO-hTrGI-MnCrFWD4nTqLQnZtfPs-TBcHmDubY6Tgu6IsJe_H-l-tLydVoIaucHKu_DVGACCLw3dlf6hkA4d_Upr-Z-_P1avsh0QPVL5Eaw1r89cHHuKZ=k-no",,,,,,,,"Google","https://www.google.com/maps/reviews/data=!4m8!14m7!1m6!2m5!1sCi9DQUlRQUNvZENodHljRjlvT21wTllUQjFOMDk0ZUZZMlEwZG1ORUptU1U5NmRXYxAB!2m1!1s0x0:0xc46d9dbd85c4e1e2!3m1!1s2@1:CAIQACodChtycF9oOmpNYTB1N094eFY2Q0dmNEJmSU96dWc%7C%7C?hl=en","113398266292199649197","1","https://lh3.googleusercontent.com/a/ACg8ocIHzNEcBOQCOX7NHGUFKPo-b3NkDnBJdG4hSl5zt6jY-z3orw=s1920-c-rp-mo-br100","https://www.google.com/maps/contrib/113398266292199649197?hl=en","329","2026-10-06T19:23:43.222Z","Direct Detail URL: https://www.google.com/maps?cid=14154142641213989346","5",,,"false","It was an amazing experience with Dunes Discovery Tourism especially with the assistance of Malik. He was very accommodating and treated us as a family. Thank you ao much Malik. Until next time.",,"Dunes Discovery Tourism LLC","5",,"https://www.google.com/maps/search/?api=1&query=Dunes%20Discovery%20Tourism%20LLC&query_place_id=ChIJbWsIEIVEdEER4uHEhb2dbcQ",
,"1522201601161585131","Tour agency","Service establishment","Tour agency","14154142641213989346",,,"0x4174448510086b6d:0xc46d9dbd85c4e1e2",,"https://lh3.googleusercontent.com/grass-cs/AABkmLd2_d1tXdrlH6LWW10pygDnJzaUhEU7C7L75fvzbAv4OYkdlD4LwcGPTtfM0xX8prg6H7I6hKya8LF-YWUiDMb0s1vwi8onlMyPQGQGfLxxP-evkFPGc0oYiPA5qiJVrNSeoCE=w408-h261-k-no","false","false","/g/11vk63ds_v","en","0","24.3539913","53.9485752","mons cruz",,"en","false","ChIJbWsIEIVEdEER4uHEhb2dbcQ",,,"7 months ago","2026-03-06T16:19:06.503Z",,"2026-03-06T19:34:43.000Z","Thanks 😊 ","Ci9DQUlRQUNvZENodHljRjlvT25CeE1rdHVXR2RMWkZFM01ISkhVSFoyTVdwd1dFRRAB",,,,,,,,,"Google","https://www.google.com/maps/reviews/data=!4m8!14m7!1m6!2m5!1sCi9DQUlRQUNvZENodHljRjlvT25CeE1rdHVXR2RMWkZFM01ISkhVSFoyTVdwd1dFRRAB!2m1!1s0x0:0xc46d9dbd85c4e1e2!3m1!1s2@1:CAIQACodChtycF9oOnBxMktuWGdLZFE3MHJHUHZ2MWpwWEE%7C%7C?hl=en","106939588485808714014","1","https://lh3.googleusercontent.com/a/ACg8ocIQBSj0O4blhHbse47zRVN5pnM9CxNg5GzZ9sCdbyWPlKr-nQ=s1920-c-rp-mo-br100","https://www.google.com/maps/contrib/106939588485808714014?hl=en","329","2026-10-06T19:23:43.222Z","Direct Detail URL: https://www.google.com/maps?cid=14154142641213989346","5",,,"false","The whole trip is awesome most especially because of our Safari Tour Guide, Mr. Malik. He is very friendly, very accommodating and can speak a lot of languages. He is entertaining and made sure that we enjoy our trip. The experience we had is very memorable and an unforgettable one! Book your Desert Safari Tour with Dunes Discovery Tourism and request for Mr. Malik as your tour guide",,"Dunes Discovery Tourism LLC","5",,"https://www.google.com/maps/search/?api=1&query=Dunes%20Discovery%20Tourism%20LLC&query_place_id=ChIJbWsIEIVEdEER4uHEhb2dbcQ",
,"1522201601161585131","Tour agency","Service establishment","Tour agency","14154142641213989346",,,"0x4174448510086b6d:0xc46d9dbd85c4e1e2",,"https://lh3.googleusercontent.com/grass-cs/AABkmLd2_d1tXdrlH6LWW10pygDnJzaUhEU7C7L75fvzbAv4OYkdlD4LwcGPTtfM0xX8prg6H7I6hKya8LF-YWUiDMb0s1vwi8onlMyPQGQGfLxxP-evkFPGc0oYiPA5qiJVrNSeoCE=w408-h261-k-no","false","true","/g/11vk63ds_v","en","0","24.3539913","53.9485752","Hanz John Hebras",,"en","false","ChIJbWsIEIVEdEER4uHEhb2dbcQ",,,"7 months ago","2026-03-06T16:15:13.264Z",,"2026-03-06T19:35:24.000Z","Thanks ☺️ ","Ci9DQUlRQUNvZENodHljRjlvT2pkeU1tcEZVMHA1VFdGUGFWVTNhV2wzVDB3elVGRRAB","https://lh3.googleusercontent.com/grass-cs/ACvplmPb9ORi6cYqaeGMAVwVKGp4FB0oknMRyWFh6gEHo8ekx0mOpEQgma7xjHjn7tOvN3_sAPOcsDGoBrBkSmy-7oJzuJLdW2poTN7iT58dVNo143zYDTA5CewpKZbgaU4hqdwbKqD9_H4639te=k-no","https://lh3.googleusercontent.com/grass-cs/ACvplmPKNQrq0Fw1plqI-OKMSEoPdIBsqP_ClGiAxMXSV82WCtk_AUIKRe8gvc0AXuB5gy53F22yZmPmjfd6QlFklgAtisxOYFN-ZV3ZWxKWQnNh41reDCxJBO68CQDlCtTqzoG_I6AojXNMT3yf=k-no","https://lh3.googleusercontent.com/grass-cs/ACvplmPolSUK0N7MWqFtvfYtFp0hJ49qUpYjOtm-gUzQ42tVFuLrzQCMT0O-UrOIp7WjNKDtEnfrFwfTr3n2TM1acLAFW65Ifnz8y_cvAcXVZDEtFxIod7o7yNhvQLyD4C-rV2ZM1Sm5IAg1a6ke=k-no",,,,,,"Google","https://www.google.com/maps/reviews/data=!4m8!14m7!1m6!2m5!1sCi9DQUlRQUNvZENodHljRjlvT2pkeU1tcEZVMHA1VFdGUGFWVTNhV2wzVDB3elVGRRAB!2m1!1s0x0:0xc46d9dbd85c4e1e2!3m1!1s2@1:CAIQACodChtycF9oOjdyMmpFU0p5TWFPaVU3aWl3T0wzUFE%7C%7C?hl=en","114393270722560379954","11","https://lh3.googleusercontent.com/a/ACg8ocJi5Tt1gc8Pj0OEyHgvzGbmzCmLs_2sGYo7wDOKZY5Un312Gg=s1920-c-rp-mo-ba12-br100","https://www.google.com/maps/contrib/114393270722560379954?hl=en","329","2026-10-06T19:23:43.222Z","Direct Detail URL: https://www.google.com/maps?cid=14154142641213989346","5",,,"false","Our experience having this Dubai Desert Safari is very great. We have a very good time being able to do dune bashing, camel rising, quad biking, dinner with performance and safe traveling. Malik which is our tour guide and driver is very accommodating and very friendly. The next time anyone comes to Dubai, just contact him and he will be happy to guide you.",,"Dunes Discovery Tourism LLC","5",,"https://www.google.com/maps/search/?api=1&query=Dunes%20Discovery%20Tourism%20LLC&query_place_id=ChIJbWsIEIVEdEER4uHEhb2dbcQ",
,"1522201601161585131","Tour agency","Service establishment","Tour agency","14154142641213989346",,,"0x4174448510086b6d:0xc46d9dbd85c4e1e2",,"https://lh3.googleusercontent.com/grass-cs/AABkmLd2_d1tXdrlH6LWW10pygDnJzaUhEU7C7L75fvzbAv4OYkdlD4LwcGPTtfM0xX8prg6H7I6hKya8LF-YWUiDMb0s1vwi8onlMyPQGQGfLxxP-evkFPGc0oYiPA5qiJVrNSeoCE=w408-h261-k-no","false","false","/g/11vk63ds_v","en","0","24.3539913","53.9485752","Charmaine Anne Carbonell",,"en","false","ChIJbWsIEIVEdEER4uHEhb2dbcQ",,,"7 months ago","2026-03-06T16:13:11.955Z",,"2026-03-06T19:36:09.000Z","Thanks 😊 ","Ci9DQUlRQUNvZENodHljRjlvT2pOUE1HTTVUV3BRY25WYU9XVkVRVk5mUjJzdE5YYxAB","https://lh3.googleusercontent.com/grass-cs/ACvplmNKmddA3xANm3QGDFPKHFTdn3hkIoXsSSmw0zs7ylxE6FCRAtg4xB46zwEK9ALVpXLo781dggGpUGdzHQYboTSrRQPjW4ARTda6WYnYbMMndPUZMFx1Hi97Bu8oxiST9Ehgq9MB0dZV334=k-no","https://lh3.googleusercontent.com/grass-cs/ACvplmOhoxNzNl3sSKSap4984P61WEgLZSL-Wao1cPiyQIPkZJ3wpOpfVmsMCqUsRPQW8qNUyxbz3AvanYciiuIqAx3VawaRN-Q_mAQFc0v91dj5dOmjuXxNiEJPlkophowQD_35jTtutZMrBT8H=k-no","https://lh3.googleusercontent.com/grass-cs/ACvplmOmE0SbKapIETMbj9QPelKt5vOOYw-0alN7xEHnZT2F5VTmadH-7KsJm-tfqLdSDXgQ3HqZVW43JixG_yEYbVKta9amMr_CugVLa5EwoopZwZ3aTXYaC6ZrkGRtdu5NMwz0ogVuYylEKGSh=k-no","https://lh3.googleusercontent.com/grass-cs/ACvplmOmUij6kxPjJbnoG4FviC9IfVKb1k6UukWqunHNUq05S12BM74p7_qClG6OZkH7qkEKieEPVoslgxxjxHFQNdgapXJNVTOZyuKxMHjlS9v0f68NBQMlNC_oql2r75pX5zQsEuEvI75_PgZN=k-no","https://lh3.googleusercontent.com/grass-cs/ACvplmN2PaQr2wxfDVnl3Yhl67Nn53cqYmPhCLTiAXllEqryZaJz-rfNACOEeMYYmOSWfdQ_9CzpZ8kjRhO_AIXl2-SGPRZgoryU4m8QgzIWIen_rj2APyClCdCTb1LAuqXUvS7Q0usyOlmiZ-c=k-no",,,,"Google","https://www.google.com/maps/reviews/data=!4m8!14m7!1m6!2m5!1sCi9DQUlRQUNvZENodHljRjlvT2pOUE1HTTVUV3BRY25WYU9XVkVRVk5mUjJzdE5YYxAB!2m1!1s0x0:0xc46d9dbd85c4e1e2!3m1!1s2@1:CAIQACodChtycF9oOjNPMGM5TWpQcnVaOWVEQVNfR2stNXc%7C%7C?hl=en","112647007281346470900","5","https://lh3.googleusercontent.com/a-/ALV-UjV-YMg64Si65nYYkzACFRPTNUVFrTwY2Mb7jjJofMHobjGRbRcF=s1920-c-rp-mo-br100","https://www.google.com/maps/contrib/112647007281346470900?hl=en","329","2026-10-06T19:23:43.222Z","Direct Detail URL: https://www.google.com/maps?cid=14154142641213989346","5",,,"false","We had an amazing experience with Dunes Discovery Tourism, especially with our guide Malik who personally took us on our desert safari adventure. He is a great driver—very accommodating, friendly, and kind throughout the entire trip.
He also helped us capture wonderful photos with my family, which made the experience even more memorable. Everything felt smooth, fun, and well taken care of.
Highly recommended to my friends and colleagues! Looking forward to the next adventure. Until next time, brother! 😁🐪🌅",,"Dunes Discovery Tourism LLC","5",,"https://www.google.com/maps/search/?api=1&query=Dunes%20Discovery%20Tourism%20LLC&query_place_id=ChIJbWsIEIVEdEER4uHEhb2dbcQ",
,"1522201601161585131","Tour agency","Service establishment","Tour agency","14154142641213989346",,,"0x4174448510086b6d:0xc46d9dbd85c4e1e2",,"https://lh3.googleusercontent.com/grass-cs/AABkmLd2_d1tXdrlH6LWW10pygDnJzaUhEU7C7L75fvzbAv4OYkdlD4LwcGPTtfM0xX8prg6H7I6hKya8LF-YWUiDMb0s1vwi8onlMyPQGQGfLxxP-evkFPGc0oYiPA5qiJVrNSeoCE=w408-h261-k-no","false","false","/g/11vk63ds_v","en","0","24.3539913","53.9485752","Hymavathi Challa",,"en","false","ChIJbWsIEIVEdEER4uHEhb2dbcQ",,,"7 months ago","2026-03-03T16:16:11.383Z",,"2026-05-03T08:50:48.000Z","Thanks 🙏 ","Ci9DQUlRQUNvZENodHljRjlvT2t4c1NFTXliR3N4UjFOdU56TjVTa1J2WTBKa1VrRRAB",,,,,,,,,"Google","https://www.google.com/maps/reviews/data=!4m8!14m7!1m6!2m5!1sCi9DQUlRQUNvZENodHljRjlvT2t4c1NFTXliR3N4UjFOdU56TjVTa1J2WTBKa1VrRRAB!2m1!1s0x0:0xc46d9dbd85c4e1e2!3m1!1s2@1:CAIQACodChtycF9oOkxsSEMybGsxR1NuNzN5SkRvY0JkUkE%7C%7C?hl=en","107726110821689939792","1","https://lh3.googleusercontent.com/a/ACg8ocJk2G69xfRxTEptjMppcRVFBekTHrf18c63LmP4jO6Ab_mWZg=s1920-c-rp-mo-br100","https://www.google.com/maps/contrib/107726110821689939792?hl=en","329","2026-10-06T19:23:43.222Z","Direct Detail URL: https://www.google.com/maps?cid=14154142641213989346","5",,,"false","Had a great experience",,"Dunes Discovery Tourism LLC","5",,"https://www.google.com/maps/search/?api=1&query=Dunes%20Discovery%20Tourism%20LLC&query_place_id=ChIJbWsIEIVEdEER4uHEhb2dbcQ",
,"1522201601161585131","Tour agency","Service establishment","Tour agency","14154142641213989346",,,"0x4174448510086b6d:0xc46d9dbd85c4e1e2",,"https://lh3.googleusercontent.com/grass-cs/AABkmLd2_d1tXdrlH6LWW10pygDnJzaUhEU7C7L75fvzbAv4OYkdlD4LwcGPTtfM0xX8prg6H7I6hKya8LF-YWUiDMb0s1vwi8onlMyPQGQGfLxxP-evkFPGc0oYiPA5qiJVrNSeoCE=w408-h261-k-no","false","false","/g/11vk63ds_v","en","0","24.3539913","53.9485752","Sreenivasuluchetty Challatoor",,"en","false","ChIJbWsIEIVEdEER4uHEhb2dbcQ",,,"7 months ago","2026-03-03T16:09:14.816Z",,"2026-05-03T08:50:55.000Z","Thanks 🙏 ","Ci9DQUlRQUNvZENodHljRjlvT2t0R2RrVjVWRFZRWW5VNFNGazFTa2x3V2pOeGNVRRAB",,,,,,,,,"Google","https://www.google.com/maps/reviews/data=!4m8!14m7!1m6!2m5!1sCi9DQUlRQUNvZENodHljRjlvT2t0R2RrVjVWRFZRWW5VNFNGazFTa2x3V2pOeGNVRRAB!2m1!1s0x0:0xc46d9dbd85c4e1e2!3m1!1s2@1:CAIQACodChtycF9oOktGdkV5VDVQYnU4SFk1SklwWjNxcUE%7C%7C?hl=en","107323995264917916993","3","https://lh3.googleusercontent.com/a-/ALV-UjWIzxKJvO6Us3N3Vvf2CEIihkg-CRCDS2B1W540L6YRPTRWjoAV=s1920-c-rp-mo-br100","https://www.google.com/maps/contrib/107323995264917916993?hl=en","329","2026-10-06T19:23:43.222Z","Direct Detail URL: https://www.google.com/maps?cid=14154142641213989346","5",,,"false","we aŕe really enjoyed the desert safari drive, 4 srater bike drive...this trip was amazing Mr.Malik is nice and friendly person. he supported and guided every where for us in the entire trip. the BBQ food was delicious.",,"Dunes Discovery Tourism LLC","5",,"https://www.google.com/maps/search/?api=1&query=Dunes%20Discovery%20Tourism%20LLC&query_place_id=ChIJbWsIEIVEdEER4uHEhb2dbcQ",
,"1522201601161585131","Tour agency","Service establishment","Tour agency","14154142641213989346",,,"0x4174448510086b6d:0xc46d9dbd85c4e1e2",,"https://lh3.googleusercontent.com/grass-cs/AABkmLd2_d1tXdrlH6LWW10pygDnJzaUhEU7C7L75fvzbAv4OYkdlD4LwcGPTtfM0xX8prg6H7I6hKya8LF-YWUiDMb0s1vwi8onlMyPQGQGfLxxP-evkFPGc0oYiPA5qiJVrNSeoCE=w408-h261-k-no","false","false","/g/11vk63ds_v","en","0","24.3539913","53.9485752","Andrey Z",,"en","false","ChIJbWsIEIVEdEER4uHEhb2dbcQ",,,"7 months ago","2026-03-03T16:08:56.650Z",,"2026-03-06T19:37:07.000Z","Thanks 🙏 ","Ci9DQUlRQUNvZENodHljRjlvT2tVd1NtbDBiMkpMYnpsRlUySlpPSGwwYzNWWE1YYxAB","https://lh3.googleusercontent.com/grass-cs/ACvplmMqp9b7px9wIgjoxzRINbLlUSH_viPyP7yDv9_G0Gjx28-Ov27wiaVHzEt9ugTuYXa8k1jgTTEs67KMKnfUrrp66VSG9B4FpNYlmFHu7yD7kk-eJ8IFHOu9U6SapHuuwE_9I6l_JkZV3wEv=k-no",,,,,,,,"Google","https://www.google.com/maps/reviews/data=!4m8!14m7!1m6!2m5!1sCi9DQUlRQUNvZENodHljRjlvT2tVd1NtbDBiMkpMYnpsRlUySlpPSGwwYzNWWE1YYxAB!2m1!1s0x0:0xc46d9dbd85c4e1e2!3m1!1s2@1:CAIQACodChtycF9oOkUwSml0b2JLbzlFU2JZOHl0c3VXMXc%7C%7C?hl=en","108232281739305166558","1","https://lh3.googleusercontent.com/a/ACg8ocKcca-nxgOCPV3PwRaWLmOL9Y_pCejEWXosMONxxg3DdGCUlg=s1920-c-rp-mo-br100","https://www.google.com/maps/contrib/108232281739305166558?hl=en","329","2026-10-06T19:23:43.222Z","Direct Detail URL: https://www.google.com/maps?cid=14154142641213989346","5",,,"false","We are happy dunes discovery tourism no one in Dubai it was amazing experience heigh recommend",,"Dunes Discovery Tourism LLC","5",,"https://www.google.com/maps/search/?api=1&query=Dunes%20Discovery%20Tourism%20LLC&query_place_id=ChIJbWsIEIVEdEER4uHEhb2dbcQ",
,"1522201601161585131","Tour agency","Service establishment","Tour agency","14154142641213989346",,,"0x4174448510086b6d:0xc46d9dbd85c4e1e2",,"https://lh3.googleusercontent.com/grass-cs/AABkmLd2_d1tXdrlH6LWW10pygDnJzaUhEU7C7L75fvzbAv4OYkdlD4LwcGPTtfM0xX8prg6H7I6hKya8LF-YWUiDMb0s1vwi8onlMyPQGQGfLxxP-evkFPGc0oYiPA5qiJVrNSeoCE=w408-h261-k-no","false","false","/g/11vk63ds_v","en","0","24.3539913","53.9485752","Osaah Asamoah",,"en","false","ChIJbWsIEIVEdEER4uHEhb2dbcQ",,,"7 months ago","2026-02-28T16:15:07.949Z",,"2026-03-06T19:37:17.000Z","Thanks 🙏 ","Ci9DQUlRQUNvZENodHljRjlvT2paRk1UaExPVUZNVkRkWk0yNHRUek56WjJKYWFVRRAB",,,,,,,,,"Google","https://www.google.com/maps/reviews/data=!4m8!14m7!1m6!2m5!1sCi9DQUlRQUNvZENodHljRjlvT2paRk1UaExPVUZNVkRkWk0yNHRUek56WjJKYWFVRRAB!2m1!1s0x0:0xc46d9dbd85c4e1e2!3m1!1s2@1:CAIQACodChtycF9oOjZFMThLOUFMVDdZM24tTzNzZ2JaaUE%7C%7C?hl=en","116822679569841292443","1","https://lh3.googleusercontent.com/a/ACg8ocKK-jEcvDavXZGiAWeVimrZddlxRl9LV5GbSS3WeBkiJ6OtnQ=s1920-c-rp-mo-br100","https://www.google.com/maps/contrib/116822679569841292443?hl=en","329","2026-10-06T19:23:43.222Z","Direct Detail URL: https://www.google.com/maps?cid=14154142641213989346","5",,,"false","Malik was awesome! He was very nice and helpful. Really enjoyed my time with Malik safari guide. I highly recommend him",,"Dunes Discovery Tourism LLC","5",,"https://www.google.com/maps/search/?api=1&query=Dunes%20Discovery%20Tourism%20LLC&query_place_id=ChIJbWsIEIVEdEER4uHEhb2dbcQ",
,"1522201601161585131","Tour agency","Service establishment","Tour agency","14154142641213989346",,,"0x4174448510086b6d:0xc46d9dbd85c4e1e2",,"https://lh3.googleusercontent.com/grass-cs/AABkmLd2_d1tXdrlH6LWW10pygDnJzaUhEU7C7L75fvzbAv4OYkdlD4LwcGPTtfM0xX8prg6H7I6hKya8LF-YWUiDMb0s1vwi8onlMyPQGQGfLxxP-evkFPGc0oYiPA5qiJVrNSeoCE=w408-h261-k-no","false","false","/g/11vk63ds_v","en","0","24.3539913","53.9485752","AmaD Asamoah",,"en","false","ChIJbWsIEIVEdEER4uHEhb2dbcQ",,,"7 months ago","2026-02-28T16:14:34.910Z",,"2026-03-06T19:37:28.000Z","Thanks 🙏 ","Ci9DQUlRQUNvZENodHljRjlvT2tjMFZVdFhlVGhYZHpKTFIweGljMUp5UmxsaU1tYxAB",,,,,,,,,"Google","https://www.google.com/maps/reviews/data=!4m8!14m7!1m6!2m5!1sCi9DQUlRQUNvZENodHljRjlvT2tjMFZVdFhlVGhYZHpKTFIweGljMUp5UmxsaU1tYxAB!2m1!1s0x0:0xc46d9dbd85c4e1e2!3m1!1s2@1:CAIQACodChtycF9oOkc0VUtXeThXdzJLR0xic1JyRlliMmc%7C%7C?hl=en","112917531254753957858","2","https://lh3.googleusercontent.com/a/ACg8ocL9QK-Fre4_jIPSoLBmObv8rh4W4LR4YEz8GpIqUZ58eOaqtw=s1920-c-rp-mo-br100","https://www.google.com/maps/contrib/112917531254753957858?hl=en","329","2026-10-06T19:23:43.222Z","Direct Detail URL: https://www.google.com/maps?cid=14154142641213989346","5",,,"false","Great tour experience with this company! Would choose them again!",,"Dunes Discovery Tourism LLC","5",,"https://www.google.com/maps/search/?api=1&query=Dunes%20Discovery%20Tourism%20LLC&query_place_id=ChIJbWsIEIVEdEER4uHEhb2dbcQ",
,"1522201601161585131","Tour agency","Service establishment","Tour agency","14154142641213989346",,,"0x4174448510086b6d:0xc46d9dbd85c4e1e2",,"https://lh3.googleusercontent.com/grass-cs/AABkmLd2_d1tXdrlH6LWW10pygDnJzaUhEU7C7L75fvzbAv4OYkdlD4LwcGPTtfM0xX8prg6H7I6hKya8LF-YWUiDMb0s1vwi8onlMyPQGQGfLxxP-evkFPGc0oYiPA5qiJVrNSeoCE=w408-h261-k-no","false","true","/g/11vk63ds_v","en","0","24.3539913","53.9485752","Rajesh Kumar",,"en","false","ChIJbWsIEIVEdEER4uHEhb2dbcQ",,,"7 months ago","2026-02-25T16:04:04.431Z",,"2026-03-06T19:37:40.000Z","Thanks 🙏 ","Ci9DQUlRQUNvZENodHljRjlvT2xSdE5XdG1WMll3VHpCS1VHa3dSbk5UY214TWFuYxAB",,,,,,,,,"Google","https://www.google.com/maps/reviews/data=!4m8!14m7!1m6!2m5!1sCi9DQUlRQUNvZENodHljRjlvT2xSdE5XdG1WMll3VHpCS1VHa3dSbk5UY214TWFuYxAB!2m1!1s0x0:0xc46d9dbd85c4e1e2!3m1!1s2@1:CAIQACodChtycF9oOlRtNWtmV2YwTzBKUGkwRnNTcmxManc%7C%7C?hl=en","106230617684620333287","24","https://lh3.googleusercontent.com/a-/ALV-UjWxz7aF2zncZRfKY1UhhGxw4KT_9gVaRE67ZSs7Q_Odu8Go9E_-FQ=s1920-c-rp-mo-ba12-br100","https://www.google.com/maps/contrib/106230617684620333287?hl=en","329","2026-10-06T19:23:43.222Z","Direct Detail URL: https://www.google.com/maps?cid=14154142641213989346","5",,,"false","Had a fantastic desert safari with Dunes Discovery Tourism LLC. Everything was well organized, professional, and smooth from pickup to drop-off. Highly recommended for a memorable Dubai desert experience.",,"Dunes Discovery Tourism LLC","5",,"https://www.google.com/maps/search/?api=1&query=Dunes%20Discovery%20Tourism%20LLC&query_place_id=ChIJbWsIEIVEdEER4uHEhb2dbcQ",
,"1522201601161585131","Tour agency","Service establishment","Tour agency","14154142641213989346",,,"0x4174448510086b6d:0xc46d9dbd85c4e1e2",,"https://lh3.googleusercontent.com/grass-cs/AABkmLd2_d1tXdrlH6LWW10pygDnJzaUhEU7C7L75fvzbAv4OYkdlD4LwcGPTtfM0xX8prg6H7I6hKya8LF-YWUiDMb0s1vwi8onlMyPQGQGfLxxP-evkFPGc0oYiPA5qiJVrNSeoCE=w408-h261-k-no","false","false","/g/11vk63ds_v","en","0","24.3539913","53.9485752","Priyanshi Garg",,"en","false","ChIJbWsIEIVEdEER4uHEhb2dbcQ",,,"7 months ago","2026-02-24T16:02:09.395Z",,"2026-03-06T19:37:49.000Z","Thanks 😊 ","Ci9DQUlRQUNvZENodHljRjlvT2pWeWFHTndSRmN3TW5OUE5sTnBjRFJQYTBwbGRHYxAB",,,,,,,,,"Google","https://www.google.com/maps/reviews/data=!4m8!14m7!1m6!2m5!1sCi9DQUlRQUNvZENodHljRjlvT2pWeWFHTndSRmN3TW5OUE5sTnBjRFJQYTBwbGRHYxAB!2m1!1s0x0:0xc46d9dbd85c4e1e2!3m1!1s2@1:CAIQACodChtycF9oOjVyaGNwRFcwMnNPNlNpcDRPa0pldGc%7C%7C?hl=en","114059013307013754897","3","https://lh3.googleusercontent.com/a/ACg8ocLwcwTlIwr55A9tO8yc8J_BePpqK1Vgk2LRHU2pQ8FXLFibXpo=s1920-c-rp-mo-br100","https://www.google.com/maps/contrib/114059013307013754897?hl=en","329","2026-10-06T19:23:43.222Z","Direct Detail URL: https://www.google.com/maps?cid=14154142641213989346","5",,,"false","It was a wonderful experience. Mr Malik goes out of his way to make it personal, fun and enjoyable. The safari lasted all day from noon till 7:30 . We did camel ride, Buggy ride in desert and had a lot of fun with the live performances. Must do if ur in Dubai and be sure to book their services",,"Dunes Discovery Tourism LLC","5",,"https://www.google.com/maps/search/?api=1&query=Dunes%20Discovery%20Tourism%20LLC&query_place_id=ChIJbWsIEIVEdEER4uHEhb2dbcQ",
,"1522201601161585131","Tour agency","Service establishment","Tour agency","14154142641213989346",,,"0x4174448510086b6d:0xc46d9dbd85c4e1e2",,"https://lh3.googleusercontent.com/grass-cs/AABkmLd2_d1tXdrlH6LWW10pygDnJzaUhEU7C7L75fvzbAv4OYkdlD4LwcGPTtfM0xX8prg6H7I6hKya8LF-YWUiDMb0s1vwi8onlMyPQGQGfLxxP-evkFPGc0oYiPA5qiJVrNSeoCE=w408-h261-k-no","false","false","/g/11vk63ds_v","en","0","24.3539913","53.9485752","MOHIT BANSAL",,"en","false","ChIJbWsIEIVEdEER4uHEhb2dbcQ",,,"7 months ago","2026-02-24T15:58:51.089Z",,"2026-03-06T19:37:59.000Z","Thanks ☺️ ","Ci9DQUlRQUNvZENodHljRjlvT25RNVkyUnJhV3RCVDJSTGVETXRNbWRDWkdaZk5tYxAB",,,,,,,,,"Google","https://www.google.com/maps/reviews/data=!4m8!14m7!1m6!2m5!1sCi9DQUlRQUNvZENodHljRjlvT25RNVkyUnJhV3RCVDJSTGVETXRNbWRDWkdaZk5tYxAB!2m1!1s0x0:0xc46d9dbd85c4e1e2!3m1!1s2@1:CAIQACodChtycF9oOnQ5Y2RraWtBT2RLeDMtMmdCZGZfNmc%7C%7C?hl=en","100807217151484809099","8","https://lh3.googleusercontent.com/a/ACg8ocLuAl7mnOb5vWMHTtaL9V2PjnGm3dOWa5ZRFuff7rHKlzy2VA=s1920-c-rp-mo-br100","https://www.google.com/maps/contrib/100807217151484809099?hl=en","329","2026-10-06T19:23:43.222Z","Direct Detail URL: https://www.google.com/maps?cid=14154142641213989346","5",,,"false","Best driver for Safari and trust me this is not paid review. Best means best",,"Dunes Discovery Tourism LLC","5",,"https://www.google.com/maps/search/?api=1&query=Dunes%20Discovery%20Tourism%20LLC&query_place_id=ChIJbWsIEIVEdEER4uHEhb2dbcQ",
,"1522201601161585131","Tour agency","Service establishment","Tour agency","14154142641213989346",,,"0x4174448510086b6d:0xc46d9dbd85c4e1e2",,"https://lh3.googleusercontent.com/grass-cs/AABkmLd2_d1tXdrlH6LWW10pygDnJzaUhEU7C7L75fvzbAv4OYkdlD4LwcGPTtfM0xX8prg6H7I6hKya8LF-YWUiDMb0s1vwi8onlMyPQGQGfLxxP-evkFPGc0oYiPA5qiJVrNSeoCE=w408-h261-k-no","false","false","/g/11vk63ds_v","en","0","24.3539913","53.9485752","Anca Adumitroaei",,"ro","false","ChIJbWsIEIVEdEER4uHEhb2dbcQ",,,"7 months ago","2026-02-18T16:09:14.789Z",,"2026-02-18T20:40:39.000Z","Thanks 🙏 ","Ci9DQUlRQUNvZENodHljRjlvT2xsVWR6RkVRWFo1VUdsNFUwUm9kalpyUVhsemRVRRAB",,,,,,,,,"Google","https://www.google.com/maps/reviews/data=!4m8!14m7!1m6!2m5!1sCi9DQUlRQUNvZENodHljRjlvT2xsVWR6RkVRWFo1VUdsNFUwUm9kalpyUVhsemRVRRAB!2m1!1s0x0:0xc46d9dbd85c4e1e2!3m1!1s2@1:CAIQACodChtycF9oOllUdzFEQXZ5UGl4U0RodjZrQXlzdUE%7C%7C?hl=en","113315959412941935268","1","https://lh3.googleusercontent.com/a-/ALV-UjUgN7GwoMAH8ys40cc0uEzkLU5_KDS2tkxwgJ3kaaFAasJ6CnreNw=s1920-c-rp-mo-br100","https://www.google.com/maps/contrib/113315959412941935268?hl=en","329","2026-10-06T19:23:43.222Z","Direct Detail URL: https://www.google.com/maps?cid=14154142641213989346","5",,,"false","Cea mai tare experienta,se merita si a doua oare mai ales cu ghidul nostru Armen!","The best experience, it deserves a second one, especially with our guide Armen!","Dunes Discovery Tourism LLC","5","en","https://www.google.com/maps/search/?api=1&query=Dunes%20Discovery%20Tourism%20LLC&query_place_id=ChIJbWsIEIVEdEER4uHEhb2dbcQ",
,"1522201601161585131","Tour agency","Service establishment","Tour agency","14154142641213989346",,,"0x4174448510086b6d:0xc46d9dbd85c4e1e2",,"https://lh3.googleusercontent.com/grass-cs/AABkmLd2_d1tXdrlH6LWW10pygDnJzaUhEU7C7L75fvzbAv4OYkdlD4LwcGPTtfM0xX8prg6H7I6hKya8LF-YWUiDMb0s1vwi8onlMyPQGQGfLxxP-evkFPGc0oYiPA5qiJVrNSeoCE=w408-h261-k-no","false","false","/g/11vk63ds_v","en","0","24.3539913","53.9485752","Nayab khan",,"en","false","ChIJbWsIEIVEdEER4uHEhb2dbcQ",,,"7 months ago","2026-02-17T17:32:52.066Z",,"2026-03-06T19:38:11.000Z","Thanks 🙏 ","Ci9DQUlRQUNvZENodHljRjlvT2w5V2QweHljRlJoYW5wS1VrbGZlamR2TWtGRldHYxAB",,,,,,,,,"Google","https://www.google.com/maps/reviews/data=!4m8!14m7!1m6!2m5!1sCi9DQUlRQUNvZENodHljRjlvT2w5V2QweHljRlJoYW5wS1VrbGZlamR2TWtGRldHYxAB!2m1!1s0x0:0xc46d9dbd85c4e1e2!3m1!1s2@1:CAIQACodChtycF9oOl9Wd0xycFRhanpKUklfejdvMkFFWGc%7C%7C?hl=en","102980874574193905236","6","https://lh3.googleusercontent.com/a-/ALV-UjXGPp-3Xrf14q18VFMwxmzS9LiHoOvAyOBq7Ylt9OpppyDRpkjf=s1920-c-rp-mo-br100","https://www.google.com/maps/contrib/102980874574193905236?hl=en","329","2026-10-06T19:23:43.222Z","Direct Detail URL: https://www.google.com/maps?cid=14154142641213989346","5",,,"false","It was the best Experience with Mr Rehman …Such a nice and Cooperating guy…!
We really enjoyed the Desert Safari Experience.
Mr Rehman Driving is really amazing….Secure driving but full of thrills.
Will Suggest to have their Desert Experience with Dunes Discovery Tourism LLC.
Regards : Nayab and family.",,"Dunes Discovery Tourism LLC","5",,"https://www.google.com/maps/search/?api=1&query=Dunes%20Discovery%20Tourism%20LLC&query_place_id=ChIJbWsIEIVEdEER4uHEhb2dbcQ",
,"1522201601161585131","Tour agency","Service establishment","Tour agency","14154142641213989346",,,"0x4174448510086b6d:0xc46d9dbd85c4e1e2",,"https://lh3.googleusercontent.com/grass-cs/AABkmLd2_d1tXdrlH6LWW10pygDnJzaUhEU7C7L75fvzbAv4OYkdlD4LwcGPTtfM0xX8prg6H7I6hKya8LF-YWUiDMb0s1vwi8onlMyPQGQGfLxxP-evkFPGc0oYiPA5qiJVrNSeoCE=w408-h261-k-no","false","false","/g/11vk63ds_v","en","0","24.3539913","53.9485752","Liviu Gavrila",,"de","false","ChIJbWsIEIVEdEER4uHEhb2dbcQ",,,"7 months ago","2026-02-16T16:07:55.045Z",,"2026-03-06T19:38:20.000Z","Thanks 🙏 ","Ci9DQUlRQUNvZENodHljRjlvT21OaGEyVmpYM1pVWjFOTVNuUXdNVFphVW1oRU5tYxAB",,,,,,,,,"Google","https://www.google.com/maps/reviews/data=!4m8!14m7!1m6!2m5!1sCi9DQUlRQUNvZENodHljRjlvT21OaGEyVmpYM1pVWjFOTVNuUXdNVFphVW1oRU5tYxAB!2m1!1s0x0:0xc46d9dbd85c4e1e2!3m1!1s2@1:CAIQACodChtycF9oOmNha2VjX3ZUZ1NMSnQwMTZaUmhENmc%7C%7C?hl=en","112955241462432482450","1","https://lh3.googleusercontent.com/a/ACg8ocLarZrqlFeOBZhg7TFFPobPM-yHGWeD34Pn9-d50U_lBpt68Q=s1920-c-rp-mo-br100","https://www.google.com/maps/contrib/112955241462432482450?hl=en","329","2026-10-06T19:23:43.222Z","Direct Detail URL: https://www.google.com/maps?cid=14154142641213989346","5",,,"false","Rahmen is the best!🙏🐪🏜️","The frame is the best! 🙏🐪🏜️","Dunes Discovery Tourism LLC","5","en","https://www.google.com/maps/search/?api=1&query=Dunes%20Discovery%20Tourism%20LLC&query_place_id=ChIJbWsIEIVEdEER4uHEhb2dbcQ",
,"1522201601161585131","Tour agency","Service establishment","Tour agency","14154142641213989346",,,"0x4174448510086b6d:0xc46d9dbd85c4e1e2",,"https://lh3.googleusercontent.com/grass-cs/AABkmLd2_d1tXdrlH6LWW10pygDnJzaUhEU7C7L75fvzbAv4OYkdlD4LwcGPTtfM0xX8prg6H7I6hKya8LF-YWUiDMb0s1vwi8onlMyPQGQGfLxxP-evkFPGc0oYiPA5qiJVrNSeoCE=w408-h261-k-no","false","false","/g/11vk63ds_v","en","0","24.3539913","53.9485752","Kashish Sachdeva",,"en","false","ChIJbWsIEIVEdEER4uHEhb2dbcQ",,,"7 months ago","2026-02-15T15:58:35.661Z",,"2026-02-15T19:36:39.000Z","Thanks for the feedback 😇","Ci9DQUlRQUNvZENodHljRjlvT25kWWFXRXlVblZsYkV0SU5HaEphVkZyTVZsNVZrRRAB",,,,,,,,,"Google","https://www.google.com/maps/reviews/data=!4m8!14m7!1m6!2m5!1sCi9DQUlRQUNvZENodHljRjlvT25kWWFXRXlVblZsYkV0SU5HaEphVkZyTVZsNVZrRRAB!2m1!1s0x0:0xc46d9dbd85c4e1e2!3m1!1s2@1:CAIQACodChtycF9oOndYaWEyUnVlbEtINGhJaVFrMVl5VkE%7C%7C?hl=en","101151704918000447999","6","https://lh3.googleusercontent.com/a-/ALV-UjWIhTr1bU6qunM_RmoLATq3yGRYNX0GOn5lP15ahoBzDJ0FtZI=s1920-c-rp-mo-br100","https://www.google.com/maps/contrib/101151704918000447999?hl=en","329","2026-10-06T19:23:43.222Z","Direct Detail URL: https://www.google.com/maps?cid=14154142641213989346","5",,,"false","The driver( rehman )is very much comfortable to the passengers and also so helpful throughout the ride to desert making sure everything thing goes perfect
And everything goes safe ,reaching out on time. Rehman is so good contact him for desert safari everytime !",,"Dunes Discovery Tourism LLC","5",,"https://www.google.com/maps/search/?api=1&query=Dunes%20Discovery%20Tourism%20LLC&query_place_id=ChIJbWsIEIVEdEER4uHEhb2dbcQ",
,"1522201601161585131","Tour agency","Service establishment","Tour agency","14154142641213989346",,,"0x4174448510086b6d:0xc46d9dbd85c4e1e2",,"https://lh3.googleusercontent.com/grass-cs/AABkmLd2_d1tXdrlH6LWW10pygDnJzaUhEU7C7L75fvzbAv4OYkdlD4LwcGPTtfM0xX8prg6H7I6hKya8LF-YWUiDMb0s1vwi8onlMyPQGQGfLxxP-evkFPGc0oYiPA5qiJVrNSeoCE=w408-h261-k-no","false","true","/g/11vk63ds_v","en","0","24.3539913","53.9485752","Leelakrishna Kanth",,"en","false","ChIJbWsIEIVEdEER4uHEhb2dbcQ",,,"7 months ago","2026-02-14T07:03:09.622Z",,"2026-02-15T19:37:41.000Z","Thanks for your feedback 😇","Ci9DQUlRQUNvZENodHljRjlvT21SS1ozVm9XVzFEVmxSQlZVRnhSMnBmY2pWclNFRRAB","https://lh3.googleusercontent.com/grass-cs/ACvplmNSSYGqSj_7hDWBVvZpEBrdSHizbV72NrOtJZ91uHzu_aKXYwuRDBrj7p8qrQ15Qt8_CfFpcdeKFeZiB4kSTswILcBULzDIN9-wj51ZDzJ-wY8JnGtRMt48gN-oXTv9JhtW2pp5BibbVFU=k-no","https://lh3.googleusercontent.com/grass-cs/ACvplmPHQ62MeRmm9Ndidi9t991aJC6173jOIxtcXPBPFqrWvj2357WLueX8adrJbTi3F_mPLVeUXrSO9OvycsVJeeV0Z8ixszTCVbrvHSeqyYfGFQoqflIQrJykd-iB4eOzEgz5zzxFOHvAJTpH=k-no",,,,,,,"Google","https://www.google.com/maps/reviews/data=!4m8!14m7!1m6!2m5!1sCi9DQUlRQUNvZENodHljRjlvT21SS1ozVm9XVzFEVmxSQlZVRnhSMnBmY2pWclNFRRAB!2m1!1s0x0:0xc46d9dbd85c4e1e2!3m1!1s2@1:CAIQACodChtycF9oOmRKZ3VoWW1DVlRBVUFxR2pfcjVrSEE%7C%7C?hl=en","101078304218435040862","12","https://lh3.googleusercontent.com/a-/ALV-UjVKwLJyZ26V5fXRMRUs4ovqr4aSAJE8ni3mnH2tuLvUCJ58av8d=s1920-c-rp-mo-ba12-br100","https://www.google.com/maps/contrib/101078304218435040862?hl=en","329","2026-10-06T19:23:43.222Z","Direct Detail URL: https://www.google.com/maps?cid=14154142641213989346","5",,,"false","We really enjoyed our Desert Safari with Mr. Rehman. This was our second time going for the safari because we were not satisfied with our first visit. But this time, the experience was amazing and truly memorable.

Mr. Rehman is a very skilled and professional driver. He made the ride safe, exciting, and full of fun. We felt very comfortable throughout the trip.

If anyone is planning a Desert Safari, we strongly recommend choosing Mr. Rehman as your driver for the best experience.",,"Dunes Discovery Tourism LLC","5",,"https://www.google.com/maps/search/?api=1&query=Dunes%20Discovery%20Tourism%20LLC&query_place_id=ChIJbWsIEIVEdEER4uHEhb2dbcQ",
,"1522201601161585131","Tour agency","Service establishment","Tour agency","14154142641213989346",,,"0x4174448510086b6d:0xc46d9dbd85c4e1e2",,"https://lh3.googleusercontent.com/grass-cs/AABkmLd2_d1tXdrlH6LWW10pygDnJzaUhEU7C7L75fvzbAv4OYkdlD4LwcGPTtfM0xX8prg6H7I6hKya8LF-YWUiDMb0s1vwi8onlMyPQGQGfLxxP-evkFPGc0oYiPA5qiJVrNSeoCE=w408-h261-k-no","false","false","/g/11vk63ds_v","en","0","24.3539913","53.9485752","Aman Samra",,"en","false","ChIJbWsIEIVEdEER4uHEhb2dbcQ",,,"7 months ago","2026-02-13T17:54:35.949Z",,"2026-02-15T19:38:05.000Z","Thanks for your feedback 😇","Ci9DQUlRQUNvZENodHljRjlvT25kMGJDMUtXa1Y2TTAxMVNVcEROVGd3YkZVNGFrRRAB",,,,,,,,,"Google","https://www.google.com/maps/reviews/data=!4m8!14m7!1m6!2m5!1sCi9DQUlRQUNvZENodHljRjlvT25kMGJDMUtXa1Y2TTAxMVNVcEROVGd3YkZVNGFrRRAB!2m1!1s0x0:0xc46d9dbd85c4e1e2!3m1!1s2@1:CAIQACodChtycF9oOnd0bC1KWkV6M011SUpDNTgwbFU4akE%7C%7C?hl=en","103897549807835730237","2","https://lh3.googleusercontent.com/a/ACg8ocIk6StX0t9qzW72ZgI_txjlehU4eGR_fTUK0thI9y_rslP9LQ=s1920-c-rp-mo-br100","https://www.google.com/maps/contrib/103897549807835730237?hl=en","329","2026-10-06T19:23:43.222Z","Direct Detail URL: https://www.google.com/maps?cid=14154142641213989346","5",,,"false","Today we had very amazing desert safari in Dubai with Mr Umar he is very polite friendly and knowledgeable tour guide his driving in the desert was very safe and very exciting
He also helped us to take beautiful photos in the desert and made sure we got best pictures spots he was on time and caring throughout the trip highly recommended",,"Dunes Discovery Tourism LLC","5",,"https://www.google.com/maps/search/?api=1&query=Dunes%20Discovery%20Tourism%20LLC&query_place_id=ChIJbWsIEIVEdEER4uHEhb2dbcQ",
,"1522201601161585131","Tour agency","Service establishment","Tour agency","14154142641213989346",,,"0x4174448510086b6d:0xc46d9dbd85c4e1e2",,"https://lh3.googleusercontent.com/grass-cs/AABkmLd2_d1tXdrlH6LWW10pygDnJzaUhEU7C7L75fvzbAv4OYkdlD4LwcGPTtfM0xX8prg6H7I6hKya8LF-YWUiDMb0s1vwi8onlMyPQGQGfLxxP-evkFPGc0oYiPA5qiJVrNSeoCE=w408-h261-k-no","false","false","/g/11vk63ds_v","en","0","24.3539913","53.9485752","Usama Zaid",,"en","false","ChIJbWsIEIVEdEER4uHEhb2dbcQ",,,"8 months ago","2026-02-04T15:19:38.231Z",,"2026-02-15T19:38:41.000Z","Thank you 😇","Ci9DQUlRQUNvZENodHljRjlvT21KVVNWbzFSbTkxUkRaclJ6QkRRbU01ZW5wamEzYxAB","https://lh3.googleusercontent.com/grass-cs/ACvplmOfyb5ad8_2CfG9mQJ_foz2FAOlrKaeh-EfGe0pkEuN10vs8-nFns4ZO2S2Haxq9Jtc6Vbi9sfmOQunmqgwAckYGe8GZ2TlQmCK0CSwjrQkb1WQffmrZQwJLlodccYdXzggeaEO5Ov-QqM=k-no",,,,,,,,"Google","https://www.google.com/maps/reviews/data=!4m8!14m7!1m6!2m5!1sCi9DQUlRQUNvZENodHljRjlvT21KVVNWbzFSbTkxUkRaclJ6QkRRbU01ZW5wamEzYxAB!2m1!1s0x0:0xc46d9dbd85c4e1e2!3m1!1s2@1:CAIQACodChtycF9oOmJUSVo1Rm91RDZrRzBDQmM5enpja3c%7C%7C?hl=en","116715342648073499966","7","https://lh3.googleusercontent.com/a-/ALV-UjVXuiduz4MglJBig49w-GDzHp5mzg0DdtNIfnU82_UAD9Dm9kfi=s1920-c-rp-mo-br100","https://www.google.com/maps/contrib/116715342648073499966?hl=en","329","2026-10-06T19:23:43.222Z","Direct Detail URL: https://www.google.com/maps?cid=14154142641213989346","5",,,"false","Great time . Highly recommended- Malik and his team were great .",,"Dunes Discovery Tourism LLC","5",,"https://www.google.com/maps/search/?api=1&query=Dunes%20Discovery%20Tourism%20LLC&query_place_id=ChIJbWsIEIVEdEER4uHEhb2dbcQ",
,"1522201601161585131","Tour agency","Service establishment","Tour agency","14154142641213989346",,,"0x4174448510086b6d:0xc46d9dbd85c4e1e2",,"https://lh3.googleusercontent.com/grass-cs/AABkmLd2_d1tXdrlH6LWW10pygDnJzaUhEU7C7L75fvzbAv4OYkdlD4LwcGPTtfM0xX8prg6H7I6hKya8LF-YWUiDMb0s1vwi8onlMyPQGQGfLxxP-evkFPGc0oYiPA5qiJVrNSeoCE=w408-h261-k-no","false","false","/g/11vk63ds_v","en","0","24.3539913","53.9485752","Dhruv Ahuja",,"en","false","ChIJbWsIEIVEdEER4uHEhb2dbcQ",,,"8 months ago","2026-01-29T15:55:42.904Z",,"2026-02-15T19:39:27.000Z","Thanks for your feedback 😇","Ci9DQUlRQUNvZENodHljRjlvT2pCeVJGRk9lbGRqT0RJeGMwTmhTVnBGVUV4elVYYxAB","https://lh3.googleusercontent.com/grass-cs/ACvplmMQ8IYZj5-_ygilZhlkgwnh1ySrjDcq-Zyy8sxAnmu8HuZyvGGw-QzuI7-hyb-MMhnznUbbQTLmDb3L6Rf97D4kWG0E9WZWMS6erpZjFacjbiD8P57Hk__LiM2IKUTiMpDcKXKvV2hb4Pc_=k-no",,,,,,,,"Google","https://www.google.com/maps/reviews/data=!4m8!14m7!1m6!2m5!1sCi9DQUlRQUNvZENodHljRjlvT2pCeVJGRk9lbGRqT0RJeGMwTmhTVnBGVUV4elVYYxAB!2m1!1s0x0:0xc46d9dbd85c4e1e2!3m1!1s2@1:CAIQACodChtycF9oOjByRFFOeldjODIxc0NhSVpFUExzUXc%7C%7C?hl=en","102044199788099986091","5","https://lh3.googleusercontent.com/a-/ALV-UjXUhooqpXLgm5T_d7MeRS0CBGVVmoSw0ZF9eNtfthlb-4kblDoCrw=s1920-c-rp-mo-br100","https://www.google.com/maps/contrib/102044199788099986091?hl=en","329","2026-10-06T19:23:43.222Z","Direct Detail URL: https://www.google.com/maps?cid=14154142641213989346","5",,,"false","I had an incredible desert safari experience with Dunes Discovery Tourism LLC. From start to finish, everything was perfectly organized. The pickup was on time, the vehicle was clean and comfortable, and the guide was very professional and friendly.
The dune bashing was thrilling yet safe, and the desert views were absolutely stunning. Camel riding, sandboarding, and photo stops added to the fun. The desert camp was well set up with a great atmosphere, delicious BBQ dinner, and enjoyable live entertainment.
Overall, it was a memorable experience and excellent value for money. I would highly recommend Dunes Discovery Tourism LLC to anyone looking for an authentic and exciting desert safari in Dubai. Definitely a must-do! 🌅🐪",,"Dunes Discovery Tourism LLC","5",,"https://www.google.com/maps/search/?api=1&query=Dunes%20Discovery%20Tourism%20LLC&query_place_id=ChIJbWsIEIVEdEER4uHEhb2dbcQ",
,"1522201601161585131","Tour agency","Service establishment","Tour agency","14154142641213989346",,,"0x4174448510086b6d:0xc46d9dbd85c4e1e2",,"https://lh3.googleusercontent.com/grass-cs/AABkmLd2_d1tXdrlH6LWW10pygDnJzaUhEU7C7L75fvzbAv4OYkdlD4LwcGPTtfM0xX8prg6H7I6hKya8LF-YWUiDMb0s1vwi8onlMyPQGQGfLxxP-evkFPGc0oYiPA5qiJVrNSeoCE=w408-h261-k-no","false","false","/g/11vk63ds_v","en","0","24.3539913","53.9485752","iyshita ahuja",,"en","false","ChIJbWsIEIVEdEER4uHEhb2dbcQ",,,"8 months ago","2026-01-29T15:54:37.487Z",,"2026-02-15T19:39:40.000Z","Thank you 🙏 ","Ci9DQUlRQUNvZENodHljRjlvT25GQ1dXSnhVMmxoY1ZoVlluTlVlWGxtV1c5SVkxRRAB",,,,,,,,,"Google","https://www.google.com/maps/reviews/data=!4m8!14m7!1m6!2m5!1sCi9DQUlRQUNvZENodHljRjlvT25GQ1dXSnhVMmxoY1ZoVlluTlVlWGxtV1c5SVkxRRAB!2m1!1s0x0:0xc46d9dbd85c4e1e2!3m1!1s2@1:CAIQACodChtycF9oOnFCWWJxU2lhcVhVYnNUeXlmWW9IY1E%7C%7C?hl=en","113612215855969627165","1","https://lh3.googleusercontent.com/a-/ALV-UjUtMJ-aPKAu9eACvgNqsoEbion5NhPUBnzMTPyOsNRSa_e8iDkBFw=s1920-c-rp-mo-br100","https://www.google.com/maps/contrib/113612215855969627165?hl=en","329","2026-10-06T19:23:43.222Z","Direct Detail URL: https://www.google.com/maps?cid=14154142641213989346","5",,,"false","Had an amazing experience with Mr Malik..
He is a geuine guy and good guide. Thanks to him we had best dessert safari experience",,"Dunes Discovery Tourism LLC","5",,"https://www.google.com/maps/search/?api=1&query=Dunes%20Discovery%20Tourism%20LLC&query_place_id=ChIJbWsIEIVEdEER4uHEhb2dbcQ",
,"1522201601161585131","Tour agency","Service establishment","Tour agency","14154142641213989346",,,"0x4174448510086b6d:0xc46d9dbd85c4e1e2",,"https://lh3.googleusercontent.com/grass-cs/AABkmLd2_d1tXdrlH6LWW10pygDnJzaUhEU7C7L75fvzbAv4OYkdlD4LwcGPTtfM0xX8prg6H7I6hKya8LF-YWUiDMb0s1vwi8onlMyPQGQGfLxxP-evkFPGc0oYiPA5qiJVrNSeoCE=w408-h261-k-no","false","true","/g/11vk63ds_v","en","0","24.3539913","53.9485752","Pamela Dawson-Ahmoah",,"en","false","ChIJbWsIEIVEdEER4uHEhb2dbcQ",,,"8 months ago","2026-01-23T15:34:49.732Z",,"2026-02-15T19:39:54.000Z","Many thanks 😇","Ci9DQUlRQUNvZENodHljRjlvT2xsVlFVdGZVRmhVVFc5bk4xSlVNVkV5T1RSVlRrRRAB",,,,,,,,,"Google","https://www.google.com/maps/reviews/data=!4m8!14m7!1m6!2m5!1sCi9DQUlRQUNvZENodHljRjlvT2xsVlFVdGZVRmhVVFc5bk4xSlVNVkV5T1RSVlRrRRAB!2m1!1s0x0:0xc46d9dbd85c4e1e2!3m1!1s2@1:CAIQACodChtycF9oOllVQUtfUFhUTW9nN1JUMVEyOTRVTkE%7C%7C?hl=en","106053275070887155535","7","https://lh3.googleusercontent.com/a/ACg8ocICcXh7-OJCauyfpMmjJaDu5E4mmZdyKeoMSPKIkmJp_aL2oA=s1920-c-rp-mo-ba12-br100","https://www.google.com/maps/contrib/106053275070887155535?hl=en","329","2026-10-06T19:23:43.222Z","Direct Detail URL: https://www.google.com/maps?cid=14154142641213989346","5",,,"false","Had fun with dune bashing
Mr Umer is awesome. He was very helpful and great . Thank you",,"Dunes Discovery Tourism LLC","5",,"https://www.google.com/maps/search/?api=1&query=Dunes%20Discovery%20Tourism%20LLC&query_place_id=ChIJbWsIEIVEdEER4uHEhb2dbcQ",
,"1522201601161585131","Tour agency","Service establishment","Tour agency","14154142641213989346",,,"0x4174448510086b6d:0xc46d9dbd85c4e1e2",,"https://lh3.googleusercontent.com/grass-cs/AABkmLd2_d1tXdrlH6LWW10pygDnJzaUhEU7C7L75fvzbAv4OYkdlD4LwcGPTtfM0xX8prg6H7I6hKya8LF-YWUiDMb0s1vwi8onlMyPQGQGfLxxP-evkFPGc0oYiPA5qiJVrNSeoCE=w408-h261-k-no","false","true","/g/11vk63ds_v","en","0","24.3539913","53.9485752","Edwin Wong",,"en","false","ChIJbWsIEIVEdEER4uHEhb2dbcQ",,,"8 months ago","2026-01-22T19:04:50.492Z",,"2026-02-15T19:40:05.000Z","Thank you 😇","Ci9DQUlRQUNvZENodHljRjlvT2xWTGFYQnZZVmxUZWpaeVZXcDFhamhFYzBJNVdHYxAB","https://lh3.googleusercontent.com/grass-cs/ACvplmPB3CItYljHTXKKr-mYLgsg-MmL6htNv2gUSs4b87lnMQSlsHAmSt-Is5BwxinoJsTJoSuvAwqVhoW7DBuMDGjbRIvTGOVJ2A-kU7w07x4WR5UwAdtLPMda5Oram1UdQMa-EPoECqaVupXF=k-no","https://lh3.googleusercontent.com/grass-cs/ACvplmMVZ_y-J_yOkkY9eiYIf2u8KUwru5s2ikIVKUwDx4QM-HVUYBvTLOSM6d-KMbERiea7cOql630k6g6_o5ldlXt_-SN0vbdkN-B0cUCZj_i2z7jx3i3ayfrEiuMP3r9w8sCwKk7qGGL_Fa0a=k-no","https://lh3.googleusercontent.com/grass-cs/ACvplmNz3vZNjkLskPOeYCsi2Em6-Wi7W3LLgB3IMWe3YO1YMemml0_48IEDihDIGUUtnrz3gTKoYhAppM02fK7_R9HLXc3Q_MoJjtE2UGYBWHx9F4P3jPRDBtpPh-eCvcis75l4q9gLBpmvuvM1=k-no",,,,,,"Google","https://www.google.com/maps/reviews/data=!4m8!14m7!1m6!2m5!1sCi9DQUlRQUNvZENodHljRjlvT2xWTGFYQnZZVmxUZWpaeVZXcDFhamhFYzBJNVdHYxAB!2m1!1s0x0:0xc46d9dbd85c4e1e2!3m1!1s2@1:CAIQACodChtycF9oOlVLaXBvYVlTejZyVWp1ajhEc0I5WGc%7C%7C?hl=en","107807014424144527140","665","https://lh3.googleusercontent.com/a-/ALV-UjVR0kyAEQghhpC9T3C2pC8YkCOIlCAR0n7f1IqryJOcwL9wRcL0=s1920-c-rp-mo-ba12-br100","https://www.google.com/maps/contrib/107807014424144527140?hl=en","329","2026-10-06T19:23:43.222Z","Direct Detail URL: https://www.google.com/maps?cid=14154142641213989346","5",,,"false","Mr Ali is nice and friendly, knowledgeable and take care of us very much..we hv a great time with him. A tour well invested to go with. Thank you..

Andrea Wee",,"Dunes Discovery Tourism LLC","5",,"https://www.google.com/maps/search/?api=1&query=Dunes%20Discovery%20Tourism%20LLC&query_place_id=ChIJbWsIEIVEdEER4uHEhb2dbcQ",
,"1522201601161585131","Tour agency","Service establishment","Tour agency","14154142641213989346",,,"0x4174448510086b6d:0xc46d9dbd85c4e1e2",,"https://lh3.googleusercontent.com/grass-cs/AABkmLd2_d1tXdrlH6LWW10pygDnJzaUhEU7C7L75fvzbAv4OYkdlD4LwcGPTtfM0xX8prg6H7I6hKya8LF-YWUiDMb0s1vwi8onlMyPQGQGfLxxP-evkFPGc0oYiPA5qiJVrNSeoCE=w408-h261-k-no","false","false","/g/11vk63ds_v","en","0","24.3539913","53.9485752","Annie Moustache",,"en","false","ChIJbWsIEIVEdEER4uHEhb2dbcQ",,,"8 months ago","2026-01-22T18:16:09.887Z",,"2026-02-15T19:40:15.000Z","Many thanks 😇","Ci9DQUlRQUNvZENodHljRjlvT2xscFMycERNbWhWYkc5NFdsbHFjbVJNTkZCTmRVRRAB",,,,,,,,,"Google","https://www.google.com/maps/reviews/data=!4m8!14m7!1m6!2m5!1sCi9DQUlRQUNvZENodHljRjlvT2xscFMycERNbWhWYkc5NFdsbHFjbVJNTkZCTmRVRRAB!2m1!1s0x0:0xc46d9dbd85c4e1e2!3m1!1s2@1:CAIQACodChtycF9oOllpS2pDMmhVbG94WllqcmRMNFBNdUE%7C%7C?hl=en","100038927253199000354","1","https://lh3.googleusercontent.com/a/ACg8ocIThrvAXhz5EfTYGTjCf315-YaNE6ew99JJNvOwYKKtyoaZMw=s1920-c-rp-mo-br100","https://www.google.com/maps/contrib/100038927253199000354?hl=en","329","2026-10-06T19:23:43.222Z","Direct Detail URL: https://www.google.com/maps?cid=14154142641213989346","5",,,"false","Excellent trip, friendly driver 😊.... Only the hours of the trip is a little bit short. We had a nice and exited day. From🇸🇨",,"Dunes Discovery Tourism LLC","5",,"https://www.google.com/maps/search/?api=1&query=Dunes%20Discovery%20Tourism%20LLC&query_place_id=ChIJbWsIEIVEdEER4uHEhb2dbcQ",
,"1522201601161585131","Tour agency","Service establishment","Tour agency","14154142641213989346",,,"0x4174448510086b6d:0xc46d9dbd85c4e1e2",,"https://lh3.googleusercontent.com/grass-cs/AABkmLd2_d1tXdrlH6LWW10pygDnJzaUhEU7C7L75fvzbAv4OYkdlD4LwcGPTtfM0xX8prg6H7I6hKya8LF-YWUiDMb0s1vwi8onlMyPQGQGfLxxP-evkFPGc0oYiPA5qiJVrNSeoCE=w408-h261-k-no","false","false","/g/11vk63ds_v","en","0","24.3539913","53.9485752","Augustine otchere",,"en","false","ChIJbWsIEIVEdEER4uHEhb2dbcQ",,,"8 months ago","2026-01-22T17:00:08.747Z",,"2026-01-23T12:57:45.000Z","Thanks 🙏 ","Ci9DQUlRQUNvZENodHljRjlvT25acmFEa3RhemhqTTBoTFVYRnRPVE0xWWtKUlNYYxAB",,,,,,,,,"Google","https://www.google.com/maps/reviews/data=!4m8!14m7!1m6!2m5!1sCi9DQUlRQUNvZENodHljRjlvT25acmFEa3RhemhqTTBoTFVYRnRPVE0xWWtKUlNYYxAB!2m1!1s0x0:0xc46d9dbd85c4e1e2!3m1!1s2@1:CAIQACodChtycF9oOnZraDktazhjM0hLUXFtOTM1YkJRSXc%7C%7C?hl=en","109233364040495132350","16","https://lh3.googleusercontent.com/a-/ALV-UjVd5SLgL3TUhAgB1YJWCcT_QszXTurUZixE-64yFwLDF1n5tHDE=s1920-c-rp-mo-br100","https://www.google.com/maps/contrib/109233364040495132350?hl=en","329","2026-10-06T19:23:43.222Z","Direct Detail URL: https://www.google.com/maps?cid=14154142641213989346","5",,,"false","Ali our driver was awesome 👌",,"Dunes Discovery Tourism LLC","5",,"https://www.google.com/maps/search/?api=1&query=Dunes%20Discovery%20Tourism%20LLC&query_place_id=ChIJbWsIEIVEdEER4uHEhb2dbcQ",
,"1522201601161585131","Tour agency","Service establishment","Tour agency","14154142641213989346",,,"0x4174448510086b6d:0xc46d9dbd85c4e1e2",,"https://lh3.googleusercontent.com/grass-cs/AABkmLd2_d1tXdrlH6LWW10pygDnJzaUhEU7C7L75fvzbAv4OYkdlD4LwcGPTtfM0xX8prg6H7I6hKya8LF-YWUiDMb0s1vwi8onlMyPQGQGfLxxP-evkFPGc0oYiPA5qiJVrNSeoCE=w408-h261-k-no","false","false","/g/11vk63ds_v","en","0","24.3539913","53.9485752","Gareth Gammon",,"en","false","ChIJbWsIEIVEdEER4uHEhb2dbcQ",,,"8 months ago","2026-01-22T05:39:23.431Z",,"2026-02-15T19:42:48.000Z","Thanks for the feedback 😇","Ci9DQUlRQUNvZENodHljRjlvT2xkUmFHOTJTVGhPVlRaTVpuVlBiVkJSZGtkb2IwRRAB","https://lh3.googleusercontent.com/grass-cs/ACvplmNSD8QEWAbfFGgu9Yfhmr1NPz9XkMew020xO6PkDvjplcwW2B84v2JC2kIYuYPWemI3JVLwLmPwqkCBIetoqUavXDHZ93M46SpViXxM3xcJ5UcQySHKw5b2wa5c4Cm18rSEdqLVDSNZMpo_=k-no","https://lh3.googleusercontent.com/grass-cs/ACvplmNgYKHlU6I7zKC0_iiZzAMfhSIvDacgYzr_5KRwodWeDNG69m1MDKIxy3Bz_RcHfse0KmE5sqYwFEfu2BE9IeRKabDLcZ3ia8nKfWBjsOLLzZwg0W_AjNvY4D_rKdXUh375qATmSjSGB3s=k-no","https://lh3.googleusercontent.com/grass-cs/ACvplmPKeOBePFZrvvAlouOxkOrYRVy3g7UiEVtNB-YcTKqFLsYNT0qM2X5gHgR9WJxRowkRjP-_CoOmWwbyR4nlWjePbKku0AL4_7dGUZdL_mGQW_oZRSFV9cflR3z2i8Jbh-gHCORwikqkK6sl=k-no","https://lh3.googleusercontent.com/grass-cs/ACvplmOxuqcCwzSRYZW3vqxZOrD6tM1B5jCt3_mnXybP61o9_YA721L3fnv2mz1OfXCFoZCilcNerkkz1x-Q0e7Tev6a1G2jLgR_QxUh3iXSuRo4Q3zepTB_i0vKef9App_OwkOPdMKXgGJGLKs=k-no","https://lh3.googleusercontent.com/grass-cs/ACvplmPOGqH1WC0GPq21YuG9sqVACCrGKcSkMT8GMTJSfHdSQi2rBmQF4eeFk55hO7hdfkWc96yJptxjjEtgMWN8aVan48nYE30rsOuyhfV8N-_fyZz0QYefvS3Yua14E9naL95JWRtcnANpt-ek=k-no","https://lh3.googleusercontent.com/grass-cs/ACvplmNNUjcXHcrxH4n88NjXOZwmsQs24U8wvWYlOisMTxKlaXqsgcYp1inkPYG0LuxYhQ2zxfrKtemRUcc4uZOBdIYOdKbQFZQNQ2Wx4ckkBYA7YLzPJ7557GOQsJRmkGIBAHvcqWXUjkQyBN0q=k-no","https://lh3.googleusercontent.com/grass-cs/ACvplmO4Rh-zUhLHsNMUNEvq8ZnYkqsShIodWfatIoZgEv1gOy-fuyUWxp2Mwr0XRUg59bXoAIq-cOHHv1wAFb_LzAYPG4ivkD5fgkNmOBLe_ZVDupcRQ_yHgiXctMYdLcufjTd2LH91MzRhCTS7=k-no","https://lh3.googleusercontent.com/grass-cs/ACvplmPuaXUhf94xV4jwXBxrPMbWeju2cEfEpphu9VjpEGF5EQvmL79wUK2SuMbcLnQNuUWB7Z9RZI5rtgxqi7sZ8E_3BGc2jrmGOvwDExCuqYUTiJ8rlJ91EeL76E8B4qCZRGuYQHCyLJnXk6gq=k-no","Google","https://www.google.com/maps/reviews/data=!4m8!14m7!1m6!2m5!1sCi9DQUlRQUNvZENodHljRjlvT2xkUmFHOTJTVGhPVlRaTVpuVlBiVkJSZGtkb2IwRRAB!2m1!1s0x0:0xc46d9dbd85c4e1e2!3m1!1s2@1:CAIQACodChtycF9oOldRaG92SThOVTZMZnVPbVBRdkdob0E%7C%7C?hl=en","111329021658018810479","3","https://lh3.googleusercontent.com/a/ACg8ocLcFj4dh3HvPya4fjPJjoe4bYSlUdJ-KkPtSpsgqCTIdQMv=s1920-c-rp-mo-br100","https://www.google.com/maps/contrib/111329021658018810479?hl=en","329","2026-10-06T19:23:43.222Z","Direct Detail URL: https://www.google.com/maps?cid=14154142641213989346","5",,,"false","Amazing tour guides, friendly, knowledgeable and professional. The overnight desert safari is not to be missed. Dune bashing is unreal, quad bikes fun, food incredible, fab food, and sleeping in the desert overnight an awesome experience. Thank you to the team.",,"Dunes Discovery Tourism LLC","5",,"https://www.google.com/maps/search/?api=1&query=Dunes%20Discovery%20Tourism%20LLC&query_place_id=ChIJbWsIEIVEdEER4uHEhb2dbcQ",
,"1522201601161585131","Tour agency","Service establishment","Tour agency","14154142641213989346",,,"0x4174448510086b6d:0xc46d9dbd85c4e1e2",,"https://lh3.googleusercontent.com/grass-cs/AABkmLd2_d1tXdrlH6LWW10pygDnJzaUhEU7C7L75fvzbAv4OYkdlD4LwcGPTtfM0xX8prg6H7I6hKya8LF-YWUiDMb0s1vwi8onlMyPQGQGfLxxP-evkFPGc0oYiPA5qiJVrNSeoCE=w408-h261-k-no","false","false","/g/11vk63ds_v","en","0","24.3539913","53.9485752","Naeem Khan",,"en","false","ChIJbWsIEIVEdEER4uHEhb2dbcQ",,,"8 months ago","2026-01-21T16:14:48.387Z",,"2026-02-15T19:40:38.000Z","Many thanks😇","Ci9DQUlRQUNvZENodHljRjlvT2tSU2JFRkpZMDFPYWxRdFRsVTVNV3h3TFV3M2RuYxAB",,,,,,,,,"Google","https://www.google.com/maps/reviews/data=!4m8!14m7!1m6!2m5!1sCi9DQUlRQUNvZENodHljRjlvT2tSU2JFRkpZMDFPYWxRdFRsVTVNV3h3TFV3M2RuYxAB!2m1!1s0x0:0xc46d9dbd85c4e1e2!3m1!1s2@1:CAIQACodChtycF9oOkRSbEFJY01OalQtTlU5MWxwLUw3dnc%7C%7C?hl=en","114116796625053190731","6","https://lh3.googleusercontent.com/a-/ALV-UjWSsJduJSRTKsSf5lidSRQ9mpEdp6_9BIyQL_SnebtIOgqbySZH=s1920-c-rp-mo-br100","https://www.google.com/maps/contrib/114116796625053190731?hl=en","329","2026-10-06T19:23:43.222Z","Direct Detail URL: https://www.google.com/maps?cid=14154142641213989346","5",,,"false","Ali Bhai driver was very good behaviour and very nice communication skills and have very nice control while safari desert and very cooperative person and humble",,"Dunes Discovery Tourism LLC","5",,"https://www.google.com/maps/search/?api=1&query=Dunes%20Discovery%20Tourism%20LLC&query_place_id=ChIJbWsIEIVEdEER4uHEhb2dbcQ",
,"1522201601161585131","Tour agency","Service establishment","Tour agency","14154142641213989346",,,"0x4174448510086b6d:0xc46d9dbd85c4e1e2",,"https://lh3.googleusercontent.com/grass-cs/AABkmLd2_d1tXdrlH6LWW10pygDnJzaUhEU7C7L75fvzbAv4OYkdlD4LwcGPTtfM0xX8prg6H7I6hKya8LF-YWUiDMb0s1vwi8onlMyPQGQGfLxxP-evkFPGc0oYiPA5qiJVrNSeoCE=w408-h261-k-no","false","false","/g/11vk63ds_v","en","0","24.3539913","53.9485752","Omkar Laygude",,"en","false","ChIJbWsIEIVEdEER4uHEhb2dbcQ",,,"8 months ago","2026-01-21T15:46:48.612Z",,"2026-02-15T19:40:48.000Z","Thank you 😇","Ci9DQUlRQUNvZENodHljRjlvT21kWGVUbHhPRmczV0dwdVpHUnhRbGREYlRaR1NGRRAB",,,,,,,,,"Google","https://www.google.com/maps/reviews/data=!4m8!14m7!1m6!2m5!1sCi9DQUlRQUNvZENodHljRjlvT21kWGVUbHhPRmczV0dwdVpHUnhRbGREYlRaR1NGRRAB!2m1!1s0x0:0xc46d9dbd85c4e1e2!3m1!1s2@1:CAIQACodChtycF9oOmdXeTlxOFg3WGpuZGRxQldDbTZGSFE%7C%7C?hl=en","112053576044557749423","1","https://lh3.googleusercontent.com/a-/ALV-UjW0BlBEHqdZQyPjIoaw_7WyDwLfzV5xTh6_zC6lqEqfuHhZpJA=s1920-c-rp-mo-br100","https://www.google.com/maps/contrib/112053576044557749423?hl=en","329","2026-10-06T19:23:43.222Z","Direct Detail URL: https://www.google.com/maps?cid=14154142641213989346","5",,,"false","Amazing safari experience! Everything was very well arranged and smooth from start to finish. The buggy safari in the Sahara Desert was super fun and thrilling, and the car desert safari with Malik bhai was the highlight—he is very entertaining, jolly, and made the ride unforgettable.
The night entertainment with dance and performances was absolutely excellent, and the food was delicious. I would strongly recommend everyone to visit and experience this at least once. Truly an awesome and memorable experience!",,"Dunes Discovery Tourism LLC","5",,"https://www.google.com/maps/search/?api=1&query=Dunes%20Discovery%20Tourism%20LLC&query_place_id=ChIJbWsIEIVEdEER4uHEhb2dbcQ",
,"1522201601161585131","Tour agency","Service establishment","Tour agency","14154142641213989346",,,"0x4174448510086b6d:0xc46d9dbd85c4e1e2",,"https://lh3.googleusercontent.com/grass-cs/AABkmLd2_d1tXdrlH6LWW10pygDnJzaUhEU7C7L75fvzbAv4OYkdlD4LwcGPTtfM0xX8prg6H7I6hKya8LF-YWUiDMb0s1vwi8onlMyPQGQGfLxxP-evkFPGc0oYiPA5qiJVrNSeoCE=w408-h261-k-no","false","false","/g/11vk63ds_v","en","0","24.3539913","53.9485752","Asadxxx Xxx",,"en","false","ChIJbWsIEIVEdEER4uHEhb2dbcQ",,,"8 months ago","2026-01-21T06:42:09.922Z",,"2026-02-15T19:41:00.000Z","Thank you 😇","Ci9DQUlRQUNvZENodHljRjlvT213M09FWkRXVVV6UjNoNE1UUkJTblZZYUc5cU0xRRAB",,,,,,,,,"Google","https://www.google.com/maps/reviews/data=!4m8!14m7!1m6!2m5!1sCi9DQUlRQUNvZENodHljRjlvT213M09FWkRXVVV6UjNoNE1UUkJTblZZYUc5cU0xRRAB!2m1!1s0x0:0xc46d9dbd85c4e1e2!3m1!1s2@1:CAIQACodChtycF9oOmw3OEZDWUUzR3h4MTRBSnVYaG9qM1E%7C%7C?hl=en","113725458619473397336","3","https://lh3.googleusercontent.com/a/ACg8ocJTGJe-qhTtV0poHpHwgx5fx41MngslQA0xfgErPxBU3I5oGw=s1920-c-rp-mo-br100","https://www.google.com/maps/contrib/113725458619473397336?hl=en","329","2026-10-06T19:23:43.222Z","Direct Detail URL: https://www.google.com/maps?cid=14154142641213989346","5",,,"false","Best ever driving skill of Ali in desert safari .amaizing control.excellent service",,"Dunes Discovery Tourism LLC","5",,"https://www.google.com/maps/search/?api=1&query=Dunes%20Discovery%20Tourism%20LLC&query_place_id=ChIJbWsIEIVEdEER4uHEhb2dbcQ",
,"1522201601161585131","Tour agency","Service establishment","Tour agency","14154142641213989346",,,"0x4174448510086b6d:0xc46d9dbd85c4e1e2",,"https://lh3.googleusercontent.com/grass-cs/AABkmLd2_d1tXdrlH6LWW10pygDnJzaUhEU7C7L75fvzbAv4OYkdlD4LwcGPTtfM0xX8prg6H7I6hKya8LF-YWUiDMb0s1vwi8onlMyPQGQGfLxxP-evkFPGc0oYiPA5qiJVrNSeoCE=w408-h261-k-no","false","false","/g/11vk63ds_v","en","0","24.3539913","53.9485752","Songül Yazıcı",,"en","false","ChIJbWsIEIVEdEER4uHEhb2dbcQ",,,"8 months ago","2026-01-20T16:48:32.244Z",,"2026-02-15T19:41:14.000Z","Thank you 😇","Ci9DQUlRQUNvZENodHljRjlvT2xOT05XOUNOWFZIZHpSNFJXczJja1UxUTFnNVVrRRAB",,,,,,,,,"Google","https://www.google.com/maps/reviews/data=!4m8!14m7!1m6!2m5!1sCi9DQUlRQUNvZENodHljRjlvT2xOT05XOUNOWFZIZHpSNFJXczJja1UxUTFnNVVrRRAB!2m1!1s0x0:0xc46d9dbd85c4e1e2!3m1!1s2@1:CAIQACodChtycF9oOlNONW9CNXVHdzR4RWs2ckU1Q1g5UkE%7C%7C?hl=en","108078135816649775366","4","https://lh3.googleusercontent.com/a/ACg8ocJ9JrZjCCrhR1GlsRjL92i49JIHc9VWuy_Or32gwxKz9qxwpg=s1920-c-rp-mo-br100","https://www.google.com/maps/contrib/108078135816649775366?hl=en","329","2026-10-06T19:23:43.222Z","Direct Detail URL: https://www.google.com/maps?cid=14154142641213989346","5",,,"false","Very good driver crazy exprience, very kind very respectful.",,"Dunes Discovery Tourism LLC","5",,"https://www.google.com/maps/search/?api=1&query=Dunes%20Discovery%20Tourism%20LLC&query_place_id=ChIJbWsIEIVEdEER4uHEhb2dbcQ",
,"1522201601161585131","Tour agency","Service establishment","Tour agency","14154142641213989346",,,"0x4174448510086b6d:0xc46d9dbd85c4e1e2",,"https://lh3.googleusercontent.com/grass-cs/AABkmLd2_d1tXdrlH6LWW10pygDnJzaUhEU7C7L75fvzbAv4OYkdlD4LwcGPTtfM0xX8prg6H7I6hKya8LF-YWUiDMb0s1vwi8onlMyPQGQGfLxxP-evkFPGc0oYiPA5qiJVrNSeoCE=w408-h261-k-no","false","false","/g/11vk63ds_v","en","0","24.3539913","53.9485752","Kasthuri G",,"en","false","ChIJbWsIEIVEdEER4uHEhb2dbcQ",,,"8 months ago","2026-01-20T15:37:59.407Z",,"2026-02-15T19:41:24.000Z","Thank you 😇","Ci9DQUlRQUNvZENodHljRjlvT2xWNFptdHhiR2hwUVRacVdrRjRVVlIwUWxWNmJYYxAB",,,,,,,,,"Google","https://www.google.com/maps/reviews/data=!4m8!14m7!1m6!2m5!1sCi9DQUlRQUNvZENodHljRjlvT2xWNFptdHhiR2hwUVRacVdrRjRVVlIwUWxWNmJYYxAB!2m1!1s0x0:0xc46d9dbd85c4e1e2!3m1!1s2@1:CAIQACodChtycF9oOlV4ZmtxbGhpQTZqWkF4UVR0QlV6bXc%7C%7C?hl=en","118033816007610445562","1","https://lh3.googleusercontent.com/a/ACg8ocKAl1kL6JdUY1fWpJ2yAIqgYTPIxg3u3ipqUPWIh5pbkKHM6g=s1920-c-rp-mo-br100","https://www.google.com/maps/contrib/118033816007610445562?hl=en","329","2026-10-06T19:23:43.222Z","Direct Detail URL: https://www.google.com/maps?cid=14154142641213989346","5",,,"false","provide proper guidelines,
Rides& belly show most adventures and enjoyed a lot.",,"Dunes Discovery Tourism LLC","5",,"https://www.google.com/maps/search/?api=1&query=Dunes%20Discovery%20Tourism%20LLC&query_place_id=ChIJbWsIEIVEdEER4uHEhb2dbcQ",
,"1522201601161585131","Tour agency","Service establishment","Tour agency","14154142641213989346",,,"0x4174448510086b6d:0xc46d9dbd85c4e1e2",,"https://lh3.googleusercontent.com/grass-cs/AABkmLd2_d1tXdrlH6LWW10pygDnJzaUhEU7C7L75fvzbAv4OYkdlD4LwcGPTtfM0xX8prg6H7I6hKya8LF-YWUiDMb0s1vwi8onlMyPQGQGfLxxP-evkFPGc0oYiPA5qiJVrNSeoCE=w408-h261-k-no","false","false","/g/11vk63ds_v","en","0","24.3539913","53.9485752","Johnathan S.",,"en","false","ChIJbWsIEIVEdEER4uHEhb2dbcQ",,,"8 months ago","2026-01-20T15:36:54.614Z",,"2026-02-15T19:41:33.000Z","Many thanks😇","Ci9DQUlRQUNvZENodHljRjlvT2t4c0xYVmFNRFo2YTJkUlRqZFZaVGRUU1U1VE5GRRAB",,,,,,,,,"Google","https://www.google.com/maps/reviews/data=!4m8!14m7!1m6!2m5!1sCi9DQUlRQUNvZENodHljRjlvT2t4c0xYVmFNRFo2YTJkUlRqZFZaVGRUU1U1VE5GRRAB!2m1!1s0x0:0xc46d9dbd85c4e1e2!3m1!1s2@1:CAIQACodChtycF9oOkxsLXVaMDZ6a2dRTjdVZTdTSU5TNFE%7C%7C?hl=en","116777652125459374038","6","https://lh3.googleusercontent.com/a/ACg8ocKAULPS2K8OP7ZdhIdIKbpv4DxJbL4fraDJBCCIOFK2sKonAM4=s1920-c-rp-mo-br100","https://www.google.com/maps/contrib/116777652125459374038?hl=en","329","2026-10-06T19:23:43.222Z","Direct Detail URL: https://www.google.com/maps?cid=14154142641213989346","5",,,"false","Umar was a great tour guide he took us to do dune bashing, camel riding, live shows and had some good bbq. Everything was so fun!",,"Dunes Discovery Tourism LLC","5",,"https://www.google.com/maps/search/?api=1&query=Dunes%20Discovery%20Tourism%20LLC&query_place_id=ChIJbWsIEIVEdEER4uHEhb2dbcQ",
,"1522201601161585131","Tour agency","Service establishment","Tour agency","14154142641213989346",,,"0x4174448510086b6d:0xc46d9dbd85c4e1e2",,"https://lh3.googleusercontent.com/grass-cs/AABkmLd2_d1tXdrlH6LWW10pygDnJzaUhEU7C7L75fvzbAv4OYkdlD4LwcGPTtfM0xX8prg6H7I6hKya8LF-YWUiDMb0s1vwi8onlMyPQGQGfLxxP-evkFPGc0oYiPA5qiJVrNSeoCE=w408-h261-k-no","false","false","/g/11vk63ds_v","en","0","24.3539913","53.9485752","Abhisek Rout",,"en","false","ChIJbWsIEIVEdEER4uHEhb2dbcQ",,,"8 months ago","2026-01-19T17:13:02.912Z",,"2026-02-15T19:41:42.000Z","Thank you😇","Ci9DQUlRQUNvZENodHljRjlvT21KaUxXbEVkakJSVFhOV1ZuQm1hVkZZY21RMVUxRRAB",,,,,,,,,"Google","https://www.google.com/maps/reviews/data=!4m8!14m7!1m6!2m5!1sCi9DQUlRQUNvZENodHljRjlvT21KaUxXbEVkakJSVFhOV1ZuQm1hVkZZY21RMVUxRRAB!2m1!1s0x0:0xc46d9dbd85c4e1e2!3m1!1s2@1:CAIQACodChtycF9oOmJiLWlEdjBRTXNWVnBmaVFYcmQ1U1E%7C%7C?hl=en","115162167152513003163","8","https://lh3.googleusercontent.com/a-/ALV-UjX_AiJ6YJnSiQq4432lyZ8e7in4FGmai2D6PNqdkEv8yAdCQz4c7w=s1920-c-rp-mo-br100","https://www.google.com/maps/contrib/115162167152513003163?hl=en","329","2026-10-06T19:23:43.222Z","Direct Detail URL: https://www.google.com/maps?cid=14154142641213989346","5",,,"false","Very good experience with umar.
Umar guided us very well and we enjoyed a lot .",,"Dunes Discovery Tourism LLC","5",,"https://www.google.com/maps/search/?api=1&query=Dunes%20Discovery%20Tourism%20LLC&query_place_id=ChIJbWsIEIVEdEER4uHEhb2dbcQ",
,"1522201601161585131","Tour agency","Service establishment","Tour agency","14154142641213989346",,,"0x4174448510086b6d:0xc46d9dbd85c4e1e2",,"https://lh3.googleusercontent.com/grass-cs/AABkmLd2_d1tXdrlH6LWW10pygDnJzaUhEU7C7L75fvzbAv4OYkdlD4LwcGPTtfM0xX8prg6H7I6hKya8LF-YWUiDMb0s1vwi8onlMyPQGQGfLxxP-evkFPGc0oYiPA5qiJVrNSeoCE=w408-h261-k-no","false","true","/g/11vk63ds_v","en","0","24.3539913","53.9485752","Dr Snehasis Pradhan",,"en","false","ChIJbWsIEIVEdEER4uHEhb2dbcQ",,,"8 months ago","2026-01-19T16:16:50.099Z",,"2026-02-15T19:41:54.000Z","Thank you 😇","Ci9DQUlRQUNvZENodHljRjlvT201d1EwUlFXVFkwTUZSTU0xcG9Xa3BqZGpKRE5HYxAB",,,,,,,,,"Google","https://www.google.com/maps/reviews/data=!4m8!14m7!1m6!2m5!1sCi9DQUlRQUNvZENodHljRjlvT201d1EwUlFXVFkwTUZSTU0xcG9Xa3BqZGpKRE5HYxAB!2m1!1s0x0:0xc46d9dbd85c4e1e2!3m1!1s2@1:CAIQACodChtycF9oOm5wQ0RQWTY0MFRMM1poWkpjdjJDNGc%7C%7C?hl=en","117248965608377367657","42","https://lh3.googleusercontent.com/a-/ALV-UjUAUAwyhBK71l-VnKx9VBWcbFqL6rPeB9X61WJgEJdtopqpa4Lh=s1920-c-rp-mo-ba12-br100","https://www.google.com/maps/contrib/117248965608377367657?hl=en","329","2026-10-06T19:23:43.222Z","Direct Detail URL: https://www.google.com/maps?cid=14154142641213989346","5",,,"false","It was a very great experience with Dunes Discovery Tourism. It was a great time with Umar Ji guiding the travel. Zubair g led a fabulous Desert Safari Ride. Thanks a lot team Dunes Discovery. Keep it up. Hope to u see u guys again..😍",,"Dunes Discovery Tourism LLC","5",,"https://www.google.com/maps/search/?api=1&query=Dunes%20Discovery%20Tourism%20LLC&query_place_id=ChIJbWsIEIVEdEER4uHEhb2dbcQ",
,"1522201601161585131","Tour agency","Service establishment","Tour agency","14154142641213989346",,,"0x4174448510086b6d:0xc46d9dbd85c4e1e2",,"https://lh3.googleusercontent.com/grass-cs/AABkmLd2_d1tXdrlH6LWW10pygDnJzaUhEU7C7L75fvzbAv4OYkdlD4LwcGPTtfM0xX8prg6H7I6hKya8LF-YWUiDMb0s1vwi8onlMyPQGQGfLxxP-evkFPGc0oYiPA5qiJVrNSeoCE=w408-h261-k-no","false","true","/g/11vk63ds_v","en","0","24.3539913","53.9485752","Yadwinder Singh Dhaliwal",,"en","false","ChIJbWsIEIVEdEER4uHEhb2dbcQ",,,"8 months ago","2026-01-18T15:41:39.967Z",,"2026-02-15T19:42:06.000Z","Thank you 😇","Ci9DQUlRQUNvZENodHljRjlvT2w5WFIwZzBiRmxPWDJ4aFNsVkNRMUUzYTJnNVJYYxAB",,,,,,,,,"Google","https://www.google.com/maps/reviews/data=!4m8!14m7!1m6!2m5!1sCi9DQUlRQUNvZENodHljRjlvT2w5WFIwZzBiRmxPWDJ4aFNsVkNRMUUzYTJnNVJYYxAB!2m1!1s0x0:0xc46d9dbd85c4e1e2!3m1!1s2@1:CAIQACodChtycF9oOl9XR0g0bFlOX2xhSlVCQ1E3a2g5RXc%7C%7C?hl=en","117771584547813684917","181","https://lh3.googleusercontent.com/a-/ALV-UjXYaNG9vxrSRBCRW9ByDK4_f4Rvx5ck7ZbE6_hyzd992x0XIndJ=s1920-c-rp-mo-ba12-br100","https://www.google.com/maps/contrib/117771584547813684917?hl=en","329","2026-10-06T19:23:43.222Z","Direct Detail URL: https://www.google.com/maps?cid=14154142641213989346","5",,,"false","We had a great desert safari experience, and a big thanks to Umar for making the day so smooth and enjoyable. He explained everything clearly from start to finish and was very patient and professional throughout the day.

The dune bashing was perfect, and we were picked up and dropped off in a new  Land Cruiser, which made the ride very comfortable. As promised, the entire safari was done in a private vehicle, which we really appreciated.

Umar also went out of his way to help us book a buggy ride, which added even more fun to the experience. Overall, it was a fantastic day and highly recommended!",,"Dunes Discovery Tourism LLC","5",,"https://www.google.com/maps/search/?api=1&query=Dunes%20Discovery%20Tourism%20LLC&query_place_id=ChIJbWsIEIVEdEER4uHEhb2dbcQ",
,"1522201601161585131","Tour agency","Service establishment","Tour agency","14154142641213989346",,,"0x4174448510086b6d:0xc46d9dbd85c4e1e2",,"https://lh3.googleusercontent.com/grass-cs/AABkmLd2_d1tXdrlH6LWW10pygDnJzaUhEU7C7L75fvzbAv4OYkdlD4LwcGPTtfM0xX8prg6H7I6hKya8LF-YWUiDMb0s1vwi8onlMyPQGQGfLxxP-evkFPGc0oYiPA5qiJVrNSeoCE=w408-h261-k-no","false","false","/g/11vk63ds_v","en","0","24.3539913","53.9485752","Krishna Kumar",,"en","false","ChIJbWsIEIVEdEER4uHEhb2dbcQ",,,"8 months ago","2026-01-14T17:02:50.912Z",,"2026-01-17T19:42:02.000Z","Thanks 😇","Ci9DQUlRQUNvZENodHljRjlvT20xSWRVc3RiRzVXVVdsa1RYRlVjWGhPVDFweFVFRRAB",,,,,,,,,"Google","https://www.google.com/maps/reviews/data=!4m8!14m7!1m6!2m5!1sCi9DQUlRQUNvZENodHljRjlvT20xSWRVc3RiRzVXVVdsa1RYRlVjWGhPVDFweFVFRRAB!2m1!1s0x0:0xc46d9dbd85c4e1e2!3m1!1s2@1:CAIQACodChtycF9oOm1IdUstbG5WUWlkTXFUcXhOT1pxUEE%7C%7C?hl=en","110728511392082497672","7","https://lh3.googleusercontent.com/a-/ALV-UjUzKdZ49ihEP_GbV4aJi1kTNDCcirlSTVu5lmXuyb38wpTgFGtL=s1920-c-rp-mo-br100","https://www.google.com/maps/contrib/110728511392082497672?hl=en","329","2026-10-06T19:23:43.222Z","Direct Detail URL: https://www.google.com/maps?cid=14154142641213989346","5",,,"false","Amazing experience with malik brother",,"Dunes Discovery Tourism LLC","5",,"https://www.google.com/maps/search/?api=1&query=Dunes%20Discovery%20Tourism%20LLC&query_place_id=ChIJbWsIEIVEdEER4uHEhb2dbcQ",
,"1522201601161585131","Tour agency","Service establishment","Tour agency","14154142641213989346",,,"0x4174448510086b6d:0xc46d9dbd85c4e1e2",,"https://lh3.googleusercontent.com/grass-cs/AABkmLd2_d1tXdrlH6LWW10pygDnJzaUhEU7C7L75fvzbAv4OYkdlD4LwcGPTtfM0xX8prg6H7I6hKya8LF-YWUiDMb0s1vwi8onlMyPQGQGfLxxP-evkFPGc0oYiPA5qiJVrNSeoCE=w408-h261-k-no","false","false","/g/11vk63ds_v","en","0","24.3539913","53.9485752","Manoj G",,"en","false","ChIJbWsIEIVEdEER4uHEhb2dbcQ",,,"8 months ago","2026-01-13T16:08:16.655Z",,"2026-01-17T19:42:14.000Z","Thank you soo much 😇","Ci9DQUlRQUNvZENodHljRjlvT205dFdIaE1XRTVMVkdSVmFERlBXbG93TW05cWNWRRAB",,,,,,,,,"Google","https://www.google.com/maps/reviews/data=!4m8!14m7!1m6!2m5!1sCi9DQUlRQUNvZENodHljRjlvT205dFdIaE1XRTVMVkdSVmFERlBXbG93TW05cWNWRRAB!2m1!1s0x0:0xc46d9dbd85c4e1e2!3m1!1s2@1:CAIQACodChtycF9oOm9tWHhMWE5LVGRVaDFPWlowMm9qcVE%7C%7C?hl=en","109253253389889231585","11","https://lh3.googleusercontent.com/a/ACg8ocIXH7OJHQ7kHJymSNnUEkWN356FVen_UYNNas9GWO5TY1oRSqM=s1920-c-rp-mo-br100","https://www.google.com/maps/contrib/109253253389889231585?hl=en","329","2026-10-06T19:23:43.222Z","Direct Detail URL: https://www.google.com/maps?cid=14154142641213989346","4",,,"false","Good Experience and Good Guide and friendly Mr.Umar",,"Dunes Discovery Tourism LLC","5",,"https://www.google.com/maps/search/?api=1&query=Dunes%20Discovery%20Tourism%20LLC&query_place_id=ChIJbWsIEIVEdEER4uHEhb2dbcQ",
,"1522201601161585131","Tour agency","Service establishment","Tour agency","14154142641213989346",,,"0x4174448510086b6d:0xc46d9dbd85c4e1e2",,"https://lh3.googleusercontent.com/grass-cs/AABkmLd2_d1tXdrlH6LWW10pygDnJzaUhEU7C7L75fvzbAv4OYkdlD4LwcGPTtfM0xX8prg6H7I6hKya8LF-YWUiDMb0s1vwi8onlMyPQGQGfLxxP-evkFPGc0oYiPA5qiJVrNSeoCE=w408-h261-k-no","false","false","/g/11vk63ds_v","en","0","24.3539913","53.9485752","kali apparao",,"en","false","ChIJbWsIEIVEdEER4uHEhb2dbcQ",,,"8 months ago","2026-01-13T15:26:01.089Z",,"2026-01-17T19:42:29.000Z","Thank you 😇","Ci9DQUlRQUNvZENodHljRjlvT25NNVpUTlROR1kwZWtOdk1FVTNRazlsY1UxSWRrRRAB",,,,,,,,,"Google","https://www.google.com/maps/reviews/data=!4m8!14m7!1m6!2m5!1sCi9DQUlRQUNvZENodHljRjlvT25NNVpUTlROR1kwZWtOdk1FVTNRazlsY1UxSWRrRRAB!2m1!1s0x0:0xc46d9dbd85c4e1e2!3m1!1s2@1:CAIQACodChtycF9oOnM5ZTNTNGY0ekNvMEU3Qk9lcU1IdkE%7C%7C?hl=en","112626442532685199305","7","https://lh3.googleusercontent.com/a-/ALV-UjXs_ahoUdWK0EFho_G0nD5K1Yik8qj44A5OBoEDa3jjhTwyva0=s1920-c-rp-mo-br100","https://www.google.com/maps/contrib/112626442532685199305?hl=en","329","2026-10-06T19:23:43.222Z","Direct Detail URL: https://www.google.com/maps?cid=14154142641213989346","5",,,"false","I am very happy about Dune bashing and all activities.  Thank you very much Umar
Give a great night. 😀",,"Dunes Discovery Tourism LLC","5",,"https://www.google.com/maps/search/?api=1&query=Dunes%20Discovery%20Tourism%20LLC&query_place_id=ChIJbWsIEIVEdEER4uHEhb2dbcQ",
,"1522201601161585131","Tour agency","Service establishment","Tour agency","14154142641213989346",,,"0x4174448510086b6d:0xc46d9dbd85c4e1e2",,"https://lh3.googleusercontent.com/grass-cs/AABkmLd2_d1tXdrlH6LWW10pygDnJzaUhEU7C7L75fvzbAv4OYkdlD4LwcGPTtfM0xX8prg6H7I6hKya8LF-YWUiDMb0s1vwi8onlMyPQGQGfLxxP-evkFPGc0oYiPA5qiJVrNSeoCE=w408-h261-k-no","false","false","/g/11vk63ds_v","en","0","24.3539913","53.9485752","Ultimate Set",,"en","false","ChIJbWsIEIVEdEER4uHEhb2dbcQ",,,"8 months ago","2026-01-13T14:57:20.386Z",,"2026-01-17T19:42:40.000Z","Many thanks😇","Ci9DQUlRQUNvZENodHljRjlvT21WZmFFaFhSMmwyYTJwdFZtZ3lVSEp3WVRCalNVRRAB",,,,,,,,,"Google","https://www.google.com/maps/reviews/data=!4m8!14m7!1m6!2m5!1sCi9DQUlRQUNvZENodHljRjlvT21WZmFFaFhSMmwyYTJwdFZtZ3lVSEp3WVRCalNVRRAB!2m1!1s0x0:0xc46d9dbd85c4e1e2!3m1!1s2@1:CAIQACodChtycF9oOmVfaEhXR2l2a2ptVmgyUHJwYTBjSUE%7C%7C?hl=en","110771900263639010669","1","https://lh3.googleusercontent.com/a/ACg8ocKhsLiQLYnwYVKEpdRvdDQ8ELQ1yqjP2Mcl9BiclQQgirTk9A=s1920-c-rp-mo-br100","https://www.google.com/maps/contrib/110771900263639010669?hl=en","329","2026-10-06T19:23:43.222Z","Direct Detail URL: https://www.google.com/maps?cid=14154142641213989346","5",,,"false","Very good experience, mr umar was great person, and the camp was also great, friendly environment.",,"Dunes Discovery Tourism LLC","5",,"https://www.google.com/maps/search/?api=1&query=Dunes%20Discovery%20Tourism%20LLC&query_place_id=ChIJbWsIEIVEdEER4uHEhb2dbcQ",
,"1522201601161585131","Tour agency","Service establishment","Tour agency","14154142641213989346",,,"0x4174448510086b6d:0xc46d9dbd85c4e1e2",,"https://lh3.googleusercontent.com/grass-cs/AABkmLd2_d1tXdrlH6LWW10pygDnJzaUhEU7C7L75fvzbAv4OYkdlD4LwcGPTtfM0xX8prg6H7I6hKya8LF-YWUiDMb0s1vwi8onlMyPQGQGfLxxP-evkFPGc0oYiPA5qiJVrNSeoCE=w408-h261-k-no","false","false","/g/11vk63ds_v","en","0","24.3539913","53.9485752","Parameswaran K",,"en","false","ChIJbWsIEIVEdEER4uHEhb2dbcQ",,,"9 months ago","2025-12-27T15:25:41.818Z",,"2026-01-17T19:43:04.000Z","Many thanks for the feedback 😇","Ci9DQUlRQUNvZENodHljRjlvT2xrMVgzbG5OVXRRVjBnNFEyZ3dOV1pKWTJwcFJuYxAB",,,,,,,,,"Google","https://www.google.com/maps/reviews/data=!4m8!14m7!1m6!2m5!1sCi9DQUlRQUNvZENodHljRjlvT2xrMVgzbG5OVXRRVjBnNFEyZ3dOV1pKWTJwcFJuYxAB!2m1!1s0x0:0xc46d9dbd85c4e1e2!3m1!1s2@1:CAIQACodChtycF9oOlk1X3lnNUtQV0g4Q2gwNWZJY2ppRnc%7C%7C?hl=en","115212153784674334144","1","https://lh3.googleusercontent.com/a-/ALV-UjXeTcOEiGIV-LwxZVdwv2zFvu_24OQuiEgUCAM8nDMpXIao26fQGA=s1920-c-rp-mo-br100","https://www.google.com/maps/contrib/115212153784674334144?hl=en","329","2026-10-06T19:23:43.222Z","Direct Detail URL: https://www.google.com/maps?cid=14154142641213989346","5",,,"false","Really good and excellent service h
ighly recommend this company
Specially thanks to Mr Umar to make our day special
Food and camp activities were very awesome 😎
And the dune bashing was very best and powerful 😎❤️👍",,"Dunes Discovery Tourism LLC","5",,"https://www.google.com/maps/search/?api=1&query=Dunes%20Discovery%20Tourism%20LLC&query_place_id=ChIJbWsIEIVEdEER4uHEhb2dbcQ",
,"1522201601161585131","Tour agency","Service establishment","Tour agency","14154142641213989346",,,"0x4174448510086b6d:0xc46d9dbd85c4e1e2",,"https://lh3.googleusercontent.com/grass-cs/AABkmLd2_d1tXdrlH6LWW10pygDnJzaUhEU7C7L75fvzbAv4OYkdlD4LwcGPTtfM0xX8prg6H7I6hKya8LF-YWUiDMb0s1vwi8onlMyPQGQGfLxxP-evkFPGc0oYiPA5qiJVrNSeoCE=w408-h261-k-no","false","true","/g/11vk63ds_v","en","0","24.3539913","53.9485752","Saravana Kumar",,"en","false","ChIJbWsIEIVEdEER4uHEhb2dbcQ",,,"9 months ago","2025-12-25T15:13:29.012Z",,"2026-01-17T19:43:13.000Z","Thank you 😇","Ci9DQUlRQUNvZENodHljRjlvT2xkeVdDMXZRM1ZOUW1NeE1tczVORU50TTJaUU4xRRAB",,,,,,,,,"Google","https://www.google.com/maps/reviews/data=!4m8!14m7!1m6!2m5!1sCi9DQUlRQUNvZENodHljRjlvT2xkeVdDMXZRM1ZOUW1NeE1tczVORU50TTJaUU4xRRAB!2m1!1s0x0:0xc46d9dbd85c4e1e2!3m1!1s2@1:CAIQACodChtycF9oOldyWC1vQ3VNQmMxMms5NENtM2ZQN1E%7C%7C?hl=en","106888503090958992756","15","https://lh3.googleusercontent.com/a-/ALV-UjVT4-e_P_w6_buEKnfFbRxWMPTzZi44Ux9QwYeCJC2PkBTw4-0=s1920-c-rp-mo-ba12-br100","https://www.google.com/maps/contrib/106888503090958992756?hl=en","329","2026-10-06T19:23:43.222Z","Direct Detail URL: https://www.google.com/maps?cid=14154142641213989346","5",,,"false","Desert safari experience was too good. Camp activities and food was good. Support from Mr. Umar was very good. Enjoyed the day with Dunes service.",,"Dunes Discovery Tourism LLC","5",,"https://www.google.com/maps/search/?api=1&query=Dunes%20Discovery%20Tourism%20LLC&query_place_id=ChIJbWsIEIVEdEER4uHEhb2dbcQ",
,"1522201601161585131","Tour agency","Service establishment","Tour agency","14154142641213989346",,,"0x4174448510086b6d:0xc46d9dbd85c4e1e2",,"https://lh3.googleusercontent.com/grass-cs/AABkmLd2_d1tXdrlH6LWW10pygDnJzaUhEU7C7L75fvzbAv4OYkdlD4LwcGPTtfM0xX8prg6H7I6hKya8LF-YWUiDMb0s1vwi8onlMyPQGQGfLxxP-evkFPGc0oYiPA5qiJVrNSeoCE=w408-h261-k-no","false","false","/g/11vk63ds_v","en","0","24.3539913","53.9485752","Hana na",,"en","false","ChIJbWsIEIVEdEER4uHEhb2dbcQ",,,"9 months ago","2025-12-24T17:13:24.786Z",,"2026-01-17T19:43:25.000Z","Many thanks 😇","Ci9DQUlRQUNvZENodHljRjlvT2xkaVVVRkhXRWRhWm5NeVZqaHFVV3hCVVVZelIzYxAB",,,,,,,,,"Google","https://www.google.com/maps/reviews/data=!4m8!14m7!1m6!2m5!1sCi9DQUlRQUNvZENodHljRjlvT2xkaVVVRkhXRWRhWm5NeVZqaHFVV3hCVVVZelIzYxAB!2m1!1s0x0:0xc46d9dbd85c4e1e2!3m1!1s2@1:CAIQACodChtycF9oOldiUUFHWEdaZnMyVjhqUWxBUUYzR3c%7C%7C?hl=en","100029802331141260947","5","https://lh3.googleusercontent.com/a/ACg8ocKrsapips-ifqOVdTV9iqjFV04yDP8WHelUXKXfQ2E3tqSGBQ=s1920-c-rp-mo-br100","https://www.google.com/maps/contrib/100029802331141260947?hl=en","329","2026-10-06T19:23:43.222Z","Direct Detail URL: https://www.google.com/maps?cid=14154142641213989346","5",,,"false","Highly recommended for a unique and thrilling safari experience in Dubai! Everything was well organized, and Malik was knowledgeable and attentive, always checking on our well-being throughout the trip. The dune bashing ride was exciting and perfectly accompanied by suitable Arabic music, which really set the mood. The BBQ food was good and satisfying after the adventure, and the fire performance was definitely a highlight for me — very entertaining and memorable. Overall, an amazing experience from start to finish!",,"Dunes Discovery Tourism LLC","5",,"https://www.google.com/maps/search/?api=1&query=Dunes%20Discovery%20Tourism%20LLC&query_place_id=ChIJbWsIEIVEdEER4uHEhb2dbcQ",
,"1522201601161585131","Tour agency","Service establishment","Tour agency","14154142641213989346",,,"0x4174448510086b6d:0xc46d9dbd85c4e1e2",,"https://lh3.googleusercontent.com/grass-cs/AABkmLd2_d1tXdrlH6LWW10pygDnJzaUhEU7C7L75fvzbAv4OYkdlD4LwcGPTtfM0xX8prg6H7I6hKya8LF-YWUiDMb0s1vwi8onlMyPQGQGfLxxP-evkFPGc0oYiPA5qiJVrNSeoCE=w408-h261-k-no","false","false","/g/11vk63ds_v","en","0","24.3539913","53.9485752","Imran Slamat",,"en","false","ChIJbWsIEIVEdEER4uHEhb2dbcQ",,,"9 months ago","2025-12-24T17:11:14.972Z",,"2026-01-17T19:43:43.000Z","Thanks for the feedback 😇","Ci9DQUlRQUNvZENodHljRjlvT2pCNFl6aG9SR2h5VjBwQ1UxWlliRWt6TVhkWlEwRRAB","https://lh3.googleusercontent.com/grass-cs/ACvplmP8sojHk0GblsE5DwwoSgvS5OS6hbswD4y4ZZyhAvoQtC0Ugze5Xo3sln0Igw2BZC5uznllNel0LgU2jgIB-KiABitibMKEdIVtZ4NyllKOMl3yD65k7ivRZ8NqrbOF2UsZnJJtGE624Bdq=k-no",,,,,,,,"Google","https://www.google.com/maps/reviews/data=!4m8!14m7!1m6!2m5!1sCi9DQUlRQUNvZENodHljRjlvT2pCNFl6aG9SR2h5VjBwQ1UxWlliRWt6TVhkWlEwRRAB!2m1!1s0x0:0xc46d9dbd85c4e1e2!3m1!1s2@1:CAIQACodChtycF9oOjB4YzhoRGhyV0pCU1ZYbEkzMXdZQ0E%7C%7C?hl=en","101379093104406382753","7","https://lh3.googleusercontent.com/a/ACg8ocJKwWv0c1C_87USNF0QxLKjw4dc5tf9-Ccbq8drEMCMLXwqMVw=s1920-c-rp-mo-br100","https://www.google.com/maps/contrib/101379093104406382753?hl=en","329","2026-10-06T19:23:43.222Z","Direct Detail URL: https://www.google.com/maps?cid=14154142641213989346","5",,,"false","Malek is an experience guide and driver. He provide professional advise and guidance for the desert safari. We had an enjoyable experience as a family.",,"Dunes Discovery Tourism LLC","5",,"https://www.google.com/maps/search/?api=1&query=Dunes%20Discovery%20Tourism%20LLC&query_place_id=ChIJbWsIEIVEdEER4uHEhb2dbcQ",
,"1522201601161585131","Tour agency","Service establishment","Tour agency","14154142641213989346",,,"0x4174448510086b6d:0xc46d9dbd85c4e1e2",,"https://lh3.googleusercontent.com/grass-cs/AABkmLd2_d1tXdrlH6LWW10pygDnJzaUhEU7C7L75fvzbAv4OYkdlD4LwcGPTtfM0xX8prg6H7I6hKya8LF-YWUiDMb0s1vwi8onlMyPQGQGfLxxP-evkFPGc0oYiPA5qiJVrNSeoCE=w408-h261-k-no","false","true","/g/11vk63ds_v","en","0","24.3539913","53.9485752","shahidah angullia",,"en","false","ChIJbWsIEIVEdEER4uHEhb2dbcQ",,,"9 months ago","2025-12-24T17:03:11.617Z",,"2026-01-17T19:43:52.000Z","May thanks 😇","Ci9DQUlRQUNvZENodHljRjlvT2pCTk4yZE1Xak5wY1RoUVZGcG1TblJ1WDBSbk9VRRAB",,,,,,,,,"Google","https://www.google.com/maps/reviews/data=!4m8!14m7!1m6!2m5!1sCi9DQUlRQUNvZENodHljRjlvT2pCTk4yZE1Xak5wY1RoUVZGcG1TblJ1WDBSbk9VRRAB!2m1!1s0x0:0xc46d9dbd85c4e1e2!3m1!1s2@1:CAIQACodChtycF9oOjBNN2dMWjNpcThQVFpmSnRuX0RnOUE%7C%7C?hl=en","115400751781418379851","42","https://lh3.googleusercontent.com/a-/ALV-UjWUpm6vp8Czb_e-PJJOKDOWlUC_MKa1Vku_f_esSWnuFfXEnsZtJg=s1920-c-rp-mo-ba12-br100","https://www.google.com/maps/contrib/115400751781418379851?hl=en","329","2026-10-06T19:23:43.222Z","Direct Detail URL: https://www.google.com/maps?cid=14154142641213989346","5",,,"false","Adrenaline-filled dune bashing with Malik Safari! Safe, fun, friendly crew and an amazing desert experience.",,"Dunes Discovery Tourism LLC","5",,"https://www.google.com/maps/search/?api=1&query=Dunes%20Discovery%20Tourism%20LLC&query_place_id=ChIJbWsIEIVEdEER4uHEhb2dbcQ",
,"1522201601161585131","Tour agency","Service establishment","Tour agency","14154142641213989346",,,"0x4174448510086b6d:0xc46d9dbd85c4e1e2",,"https://lh3.googleusercontent.com/grass-cs/AABkmLd2_d1tXdrlH6LWW10pygDnJzaUhEU7C7L75fvzbAv4OYkdlD4LwcGPTtfM0xX8prg6H7I6hKya8LF-YWUiDMb0s1vwi8onlMyPQGQGfLxxP-evkFPGc0oYiPA5qiJVrNSeoCE=w408-h261-k-no","false","false","/g/11vk63ds_v","en","0","24.3539913","53.9485752","Ranjan Kumar Sahu",,"en","false","ChIJbWsIEIVEdEER4uHEhb2dbcQ",,,"9 months ago","2025-12-24T15:23:44.598Z",,"2026-01-17T19:44:01.000Z","Thank you😇","Ci9DQUlRQUNvZENodHljRjlvT2tjNWNEaFljMlJ3VUZCaldEbFhXRlZ4UTJVemIxRRAB",,,,,,,,,"Google","https://www.google.com/maps/reviews/data=!4m8!14m7!1m6!2m5!1sCi9DQUlRQUNvZENodHljRjlvT2tjNWNEaFljMlJ3VUZCaldEbFhXRlZ4UTJVemIxRRAB!2m1!1s0x0:0xc46d9dbd85c4e1e2!3m1!1s2@1:CAIQACodChtycF9oOkc5cDhYc2RwUFBjWDlXWFVxQ2Uzb1E%7C%7C?hl=en","117819794531411410921","3","https://lh3.googleusercontent.com/a-/ALV-UjVQw7XI5DMYtsHeJjV2NdJjgyQNcgeYDECU_6zZOhWhX0FzBn2d=s1920-c-rp-mo-br100","https://www.google.com/maps/contrib/117819794531411410921?hl=en","329","2026-10-06T19:23:43.222Z","Direct Detail URL: https://www.google.com/maps?cid=14154142641213989346","5",,,"false","Trip was exciting and everyone enjoyed the dune bashing and ride. Dinner was tasty with very good ambience. Umar is very good guide and make our trip more enjoyable.",,"Dunes Discovery Tourism LLC","5",,"https://www.google.com/maps/search/?api=1&query=Dunes%20Discovery%20Tourism%20LLC&query_place_id=ChIJbWsIEIVEdEER4uHEhb2dbcQ",
,"1522201601161585131","Tour agency","Service establishment","Tour agency","14154142641213989346",,,"0x4174448510086b6d:0xc46d9dbd85c4e1e2",,"https://lh3.googleusercontent.com/grass-cs/AABkmLd2_d1tXdrlH6LWW10pygDnJzaUhEU7C7L75fvzbAv4OYkdlD4LwcGPTtfM0xX8prg6H7I6hKya8LF-YWUiDMb0s1vwi8onlMyPQGQGfLxxP-evkFPGc0oYiPA5qiJVrNSeoCE=w408-h261-k-no","false","true","/g/11vk63ds_v","en","0","24.3539913","53.9485752","rajeev arora",,"en","false","ChIJbWsIEIVEdEER4uHEhb2dbcQ",,,"9 months ago","2025-12-23T15:36:49.118Z",,"2026-01-17T19:44:09.000Z","Thanks😇","Ci9DQUlRQUNvZENodHljRjlvT2xoTFIwOWhjM1ZIYjI5bFoyRlVNVlZoZFZGdmJVRRAB",,,,,,,,,"Google","https://www.google.com/maps/reviews/data=!4m8!14m7!1m6!2m5!1sCi9DQUlRQUNvZENodHljRjlvT2xoTFIwOWhjM1ZIYjI5bFoyRlVNVlZoZFZGdmJVRRAB!2m1!1s0x0:0xc46d9dbd85c4e1e2!3m1!1s2@1:CAIQACodChtycF9oOlhLR09hc3VHb29lZ2FUMVVhdVFvbUE%7C%7C?hl=en","110188535987638818467","6","https://lh3.googleusercontent.com/a-/ALV-UjWqswOonQPnYcxUvGmNDNvoMfJp4Rab9jlcOtuNcVUjDs_EJxjd=s1920-c-rp-mo-ba12-br100","https://www.google.com/maps/contrib/110188535987638818467?hl=en","329","2026-10-06T19:23:43.222Z","Direct Detail URL: https://www.google.com/maps?cid=14154142641213989346","5",,,"false","Very cooperative and nice man",,"Dunes Discovery Tourism LLC","5",,"https://www.google.com/maps/search/?api=1&query=Dunes%20Discovery%20Tourism%20LLC&query_place_id=ChIJbWsIEIVEdEER4uHEhb2dbcQ",
,"1522201601161585131","Tour agency","Service establishment","Tour agency","14154142641213989346",,,"0x4174448510086b6d:0xc46d9dbd85c4e1e2",,"https://lh3.googleusercontent.com/grass-cs/AABkmLd2_d1tXdrlH6LWW10pygDnJzaUhEU7C7L75fvzbAv4OYkdlD4LwcGPTtfM0xX8prg6H7I6hKya8LF-YWUiDMb0s1vwi8onlMyPQGQGfLxxP-evkFPGc0oYiPA5qiJVrNSeoCE=w408-h261-k-no","false","false","/g/11vk63ds_v","en","0","24.3539913","53.9485752","SiharajX",,,"false","ChIJbWsIEIVEdEER4uHEhb2dbcQ",,,"10 months ago","2025-11-29T16:07:52.853Z",,"2025-12-14T17:24:32.000Z","Thank you 😇","Ci9DQUlRQUNvZENodHljRjlvT2xsZk16SlNaWEF5Y0VOeWFFTmhOVVpqVmpWSFFXYxAB",,,,,,,,,"Google","https://www.google.com/maps/reviews/data=!4m8!14m7!1m6!2m5!1sCi9DQUlRQUNvZENodHljRjlvT2xsZk16SlNaWEF5Y0VOeWFFTmhOVVpqVmpWSFFXYxAB!2m1!1s0x0:0xc46d9dbd85c4e1e2!3m1!1s2@1:CAIQACodChtycF9oOllfMzJSZXAycENyaENhNUZjVjVHQWc%7C%7C?hl=en","108499552908458781565","2","https://lh3.googleusercontent.com/a/ACg8ocL0cMMd2GAWuW5BdFOblhkxY3BWbsSeIIGSI4GwQfS8Yp2h7A=s1920-c-rp-mo-br100","https://www.google.com/maps/contrib/108499552908458781565?hl=en","329","2026-10-06T19:23:43.222Z","Direct Detail URL: https://www.google.com/maps?cid=14154142641213989346","5",,,"false",,,"Dunes Discovery Tourism LLC","5",,"https://www.google.com/maps/search/?api=1&query=Dunes%20Discovery%20Tourism%20LLC&query_place_id=ChIJbWsIEIVEdEER4uHEhb2dbcQ",
,"1522201601161585131","Tour agency","Service establishment","Tour agency","14154142641213989346",,,"0x4174448510086b6d:0xc46d9dbd85c4e1e2",,"https://lh3.googleusercontent.com/grass-cs/AABkmLd2_d1tXdrlH6LWW10pygDnJzaUhEU7C7L75fvzbAv4OYkdlD4LwcGPTtfM0xX8prg6H7I6hKya8LF-YWUiDMb0s1vwi8onlMyPQGQGfLxxP-evkFPGc0oYiPA5qiJVrNSeoCE=w408-h261-k-no","false","false","/g/11vk63ds_v","en","0","24.3539913","53.9485752","Shahina Patel",,"en","false","ChIJbWsIEIVEdEER4uHEhb2dbcQ",,,"11 months ago","2025-11-03T17:30:39.778Z",,"2025-12-14T17:24:22.000Z","Thank you ☺️ ","Ci9DQUlRQUNvZENodHljRjlvT2tWTGVtMUllVk0wU25SUVZsUnlRM2syWjA1TmFYYxAB",,,,,,,,,"Google","https://www.google.com/maps/reviews/data=!4m8!14m7!1m6!2m5!1sCi9DQUlRQUNvZENodHljRjlvT2tWTGVtMUllVk0wU25SUVZsUnlRM2syWjA1TmFYYxAB!2m1!1s0x0:0xc46d9dbd85c4e1e2!3m1!1s2@1:CAIQACodChtycF9oOkVLem1IeVM0SnRQVlRyQ3k2Z05NaXc%7C%7C?hl=en","108951127249165429829","1","https://lh3.googleusercontent.com/a/ACg8ocJtb9KqR0UeoS-dwWWFNr7REiADvdMgyyS4ABnI9p4D_Vr7ug=s1920-c-rp-mo-br100","https://www.google.com/maps/contrib/108951127249165429829?hl=en","329","2026-10-06T19:23:43.222Z","Direct Detail URL: https://www.google.com/maps?cid=14154142641213989346","5",,,"false","Veri nice experience",,"Dunes Discovery Tourism LLC","5",,"https://www.google.com/maps/search/?api=1&query=Dunes%20Discovery%20Tourism%20LLC&query_place_id=ChIJbWsIEIVEdEER4uHEhb2dbcQ",
,"1522201601161585131","Tour agency","Service establishment","Tour agency","14154142641213989346",,,"0x4174448510086b6d:0xc46d9dbd85c4e1e2",,"https://lh3.googleusercontent.com/grass-cs/AABkmLd2_d1tXdrlH6LWW10pygDnJzaUhEU7C7L75fvzbAv4OYkdlD4LwcGPTtfM0xX8prg6H7I6hKya8LF-YWUiDMb0s1vwi8onlMyPQGQGfLxxP-evkFPGc0oYiPA5qiJVrNSeoCE=w408-h261-k-no","false","false","/g/11vk63ds_v","en","0","24.3539913","53.9485752","Nayema",,"en","false","ChIJbWsIEIVEdEER4uHEhb2dbcQ",,,"11 months ago","2025-11-03T17:16:25.399Z",,"2025-12-14T17:24:13.000Z","Thank you 😇","Ci9DQUlRQUNvZENodHljRjlvT2tzdE5USk9VSGQ2WW1OS09FNUVPRE5mU1hZemVrRRAB",,,,,,,,,"Google","https://www.google.com/maps/reviews/data=!4m8!14m7!1m6!2m5!1sCi9DQUlRQUNvZENodHljRjlvT2tzdE5USk9VSGQ2WW1OS09FNUVPRE5mU1hZemVrRRAB!2m1!1s0x0:0xc46d9dbd85c4e1e2!3m1!1s2@1:CAIQACodChtycF9oOkstNTJOUHd6YmNKOE5EODNfSXYzekE%7C%7C?hl=en","116271624801270375265","2","https://lh3.googleusercontent.com/a/ACg8ocJW-eHiHjbyFeD5NNo26132CAecVXoZmmwA0v0pxnOyxGrZ2A=s1920-c-rp-mo-br100","https://www.google.com/maps/contrib/116271624801270375265?hl=en","329","2026-10-06T19:23:43.222Z","Direct Detail URL: https://www.google.com/maps?cid=14154142641213989346","5",,,"false","The desert safari ride was amazing and the stunts the car did make the fun and thrill more exciting and it was so much adventurous and it was totally worth it . Even the buggy ride was also fabulous. For the first time experience it was soo much wonderful and fun . The food and show at the camp was do good . Overall experience for everything was 10/10. My and my husband day so great",,"Dunes Discovery Tourism LLC","5",,"https://www.google.com/maps/search/?api=1&query=Dunes%20Discovery%20Tourism%20LLC&query_place_id=ChIJbWsIEIVEdEER4uHEhb2dbcQ",
,"1522201601161585131","Tour agency","Service establishment","Tour agency","14154142641213989346",,,"0x4174448510086b6d:0xc46d9dbd85c4e1e2",,"https://lh3.googleusercontent.com/grass-cs/AABkmLd2_d1tXdrlH6LWW10pygDnJzaUhEU7C7L75fvzbAv4OYkdlD4LwcGPTtfM0xX8prg6H7I6hKya8LF-YWUiDMb0s1vwi8onlMyPQGQGfLxxP-evkFPGc0oYiPA5qiJVrNSeoCE=w408-h261-k-no","false","false","/g/11vk63ds_v","en","0","24.3539913","53.9485752","Moin Paliwala",,"en","false","ChIJbWsIEIVEdEER4uHEhb2dbcQ",,,"11 months ago","2025-11-03T17:14:17.303Z",,"2025-12-14T17:24:00.000Z","Thank you ☺️ ","Ci9DQUlRQUNvZENodHljRjlvT2toVmJqWjNhR3BHV2xwR1dXUjVRemR4U2poVFpWRRAB",,,,,,,,,"Google","https://www.google.com/maps/reviews/data=!4m8!14m7!1m6!2m5!1sCi9DQUlRQUNvZENodHljRjlvT2toVmJqWjNhR3BHV2xwR1dXUjVRemR4U2poVFpWRRAB!2m1!1s0x0:0xc46d9dbd85c4e1e2!3m1!1s2@1:CAIQACodChtycF9oOkhVbjZ3aGpGWlpGWWR5QzdxSjhTZVE%7C%7C?hl=en","117792744312823141290","2","https://lh3.googleusercontent.com/a/ACg8ocLhZsS52WgunmiooQ1UAoKtcGUizjWIMWCQkt9SPzebORE8aQ=s1920-c-rp-mo-br100","https://www.google.com/maps/contrib/117792744312823141290?hl=en","329","2026-10-06T19:23:43.222Z","Direct Detail URL: https://www.google.com/maps?cid=14154142641213989346","5",,,"false","It was my first time doing the desert safari in Dubai, and it turned out to be an unforgettable experience! The guide was super friendly and helpful — when I couldn’t handle the bike, he immediately helped me switch to a buggy and made sure I was comfortable and safe. The whole trip was well organized — from the dune bashing to the desert views and dinner, everything was perfect.

Highly recommended for first-time tourists! The guide made the experience easy, fun, and full of great memories. 🌅🏜️",,"Dunes Discovery Tourism LLC","5",,"https://www.google.com/maps/search/?api=1&query=Dunes%20Discovery%20Tourism%20LLC&query_place_id=ChIJbWsIEIVEdEER4uHEhb2dbcQ",
,"1522201601161585131","Tour agency","Service establishment","Tour agency","14154142641213989346",,,"0x4174448510086b6d:0xc46d9dbd85c4e1e2",,"https://lh3.googleusercontent.com/grass-cs/AABkmLd2_d1tXdrlH6LWW10pygDnJzaUhEU7C7L75fvzbAv4OYkdlD4LwcGPTtfM0xX8prg6H7I6hKya8LF-YWUiDMb0s1vwi8onlMyPQGQGfLxxP-evkFPGc0oYiPA5qiJVrNSeoCE=w408-h261-k-no","false","false","/g/11vk63ds_v","en","0","24.3539913","53.9485752","Irfan Patel",,"en","false","ChIJbWsIEIVEdEER4uHEhb2dbcQ",,,"11 months ago","2025-11-03T17:12:17.680Z",,"2025-12-14T17:23:38.000Z","Many thanks😇","Ci9DQUlRQUNvZENodHljRjlvT2twcVJtdHJRVGMyT1dZM1lWRndVV2xETUZWb1JXYxAB",,,,,,,,,"Google","https://www.google.com/maps/reviews/data=!4m8!14m7!1m6!2m5!1sCi9DQUlRQUNvZENodHljRjlvT2twcVJtdHJRVGMyT1dZM1lWRndVV2xETUZWb1JXYxAB!2m1!1s0x0:0xc46d9dbd85c4e1e2!3m1!1s2@1:CAIQACodChtycF9oOkpqRmtrQTc2OWY3YVFwUWlDMFVoRWc%7C%7C?hl=en","111073940998912027273","2","https://lh3.googleusercontent.com/a/ACg8ocKxS7aMOdaqKypLFsuY66V8pm6JAoOduBslYh3VhrkGPiwgszg=s1920-c-rp-mo-br100","https://www.google.com/maps/contrib/111073940998912027273?hl=en","329","2026-10-06T19:23:43.222Z","Direct Detail URL: https://www.google.com/maps?cid=14154142641213989346","5",,,"false","I’d like to express my sincere thanks to Mr. Zubair Malik for his outstanding service during our Dubai desert safari. He arranged the premium package with comfortable sofa-style seating and guided us to an excellent buffet dinner that impressed us all. He also suggested the self-driving buggy for our family with kids, which turned out to be the highlight of the trip. Zubair’s professionalism, attentiveness, and thoughtful suggestions made our experience seamless and memorable. If you’re seeking a desert safari with exceptional service and family-friendly fun, Zubair is the person to trust.",,"Dunes Discovery Tourism LLC","5",,"https://www.google.com/maps/search/?api=1&query=Dunes%20Discovery%20Tourism%20LLC&query_place_id=ChIJbWsIEIVEdEER4uHEhb2dbcQ",
,"1522201601161585131","Tour agency","Service establishment","Tour agency","14154142641213989346",,,"0x4174448510086b6d:0xc46d9dbd85c4e1e2",,"https://lh3.googleusercontent.com/grass-cs/AABkmLd2_d1tXdrlH6LWW10pygDnJzaUhEU7C7L75fvzbAv4OYkdlD4LwcGPTtfM0xX8prg6H7I6hKya8LF-YWUiDMb0s1vwi8onlMyPQGQGfLxxP-evkFPGc0oYiPA5qiJVrNSeoCE=w408-h261-k-no","false","false","/g/11vk63ds_v","en","0","24.3539913","53.9485752","Dooars heaven",,"en","false","ChIJbWsIEIVEdEER4uHEhb2dbcQ",,,"11 months ago","2025-10-12T17:19:59.048Z",,"2025-12-14T17:23:19.000Z","Thank you","Ci9DQUlRQUNvZENodHljRjlvT2paU1lVVlNSbmhsTTBGdVYzTlpUMjFrZW5WMVNWRRAB",,,,,,,,,"Google","https://www.google.com/maps/reviews/data=!4m8!14m7!1m6!2m5!1sCi9DQUlRQUNvZENodHljRjlvT2paU1lVVlNSbmhsTTBGdVYzTlpUMjFrZW5WMVNWRRAB!2m1!1s0x0:0xc46d9dbd85c4e1e2!3m1!1s2@1:CAIQACodChtycF9oOjZSYUVSRnhlM0FuV3NZT21kenV1SVE%7C%7C?hl=en","111618655454847109287","4","https://lh3.googleusercontent.com/a-/ALV-UjVvdOKGcLevFHavRbUNwxhPIBU78VnTEAd0McZqT2qt5ef9-Y0=s1920-c-rp-mo-br100","https://www.google.com/maps/contrib/111618655454847109287?hl=en","329","2026-10-06T19:23:43.222Z","Direct Detail URL: https://www.google.com/maps?cid=14154142641213989346","4",,,"false","Wonder experience, Like it",,"Dunes Discovery Tourism LLC","5",,"https://www.google.com/maps/search/?api=1&query=Dunes%20Discovery%20Tourism%20LLC&query_place_id=ChIJbWsIEIVEdEER4uHEhb2dbcQ",
,"1522201601161585131","Tour agency","Service establishment","Tour agency","14154142641213989346",,,"0x4174448510086b6d:0xc46d9dbd85c4e1e2",,"https://lh3.googleusercontent.com/grass-cs/AABkmLd2_d1tXdrlH6LWW10pygDnJzaUhEU7C7L75fvzbAv4OYkdlD4LwcGPTtfM0xX8prg6H7I6hKya8LF-YWUiDMb0s1vwi8onlMyPQGQGfLxxP-evkFPGc0oYiPA5qiJVrNSeoCE=w408-h261-k-no","false","false","/g/11vk63ds_v","en","0","24.3539913","53.9485752","Syed Mustafa",,,"false","ChIJbWsIEIVEdEER4uHEhb2dbcQ",,,"11 months ago","2025-10-11T14:02:06.303Z",,"2025-10-11T21:22:01.000Z","Thanks 🙏 ","Ci9DQUlRQUNvZENodHljRjlvT2paSlVuWndWVWhLU1d4R00wWkVRVkpSVTJrelYyYxAB",,,,,,,,,"Google","https://www.google.com/maps/reviews/data=!4m8!14m7!1m6!2m5!1sCi9DQUlRQUNvZENodHljRjlvT2paSlVuWndWVWhLU1d4R00wWkVRVkpSVTJrelYyYxAB!2m1!1s0x0:0xc46d9dbd85c4e1e2!3m1!1s2@1:CAIQACodChtycF9oOjZJUnZwVUhKSWxGM0ZEQVJRU2kzV2c%7C%7C?hl=en","109406995925016800667","0","https://lh3.googleusercontent.com/a/ACg8ocIXmwxuqz0ne-f9vYuFoFSVsIKJIzOFI9KRo2tcftWcZuLkIw=s1920-c-rp-mo-br100","https://www.google.com/maps/contrib/109406995925016800667?hl=en","329","2026-10-06T19:23:43.222Z","Direct Detail URL: https://www.google.com/maps?cid=14154142641213989346","5",,,"false",,,"Dunes Discovery Tourism LLC","5",,"https://www.google.com/maps/search/?api=1&query=Dunes%20Discovery%20Tourism%20LLC&query_place_id=ChIJbWsIEIVEdEER4uHEhb2dbcQ",
,"1522201601161585131","Tour agency","Service establishment","Tour agency","14154142641213989346",,,"0x4174448510086b6d:0xc46d9dbd85c4e1e2",,"https://lh3.googleusercontent.com/grass-cs/AABkmLd2_d1tXdrlH6LWW10pygDnJzaUhEU7C7L75fvzbAv4OYkdlD4LwcGPTtfM0xX8prg6H7I6hKya8LF-YWUiDMb0s1vwi8onlMyPQGQGfLxxP-evkFPGc0oYiPA5qiJVrNSeoCE=w408-h261-k-no","false","false","/g/11vk63ds_v","en","0","24.3539913","53.9485752","Nadeesha Fonseka",,"en","false","ChIJbWsIEIVEdEER4uHEhb2dbcQ",,,"a year ago","2025-10-05T07:35:51.096Z",,"2025-10-05T18:12:15.000Z","Thanks ","Ci9DQUlRQUNvZENodHljRjlvT2xsZmRXVnBTa05QY21SYU9EZ3hZVWhQU1dsRmVHYxAB",,,,,,,,,"Google","https://www.google.com/maps/reviews/data=!4m8!14m7!1m6!2m5!1sCi9DQUlRQUNvZENodHljRjlvT2xsZmRXVnBTa05QY21SYU9EZ3hZVWhQU1dsRmVHYxAB!2m1!1s0x0:0xc46d9dbd85c4e1e2!3m1!1s2@1:CAIQACodChtycF9oOllfdWVpSkNPcmRaODgxYUhPSWlFeGc%7C%7C?hl=en","113342480109632198453","2","https://lh3.googleusercontent.com/a-/ALV-UjVboKVjTpQ6elhvX88UV3miwnpCyuNsCrRxmxYz-D8sGbxRKcXe=s1920-c-rp-mo-br100","https://www.google.com/maps/contrib/113342480109632198453?hl=en","329","2026-10-06T19:23:43.222Z","Direct Detail URL: https://www.google.com/maps?cid=14154142641213989346","5",,,"false","Very good dessert safari experience had with Malik 🔥 Very friendly guy with offering good package affordable price also Dune basing was AMAZING 🔥 Highly recommend if someone need great experience in dessert 💯✅",,"Dunes Discovery Tourism LLC","5",,"https://www.google.com/maps/search/?api=1&query=Dunes%20Discovery%20Tourism%20LLC&query_place_id=ChIJbWsIEIVEdEER4uHEhb2dbcQ",
,"1522201601161585131","Tour agency","Service establishment","Tour agency","14154142641213989346",,,"0x4174448510086b6d:0xc46d9dbd85c4e1e2",,"https://lh3.googleusercontent.com/grass-cs/AABkmLd2_d1tXdrlH6LWW10pygDnJzaUhEU7C7L75fvzbAv4OYkdlD4LwcGPTtfM0xX8prg6H7I6hKya8LF-YWUiDMb0s1vwi8onlMyPQGQGfLxxP-evkFPGc0oYiPA5qiJVrNSeoCE=w408-h261-k-no","false","false","/g/11vk63ds_v","en","0","24.3539913","53.9485752","Alikoc İstifa",,"en","false","ChIJbWsIEIVEdEER4uHEhb2dbcQ",,,"a year ago","2025-09-23T17:18:35.431Z",,"2025-09-30T18:20:07.000Z","Thank you for the feedback.","Ci9DQUlRQUNvZENodHljRjlvT213eFNIbzJObTR6Ym1GS05FOXViVVpmZDBOeFkxRRAB",,,,,,,,,"Google","https://www.google.com/maps/reviews/data=!4m8!14m7!1m6!2m5!1sCi9DQUlRQUNvZENodHljRjlvT213eFNIbzJObTR6Ym1GS05FOXViVVpmZDBOeFkxRRAB!2m1!1s0x0:0xc46d9dbd85c4e1e2!3m1!1s2@1:CAIQACodChtycF9oOmwxSHo2Nm4zbmFKNE9ubUZfd0NxY1E%7C%7C?hl=en","112180623441889555354","1","https://lh3.googleusercontent.com/a/ACg8ocI-OfyLjPtrlMUzfmhhUD0vyOnxvPK1BUwGirDbtzs3TBryyw=s1920-c-rp-mo-br100","https://www.google.com/maps/contrib/112180623441889555354?hl=en","329","2026-10-06T19:23:43.222Z","Direct Detail URL: https://www.google.com/maps?cid=14154142641213989346","5",,,"false","really sweet and welcoming guide, truly a man of the world, everything was top notch, and it all worked. can definitely be recommended from here.",,"Dunes Discovery Tourism LLC","5",,"https://www.google.com/maps/search/?api=1&query=Dunes%20Discovery%20Tourism%20LLC&query_place_id=ChIJbWsIEIVEdEER4uHEhb2dbcQ",
,"1522201601161585131","Tour agency","Service establishment","Tour agency","14154142641213989346",,,"0x4174448510086b6d:0xc46d9dbd85c4e1e2",,"https://lh3.googleusercontent.com/grass-cs/AABkmLd2_d1tXdrlH6LWW10pygDnJzaUhEU7C7L75fvzbAv4OYkdlD4LwcGPTtfM0xX8prg6H7I6hKya8LF-YWUiDMb0s1vwi8onlMyPQGQGfLxxP-evkFPGc0oYiPA5qiJVrNSeoCE=w408-h261-k-no","false","false","/g/11vk63ds_v","en","0","24.3539913","53.9485752","naila sabir",,"en","false","ChIJbWsIEIVEdEER4uHEhb2dbcQ",,,"a year ago","2025-08-01T17:33:35.691Z",,"2025-09-30T18:20:59.000Z","Thank you 😇","Ci9DQUlRQUNvZENodHljRjlvT21wUlVrMTBRbU5CVDJwRFl6VTFVMU5UYm1wMk1HYxAB",,,,,,,,,"Google","https://www.google.com/maps/reviews/data=!4m8!14m7!1m6!2m5!1sCi9DQUlRQUNvZENodHljRjlvT21wUlVrMTBRbU5CVDJwRFl6VTFVMU5UYm1wMk1HYxAB!2m1!1s0x0:0xc46d9dbd85c4e1e2!3m1!1s2@1:CAIQACodChtycF9oOmpRUk10QmNBT2pDYzU1U1NTbmp2MGc%7C%7C?hl=en","100993093922575694679","1","https://lh3.googleusercontent.com/a/ACg8ocLmOXB8pTGl6Q0ntE6WpSqN8vCwwLShBbimi4G2g_Lhjx_I_A=s1920-c-rp-mo-br100","https://www.google.com/maps/contrib/100993093922575694679?hl=en","329","2026-10-06T19:23:43.222Z","Direct Detail URL: https://www.google.com/maps?cid=14154142641213989346","5",,,"false","Malik provided the best service for Desert Safari. Highly recommend",,"Dunes Discovery Tourism LLC","5",,"https://www.google.com/maps/search/?api=1&query=Dunes%20Discovery%20Tourism%20LLC&query_place_id=ChIJbWsIEIVEdEER4uHEhb2dbcQ",
,"1522201601161585131","Tour agency","Service establishment","Tour agency","14154142641213989346",,,"0x4174448510086b6d:0xc46d9dbd85c4e1e2",,"https://lh3.googleusercontent.com/grass-cs/AABkmLd2_d1tXdrlH6LWW10pygDnJzaUhEU7C7L75fvzbAv4OYkdlD4LwcGPTtfM0xX8prg6H7I6hKya8LF-YWUiDMb0s1vwi8onlMyPQGQGfLxxP-evkFPGc0oYiPA5qiJVrNSeoCE=w408-h261-k-no","false","false","/g/11vk63ds_v","en","0","24.3539913","53.9485752","Sachin Thakar",,"en","false","ChIJbWsIEIVEdEER4uHEhb2dbcQ",,,"a year ago","2025-07-16T16:57:24.255Z",,"2025-07-16T20:14:21.000Z","Thanks for your feedback.","Ci9DQUlRQUNvZENodHljRjlvT21GUmNuVlhUbEZFZUdGeU0xRjVSVlJIYW1OR1dtYxAB",,,,,,,,,"Google","https://www.google.com/maps/reviews/data=!4m8!14m7!1m6!2m5!1sCi9DQUlRQUNvZENodHljRjlvT21GUmNuVlhUbEZFZUdGeU0xRjVSVlJIYW1OR1dtYxAB!2m1!1s0x0:0xc46d9dbd85c4e1e2!3m1!1s2@1:CAIQACodChtycF9oOmFRcnVXTlFEeGFyM1F5RVRHamNGWmc%7C%7C?hl=en","105361644425580297426","6","https://lh3.googleusercontent.com/a-/ALV-UjURCxBTuDtIhdkBlJMrYTfKKT-88ytB7ZiLMCqaZ6KJ8q3NTiaE=s1920-c-rp-mo-br100","https://www.google.com/maps/contrib/105361644425580297426?hl=en","329","2026-10-06T19:23:43.222Z","Direct Detail URL: https://www.google.com/maps?cid=14154142641213989346","5",,,"false","Very good day , host malik was very helpful and gave us a good insight whilst the tour was going on, children has a lot of fun and we felt very safe as a family",,"Dunes Discovery Tourism LLC","5",,"https://www.google.com/maps/search/?api=1&query=Dunes%20Discovery%20Tourism%20LLC&query_place_id=ChIJbWsIEIVEdEER4uHEhb2dbcQ",
,"1522201601161585131","Tour agency","Service establishment","Tour agency","14154142641213989346",,,"0x4174448510086b6d:0xc46d9dbd85c4e1e2",,"https://lh3.googleusercontent.com/grass-cs/AABkmLd2_d1tXdrlH6LWW10pygDnJzaUhEU7C7L75fvzbAv4OYkdlD4LwcGPTtfM0xX8prg6H7I6hKya8LF-YWUiDMb0s1vwi8onlMyPQGQGfLxxP-evkFPGc0oYiPA5qiJVrNSeoCE=w408-h261-k-no","false","false","/g/11vk63ds_v","en","0","24.3539913","53.9485752","pri",,,"false","ChIJbWsIEIVEdEER4uHEhb2dbcQ",,,"a year ago","2025-07-16T16:56:42.307Z",,"2025-07-16T20:18:13.000Z","Thank you.","Ci9DQUlRQUNvZENodHljRjlvT25RNFpuSXljM04yYlhaTUxUTnNRV1F5UTIwek9HYxAB",,,,,,,,,"Google","https://www.google.com/maps/reviews/data=!4m8!14m7!1m6!2m5!1sCi9DQUlRQUNvZENodHljRjlvT25RNFpuSXljM04yYlhaTUxUTnNRV1F5UTIwek9HYxAB!2m1!1s0x0:0xc46d9dbd85c4e1e2!3m1!1s2@1:CAIQACodChtycF9oOnQ4ZnIyc3N2bXZMLTNsQWQyQ20zOGc%7C%7C?hl=en","116835887068076517704","0","https://lh3.googleusercontent.com/a-/ALV-UjXAc1pXEJ-CZpR1KzLs8bovQsoDIP9V2i25-2Udmd9holPafMBK=s1920-c-rp-mo-br100","https://www.google.com/maps/contrib/116835887068076517704?hl=en","329","2026-10-06T19:23:43.222Z","Direct Detail URL: https://www.google.com/maps?cid=14154142641213989346","5",,,"false",,,"Dunes Discovery Tourism LLC","5",,"https://www.google.com/maps/search/?api=1&query=Dunes%20Discovery%20Tourism%20LLC&query_place_id=ChIJbWsIEIVEdEER4uHEhb2dbcQ",
,"1522201601161585131","Tour agency","Service establishment","Tour agency","14154142641213989346",,,"0x4174448510086b6d:0xc46d9dbd85c4e1e2",,"https://lh3.googleusercontent.com/grass-cs/AABkmLd2_d1tXdrlH6LWW10pygDnJzaUhEU7C7L75fvzbAv4OYkdlD4LwcGPTtfM0xX8prg6H7I6hKya8LF-YWUiDMb0s1vwi8onlMyPQGQGfLxxP-evkFPGc0oYiPA5qiJVrNSeoCE=w408-h261-k-no","false","false","/g/11vk63ds_v","en","0","24.3539913","53.9485752","Kirsten Foster",,"en","false","ChIJbWsIEIVEdEER4uHEhb2dbcQ",,,"a year ago","2025-04-30T17:12:29.065Z",,"2025-04-30T18:06:46.000Z","Thanks for your feedback 😇","ChZDSUhNMG9nS0VJQ0FnTUNZaUktamFBEAE",,,,,,,,,"Google","https://www.google.com/maps/reviews/data=!4m8!14m7!1m6!2m5!1sChZDSUhNMG9nS0VJQ0FnTUNZaUktamFBEAE!2m1!1s0x0:0xc46d9dbd85c4e1e2!3m1!1s2@1:CIHM0ogKEICAgMCYiI-jaA%7C%7C?hl=en","116029385967928185081","4","https://lh3.googleusercontent.com/a-/ALV-UjWb5DrCCVw4cHbI6KDPm32ZrO0RbpQUuCtiVtairHGFxnE7CKhp=s1920-c-rp-mo-br100","https://www.google.com/maps/contrib/116029385967928185081?hl=en","329","2026-10-06T19:23:43.222Z","Direct Detail URL: https://www.google.com/maps?cid=14154142641213989346","5",,,"false","Malik is incredible! He really does pay attention to your needs and looks after you so well! It was such an incredible day and I have used Malik a few times now and would highly recommend him!",,"Dunes Discovery Tourism LLC","5",,"https://www.google.com/maps/search/?api=1&query=Dunes%20Discovery%20Tourism%20LLC&query_place_id=ChIJbWsIEIVEdEER4uHEhb2dbcQ",
,"1522201601161585131","Tour agency","Service establishment","Tour agency","14154142641213989346",,,"0x4174448510086b6d:0xc46d9dbd85c4e1e2",,"https://lh3.googleusercontent.com/grass-cs/AABkmLd2_d1tXdrlH6LWW10pygDnJzaUhEU7C7L75fvzbAv4OYkdlD4LwcGPTtfM0xX8prg6H7I6hKya8LF-YWUiDMb0s1vwi8onlMyPQGQGfLxxP-evkFPGc0oYiPA5qiJVrNSeoCE=w408-h261-k-no","false","false","/g/11vk63ds_v","en","0","24.3539913","53.9485752","Bethan Gibaut",,"en","false","ChIJbWsIEIVEdEER4uHEhb2dbcQ",,,"a year ago","2025-04-30T17:08:20.403Z",,"2025-04-30T18:07:13.000Z","Thank you for your feedback 😇","ChZDSUhNMG9nS0VJQ0FnTUNZaUpmSkV3EAE",,,,,,,,,"Google","https://www.google.com/maps/reviews/data=!4m8!14m7!1m6!2m5!1sChZDSUhNMG9nS0VJQ0FnTUNZaUpmSkV3EAE!2m1!1s0x0:0xc46d9dbd85c4e1e2!3m1!1s2@1:CIHM0ogKEICAgMCYiJfJEw%7C%7C?hl=en","104623935262145197997","2","https://lh3.googleusercontent.com/a/ACg8ocJr6OTauZPbU1g7RJd5JYCnZjrDmFjXlT9p7ZMit8BR7XZJOw=s1920-c-rp-mo-br100","https://www.google.com/maps/contrib/104623935262145197997?hl=en","329","2026-10-06T19:23:43.222Z","Direct Detail URL: https://www.google.com/maps?cid=14154142641213989346","5",,,"false","Best experience, highly recommend. Malik Was the best guide and made it 10x better! This is a must on your list if you come to Dubai.",,"Dunes Discovery Tourism LLC","5",,"https://www.google.com/maps/search/?api=1&query=Dunes%20Discovery%20Tourism%20LLC&query_place_id=ChIJbWsIEIVEdEER4uHEhb2dbcQ",
,"1522201601161585131","Tour agency","Service establishment","Tour agency","14154142641213989346",,,"0x4174448510086b6d:0xc46d9dbd85c4e1e2",,"https://lh3.googleusercontent.com/grass-cs/AABkmLd2_d1tXdrlH6LWW10pygDnJzaUhEU7C7L75fvzbAv4OYkdlD4LwcGPTtfM0xX8prg6H7I6hKya8LF-YWUiDMb0s1vwi8onlMyPQGQGfLxxP-evkFPGc0oYiPA5qiJVrNSeoCE=w408-h261-k-no","false","false","/g/11vk63ds_v","en","0","24.3539913","53.9485752","Catia Barros",,"en","false","ChIJbWsIEIVEdEER4uHEhb2dbcQ",,,"a year ago","2025-04-30T16:57:22.978Z",,"2025-04-30T18:07:54.000Z","Thank you for your feedback 😇","ChdDSUhNMG9nS0VJQ0FnTUNZaU11aHBBRRAB",,,,,,,,,"Google","https://www.google.com/maps/reviews/data=!4m8!14m7!1m6!2m5!1sChdDSUhNMG9nS0VJQ0FnTUNZaU11aHBBRRAB!2m1!1s0x0:0xc46d9dbd85c4e1e2!3m1!1s2@1:CIHM0ogKEICAgMCYiMuhpAE%7C%7C?hl=en","102708471527092963002","2","https://lh3.googleusercontent.com/a/ACg8ocKRz3ANclLxOoAnTrUhbsy1z1VpGqClkbuuxRtMqEL--9YamQ=s1920-c-rp-mo-br100","https://www.google.com/maps/contrib/102708471527092963002?hl=en","329","2026-10-06T19:23:43.222Z","Direct Detail URL: https://www.google.com/maps?cid=14154142641213989346","5",,,"false","Absolutely amazing desert safari experience! We started with a thrilling dune buggy ride, followed by some seriously fun dune bashing in a 4x4 – our driver had skills! After the adrenaline rush, we relaxed at a desert camp with a tasty buffet dinner and a fantastic show. The belly dancers and fire breathers were the perfect end to an unforgettable evening. Everything was well-organized and the staff were great. Highly recommend if you’re visiting the area!",,"Dunes Discovery Tourism LLC","5",,"https://www.google.com/maps/search/?api=1&query=Dunes%20Discovery%20Tourism%20LLC&query_place_id=ChIJbWsIEIVEdEER4uHEhb2dbcQ",
,"1522201601161585131","Tour agency","Service establishment","Tour agency","14154142641213989346",,,"0x4174448510086b6d:0xc46d9dbd85c4e1e2",,"https://lh3.googleusercontent.com/grass-cs/AABkmLd2_d1tXdrlH6LWW10pygDnJzaUhEU7C7L75fvzbAv4OYkdlD4LwcGPTtfM0xX8prg6H7I6hKya8LF-YWUiDMb0s1vwi8onlMyPQGQGfLxxP-evkFPGc0oYiPA5qiJVrNSeoCE=w408-h261-k-no","false","false","/g/11vk63ds_v","en","0","24.3539913","53.9485752","Chetan DESHMUKH",,"en","false","ChIJbWsIEIVEdEER4uHEhb2dbcQ",,,"Edited a year ago","2025-04-21T14:21:00.117Z",,"2025-03-06T19:38:02.000Z","Thanks for your feedback","ChZDSUhNMG9nS0VJQ0FnTURBX0lic2ZnEAE","https://lh3.googleusercontent.com/grass-cs/ACvplmP-3cjgog51v7dG9YWx42a1Y9jr3w8iBKw8xrzNQAE30qDyaoUjhWSbREsmwiUJ3n1JBjtoS3prUALOSpM9EtTmO4Y1DD92vpu7OJlATg_BYQu7HrX-jM6uq8CY1uGqcgKyYtVi=k-no","https://lh3.googleusercontent.com/grass-cs/ACvplmO7tYf7WO250YdPl0bMOloXu_5J7_X6F69F5YsPNqOCrFuZizLbKl9GOsY9PQI4jChaeL-PBVxadJychkL6H_ZULmnBXzktk-kgFjJxuGGsc9ki7wHSLE_ruw7XKwpwjQH6C9Ks=k-no",,,,,,,"Google","https://www.google.com/maps/reviews/data=!4m8!14m7!1m6!2m5!1sChZDSUhNMG9nS0VJQ0FnTURBX0lic2ZnEAE!2m1!1s0x0:0xc46d9dbd85c4e1e2!3m1!1s2@1:CIHM0ogKEICAgMDA_Ibsfg%7C%7C?hl=en","102590256481080222172","4","https://lh3.googleusercontent.com/a/ACg8ocI1FRL9QTGUABBI_xG4xl-q_kIKvSGeMkZdTTtGLecZesGTvQ=s1920-c-rp-mo-br100","https://www.google.com/maps/contrib/102590256481080222172?hl=en","329","2026-10-06T19:23:43.222Z","Direct Detail URL: https://www.google.com/maps?cid=14154142641213989346","5",,,"false","Very Nice activity of Desert Safari...food was precious....mysterious Drive skill of malik Bhai.....",,"Dunes Discovery Tourism LLC","5",,"https://www.google.com/maps/search/?api=1&query=Dunes%20Discovery%20Tourism%20LLC&query_place_id=ChIJbWsIEIVEdEER4uHEhb2dbcQ",
,"1522201601161585131","Tour agency","Service establishment","Tour agency","14154142641213989346",,,"0x4174448510086b6d:0xc46d9dbd85c4e1e2",,"https://lh3.googleusercontent.com/grass-cs/AABkmLd2_d1tXdrlH6LWW10pygDnJzaUhEU7C7L75fvzbAv4OYkdlD4LwcGPTtfM0xX8prg6H7I6hKya8LF-YWUiDMb0s1vwi8onlMyPQGQGfLxxP-evkFPGc0oYiPA5qiJVrNSeoCE=w408-h261-k-no","false","false","/g/11vk63ds_v","en","0","24.3539913","53.9485752","Ferdi",,"en","false","ChIJbWsIEIVEdEER4uHEhb2dbcQ",,,"a year ago","2025-04-16T17:26:30.270Z",,"2025-04-30T18:08:19.000Z","Thank you😇","ChZDSUhNMG9nS0VJQ0FnTUNveHE3V2FBEAE",,,,,,,,,"Google","https://www.google.com/maps/reviews/data=!4m8!14m7!1m6!2m5!1sChZDSUhNMG9nS0VJQ0FnTUNveHE3V2FBEAE!2m1!1s0x0:0xc46d9dbd85c4e1e2!3m1!1s2@1:CIHM0ogKEICAgMCoxq7WaA%7C%7C?hl=en","115658671075068279950","5","https://lh3.googleusercontent.com/a/ACg8ocIdYHXsdkTBe2mKlBnDRZSLWg8fH005KiZ1kuRVZNk-nZw3ww=s1920-c-rp-mo-br100","https://www.google.com/maps/contrib/115658671075068279950?hl=en","329","2026-10-06T19:23:43.222Z","Direct Detail URL: https://www.google.com/maps?cid=14154142641213989346","5",,,"false","Ali was very friendly and reliable. We really had a good time and we thank him very much. Highly recommandable.",,"Dunes Discovery Tourism LLC","5",,"https://www.google.com/maps/search/?api=1&query=Dunes%20Discovery%20Tourism%20LLC&query_place_id=ChIJbWsIEIVEdEER4uHEhb2dbcQ",
,"1522201601161585131","Tour agency","Service establishment","Tour agency","14154142641213989346",,,"0x4174448510086b6d:0xc46d9dbd85c4e1e2",,"https://lh3.googleusercontent.com/grass-cs/AABkmLd2_d1tXdrlH6LWW10pygDnJzaUhEU7C7L75fvzbAv4OYkdlD4LwcGPTtfM0xX8prg6H7I6hKya8LF-YWUiDMb0s1vwi8onlMyPQGQGfLxxP-evkFPGc0oYiPA5qiJVrNSeoCE=w408-h261-k-no","false","false","/g/11vk63ds_v","en","0","24.3539913","53.9485752","Stefan Hula",,"en","false","ChIJbWsIEIVEdEER4uHEhb2dbcQ",,,"a year ago","2025-04-14T17:50:30.549Z",,"2025-04-30T18:08:30.000Z","Thank you 😇","ChdDSUhNMG9nS0VJQ0FnTUNveU52cHBRRRAB",,,,,,,,,"Google","https://www.google.com/maps/reviews/data=!4m8!14m7!1m6!2m5!1sChdDSUhNMG9nS0VJQ0FnTUNveU52cHBRRRAB!2m1!1s0x0:0xc46d9dbd85c4e1e2!3m1!1s2@1:CIHM0ogKEICAgMCoyNvppQE%7C%7C?hl=en","115604867312519811076","4","https://lh3.googleusercontent.com/a/ACg8ocLpT66l4HnYu1e9npyt0st1xA_oK_SFeMUFllJTl6gx7M825A=s1920-c-rp-mo-br100","https://www.google.com/maps/contrib/115604867312519811076?hl=en","329","2026-10-06T19:23:43.222Z","Direct Detail URL: https://www.google.com/maps?cid=14154142641213989346","5",,,"false","It was fun, very cool experience, we felt safe with kids. Thanks!",,"Dunes Discovery Tourism LLC","5",,"https://www.google.com/maps/search/?api=1&query=Dunes%20Discovery%20Tourism%20LLC&query_place_id=ChIJbWsIEIVEdEER4uHEhb2dbcQ",
,"1522201601161585131","Tour agency","Service establishment","Tour agency","14154142641213989346",,,"0x4174448510086b6d:0xc46d9dbd85c4e1e2",,"https://lh3.googleusercontent.com/grass-cs/AABkmLd2_d1tXdrlH6LWW10pygDnJzaUhEU7C7L75fvzbAv4OYkdlD4LwcGPTtfM0xX8prg6H7I6hKya8LF-YWUiDMb0s1vwi8onlMyPQGQGfLxxP-evkFPGc0oYiPA5qiJVrNSeoCE=w408-h261-k-no","false","false","/g/11vk63ds_v","en","0","24.3539913","53.9485752","Roller Music",,"en","false","ChIJbWsIEIVEdEER4uHEhb2dbcQ",,,"a year ago","2025-04-14T17:06:14.671Z",,"2025-04-30T18:09:10.000Z","😎thank you.","ChdDSUhNMG9nS0VJQ0FnTUNveU03WnZBRRAB","https://lh3.googleusercontent.com/grass-cs/ACvplmPeZisc-12aY7CBSleF1BqnOVTcRkJ_ShIYT0ld-VB_Qb5sAszIlZoxCPcQ7iMLFgXDH39gy2R9skPAJFbKWipkwTmvnymTgz8ZVsq5d_CluAiaWh32-lB62Fzh9zQsyyX-hZiu=k-no",,,,,,,,"Google","https://www.google.com/maps/reviews/data=!4m8!14m7!1m6!2m5!1sChdDSUhNMG9nS0VJQ0FnTUNveU03WnZBRRAB!2m1!1s0x0:0xc46d9dbd85c4e1e2!3m1!1s2@1:CIHM0ogKEICAgMCoyM7ZvAE%7C%7C?hl=en","102514780347604330200","2","https://lh3.googleusercontent.com/a-/ALV-UjWfwu_NKW2hgoUGtG5M251nXAAq5NiFWCZR8cdkgMDLSRJH54Q=s1920-c-rp-mo-br100","https://www.google.com/maps/contrib/102514780347604330200?hl=en","329","2026-10-06T19:23:43.222Z","Direct Detail URL: https://www.google.com/maps?cid=14154142641213989346","5",,,"false","The BEST driver. We had so much fun. IF You are looking for Safari in Dubai You have to choose Malik. Dunes Discovery Tourism.",,"Dunes Discovery Tourism LLC","5",,"https://www.google.com/maps/search/?api=1&query=Dunes%20Discovery%20Tourism%20LLC&query_place_id=ChIJbWsIEIVEdEER4uHEhb2dbcQ",
,"1522201601161585131","Tour agency","Service establishment","Tour agency","14154142641213989346",,,"0x4174448510086b6d:0xc46d9dbd85c4e1e2",,"https://lh3.googleusercontent.com/grass-cs/AABkmLd2_d1tXdrlH6LWW10pygDnJzaUhEU7C7L75fvzbAv4OYkdlD4LwcGPTtfM0xX8prg6H7I6hKya8LF-YWUiDMb0s1vwi8onlMyPQGQGfLxxP-evkFPGc0oYiPA5qiJVrNSeoCE=w408-h261-k-no","false","false","/g/11vk63ds_v","en","0","24.3539913","53.9485752","Paweł Wąsek",,"en","false","ChIJbWsIEIVEdEER4uHEhb2dbcQ",,,"a year ago","2025-04-14T16:55:23.859Z",,"2025-04-30T18:09:29.000Z","Thank you 😇","ChdDSUhNMG9nS0VJQ0FnTUNveU9LOW1nRRAB",,,,,,,,,"Google","https://www.google.com/maps/reviews/data=!4m8!14m7!1m6!2m5!1sChdDSUhNMG9nS0VJQ0FnTUNveU9LOW1nRRAB!2m1!1s0x0:0xc46d9dbd85c4e1e2!3m1!1s2@1:CIHM0ogKEICAgMCoyOK9mgE%7C%7C?hl=en","117826604584499322701","2","https://lh3.googleusercontent.com/a-/ALV-UjVFBIDe8SuShXlKuHMEtSjQ_b8PAAvEsV9H3s5SgMQGC1L53hYt=s1920-c-rp-mo-br100","https://www.google.com/maps/contrib/117826604584499322701?hl=en","329","2026-10-06T19:23:43.222Z","Direct Detail URL: https://www.google.com/maps?cid=14154142641213989346","5",,,"false","Malik is the best driver 👌🏻",,"Dunes Discovery Tourism LLC","5",,"https://www.google.com/maps/search/?api=1&query=Dunes%20Discovery%20Tourism%20LLC&query_place_id=ChIJbWsIEIVEdEER4uHEhb2dbcQ",
,"1522201601161585131","Tour agency","Service establishment","Tour agency","14154142641213989346",,,"0x4174448510086b6d:0xc46d9dbd85c4e1e2",,"https://lh3.googleusercontent.com/grass-cs/AABkmLd2_d1tXdrlH6LWW10pygDnJzaUhEU7C7L75fvzbAv4OYkdlD4LwcGPTtfM0xX8prg6H7I6hKya8LF-YWUiDMb0s1vwi8onlMyPQGQGfLxxP-evkFPGc0oYiPA5qiJVrNSeoCE=w408-h261-k-no","false","false","/g/11vk63ds_v","en","0","24.3539913","53.9485752","chathu chami",,,"false","ChIJbWsIEIVEdEER4uHEhb2dbcQ",,,"Edited a year ago","2025-04-08T19:51:58.258Z",,"2025-04-30T18:10:31.000Z","Thank you 😇","ChZDSUhNMG9nS0VJQ0FnTURJNE9uc2R3EAE",,,,,,,,,"Google","https://www.google.com/maps/reviews/data=!4m8!14m7!1m6!2m5!1sChZDSUhNMG9nS0VJQ0FnTURJNE9uc2R3EAE!2m1!1s0x0:0xc46d9dbd85c4e1e2!3m1!1s2@1:CIHM0ogKEICAgMDI4Onsdw%7C%7C?hl=en","105249209116636671878","1","https://lh3.googleusercontent.com/a-/ALV-UjVg1SOOvZFFhe1STQ0N4fjla5lWI36s9cBq0eZr9OndrHPHXVRL=s1920-c-rp-mo-br100","https://www.google.com/maps/contrib/105249209116636671878?hl=en","329","2026-10-06T19:23:43.222Z","Direct Detail URL: https://www.google.com/maps?cid=14154142641213989346","5",,,"false",,,"Dunes Discovery Tourism LLC","5",,"https://www.google.com/maps/search/?api=1&query=Dunes%20Discovery%20Tourism%20LLC&query_place_id=ChIJbWsIEIVEdEER4uHEhb2dbcQ",
,"1522201601161585131","Tour agency","Service establishment","Tour agency","14154142641213989346",,,"0x4174448510086b6d:0xc46d9dbd85c4e1e2",,"https://lh3.googleusercontent.com/grass-cs/AABkmLd2_d1tXdrlH6LWW10pygDnJzaUhEU7C7L75fvzbAv4OYkdlD4LwcGPTtfM0xX8prg6H7I6hKya8LF-YWUiDMb0s1vwi8onlMyPQGQGfLxxP-evkFPGc0oYiPA5qiJVrNSeoCE=w408-h261-k-no","false","false","/g/11vk63ds_v","en","0","24.3539913","53.9485752","Chamika Ranasingha",,"en","false","ChIJbWsIEIVEdEER4uHEhb2dbcQ",,,"a year ago","2025-04-05T16:31:23.042Z",,"2025-04-30T18:10:51.000Z","Thank you 🤩 ","ChZDSUhNMG9nS0VJQ0FnTUNJcjRPSVp3EAE",,,,,,,,,"Google","https://www.google.com/maps/reviews/data=!4m8!14m7!1m6!2m5!1sChZDSUhNMG9nS0VJQ0FnTUNJcjRPSVp3EAE!2m1!1s0x0:0xc46d9dbd85c4e1e2!3m1!1s2@1:CIHM0ogKEICAgMCIr4OIZw%7C%7C?hl=en","110531189574501303846","1","https://lh3.googleusercontent.com/a-/ALV-UjWPVkmOPBKCjanhT61bbYozY1rcRCsDkfy9rKKqjqJygdNJ1HE=s1920-c-rp-mo-br100","https://www.google.com/maps/contrib/110531189574501303846?hl=en","329","2026-10-06T19:23:43.222Z","Direct Detail URL: https://www.google.com/maps?cid=14154142641213989346","5",,,"false","We are fully satisfied with the Desert Safari package. The experience was well-organized and truly enjoyable. Special thanks to Mr. Malik for making it a memorable journey.",,"Dunes Discovery Tourism LLC","5",,"https://www.google.com/maps/search/?api=1&query=Dunes%20Discovery%20Tourism%20LLC&query_place_id=ChIJbWsIEIVEdEER4uHEhb2dbcQ",
,"1522201601161585131","Tour agency","Service establishment","Tour agency","14154142641213989346",,,"0x4174448510086b6d:0xc46d9dbd85c4e1e2",,"https://lh3.googleusercontent.com/grass-cs/AABkmLd2_d1tXdrlH6LWW10pygDnJzaUhEU7C7L75fvzbAv4OYkdlD4LwcGPTtfM0xX8prg6H7I6hKya8LF-YWUiDMb0s1vwi8onlMyPQGQGfLxxP-evkFPGc0oYiPA5qiJVrNSeoCE=w408-h261-k-no","false","true","/g/11vk63ds_v","en","0","24.3539913","53.9485752","Dumindu Udara Bandara",,"en","false","ChIJbWsIEIVEdEER4uHEhb2dbcQ",,,"a year ago","2025-04-05T16:27:03.606Z",,"2025-04-30T18:11:13.000Z","Thank you 🤩 ","ChdDSUhNMG9nS0VJQ0FnTUNJcjYzc3J3RRAB",,,,,,,,,"Google","https://www.google.com/maps/reviews/data=!4m8!14m7!1m6!2m5!1sChdDSUhNMG9nS0VJQ0FnTUNJcjYzc3J3RRAB!2m1!1s0x0:0xc46d9dbd85c4e1e2!3m1!1s2@1:CIHM0ogKEICAgMCIr63srwE%7C%7C?hl=en","102005723998267062752","22","https://lh3.googleusercontent.com/a-/ALV-UjWqsl-kYybNEy4bYIFIfsCm9sz0QbFG5YeEhYj8Tfw0z2FjpvpV=s1920-c-rp-mo-ba12-br100","https://www.google.com/maps/contrib/102005723998267062752?hl=en","329","2026-10-06T19:23:43.222Z","Direct Detail URL: https://www.google.com/maps?cid=14154142641213989346","5",,,"false","Malik provided top-notch service and was a fantastic guide for first-time visitors. Super approachable, very friendly, and made everything smooth and enjoyable. Definitely recommend him if you want a great experience in Duba dunes.",,"Dunes Discovery Tourism LLC","5",,"https://www.google.com/maps/search/?api=1&query=Dunes%20Discovery%20Tourism%20LLC&query_place_id=ChIJbWsIEIVEdEER4uHEhb2dbcQ",
,"1522201601161585131","Tour agency","Service establishment","Tour agency","14154142641213989346",,,"0x4174448510086b6d:0xc46d9dbd85c4e1e2",,"https://lh3.googleusercontent.com/grass-cs/AABkmLd2_d1tXdrlH6LWW10pygDnJzaUhEU7C7L75fvzbAv4OYkdlD4LwcGPTtfM0xX8prg6H7I6hKya8LF-YWUiDMb0s1vwi8onlMyPQGQGfLxxP-evkFPGc0oYiPA5qiJVrNSeoCE=w408-h261-k-no","false","false","/g/11vk63ds_v","en","0","24.3539913","53.9485752","Darshana Lakmal",,"en","false","ChIJbWsIEIVEdEER4uHEhb2dbcQ",,,"a year ago","2025-04-05T16:26:57.719Z",,"2025-04-30T18:11:27.000Z","Thank you 😇","ChdDSUhNMG9nS0VJQ0FnTUNJcjYySXlRRRAB",,,,,,,,,"Google","https://www.google.com/maps/reviews/data=!4m8!14m7!1m6!2m5!1sChdDSUhNMG9nS0VJQ0FnTUNJcjYySXlRRRAB!2m1!1s0x0:0xc46d9dbd85c4e1e2!3m1!1s2@1:CIHM0ogKEICAgMCIr62IyQE%7C%7C?hl=en","106946707274894216106","3","https://lh3.googleusercontent.com/a-/ALV-UjUEWBEFnSc7lmOPBVqAdtkhJm2V79wTUp8i-aK-zn0wuwW17gsE=s1920-c-rp-mo-br100","https://www.google.com/maps/contrib/106946707274894216106?hl=en","329","2026-10-06T19:23:43.222Z","Direct Detail URL: https://www.google.com/maps?cid=14154142641213989346","5",,,"false","Amazing experience with Malik. New and clean vehicles. Highly recommend",,"Dunes Discovery Tourism LLC","5",,"https://www.google.com/maps/search/?api=1&query=Dunes%20Discovery%20Tourism%20LLC&query_place_id=ChIJbWsIEIVEdEER4uHEhb2dbcQ",
,"1522201601161585131","Tour agency","Service establishment","Tour agency","14154142641213989346",,,"0x4174448510086b6d:0xc46d9dbd85c4e1e2",,"https://lh3.googleusercontent.com/grass-cs/AABkmLd2_d1tXdrlH6LWW10pygDnJzaUhEU7C7L75fvzbAv4OYkdlD4LwcGPTtfM0xX8prg6H7I6hKya8LF-YWUiDMb0s1vwi8onlMyPQGQGfLxxP-evkFPGc0oYiPA5qiJVrNSeoCE=w408-h261-k-no","false","true","/g/11vk63ds_v","en","0","24.3539913","53.9485752","Agnieszka P.",,"en","false","ChIJbWsIEIVEdEER4uHEhb2dbcQ",,,"a year ago","2025-03-26T08:14:53.064Z",,"2025-04-30T18:11:47.000Z","Thank you 😇","ChZDSUhNMG9nS0VJQ0FnTUR3Z2J6aktBEAE","https://lh3.googleusercontent.com/grass-cs/ACvplmNLObXkgSZ64D-rPJIfsU9usGED-hGdbS2SdwJHh8fUp7__lobDoHw6upBInjlbOGGeAJdIIFaJZvmqGnu5MueEnplo2A1p4D3oSkYZJXS6odNAbWM-qU1SxSm2n8DBOkC7S7Kp=k-no","https://lh3.googleusercontent.com/grass-cs/ACvplmMZ3OK6p4ZCZJE9VChYKVXPFuYLJK-ZT3sLaR01EPnR_uP1-coN_IRDZTL1GLvEl_E_U8xUPxSogv_Xc9nmCFmkppHUDv0yuIt0Lto1bRC1WI9XyJteK4Q9R8Tu-KBdNpFD110=k-no","https://lh3.googleusercontent.com/grass-cs/ACvplmOYTEGC4WMccdQOfo9kiw6omHwv2Fj0NPJF_gWRlZg3ZBlvqMJD5Jx5qXqTzhGeR825j4Zc53ikR-C1qbELwysKCrMLe_XSHQyjfGf2yy_M1kKsQAj2b-BHcfSMMCPdz9MAwxgb=k-no","https://lh3.googleusercontent.com/grass-cs/ACvplmPuLtcr1l-DoDzNjuBRtjjILwUz3mzOdLy5Zu_e8lQgjQQAnjnBZUPKjs6GQGhzbczy3CiayKwWmaMXFfwwF9ufNk-fz3GsLyCkMpB4JUUJf-glRCqXKcYh5mfJXRne-BW3Ix0=k-no",,,,,"Google","https://www.google.com/maps/reviews/data=!4m8!14m7!1m6!2m5!1sChZDSUhNMG9nS0VJQ0FnTUR3Z2J6aktBEAE!2m1!1s0x0:0xc46d9dbd85c4e1e2!3m1!1s2@1:CIHM0ogKEICAgMDwgbzjKA%7C%7C?hl=en","114164023894305887064","9","https://lh3.googleusercontent.com/a-/ALV-UjUiCGgnu3tv1MdpLKjgCpLyorwgw2DGxImBYEZ1omKd96LZUrf9=s1920-c-rp-mo-ba12-br100","https://www.google.com/maps/contrib/114164023894305887064?hl=en","329","2026-10-06T19:23:43.222Z","Direct Detail URL: https://www.google.com/maps?cid=14154142641213989346","5",,,"false","Hello! We recommend it because we had a great time! The trip was very well prepared, Malik's brother took care of us at every stage of the trip. Driving in the desert, riding a camel and at the end a party in the desert. Greetings from Poland :) and see you next time.",,"Dunes Discovery Tourism LLC","5",,"https://www.google.com/maps/search/?api=1&query=Dunes%20Discovery%20Tourism%20LLC&query_place_id=ChIJbWsIEIVEdEER4uHEhb2dbcQ",
,"1522201601161585131","Tour agency","Service establishment","Tour agency","14154142641213989346",,,"0x4174448510086b6d:0xc46d9dbd85c4e1e2",,"https://lh3.googleusercontent.com/grass-cs/AABkmLd2_d1tXdrlH6LWW10pygDnJzaUhEU7C7L75fvzbAv4OYkdlD4LwcGPTtfM0xX8prg6H7I6hKya8LF-YWUiDMb0s1vwi8onlMyPQGQGfLxxP-evkFPGc0oYiPA5qiJVrNSeoCE=w408-h261-k-no","false","true","/g/11vk63ds_v","en","0","24.3539913","53.9485752","maddie Davies",,"en","false","ChIJbWsIEIVEdEER4uHEhb2dbcQ",,,"a year ago","2025-03-25T16:33:52.348Z",,"2025-03-25T17:02:54.000Z","Hi, we are not link with the ice cream charge and its not including in our package.You might have taken from another vendor. However thanks for loving the tour.","ChdDSUhNMG9nS0VJQ0FnTUR3NXE3MjZBRRAB",,,,,,,,,"Google","https://www.google.com/maps/reviews/data=!4m8!14m7!1m6!2m5!1sChdDSUhNMG9nS0VJQ0FnTUR3NXE3MjZBRRAB!2m1!1s0x0:0xc46d9dbd85c4e1e2!3m1!1s2@1:CIHM0ogKEICAgMDw5q726AE%7C%7C?hl=en","114993800587073276425","28","https://lh3.googleusercontent.com/a/ACg8ocL3PQmyXfxg5m_W1lXMkFTg5Dne8A4aZMCVMLYPqlvaLi9kKw=s1920-c-rp-mo-ba12-br100","https://www.google.com/maps/contrib/114993800587073276425?hl=en","329","2026-10-06T19:23:43.222Z","Direct Detail URL: https://www.google.com/maps?cid=14154142641213989346","1",,,"false","Loved the dune buggies but the crepe stand charged me $110AED for an ice cream lol",,"Dunes Discovery Tourism LLC","5",,"https://www.google.com/maps/search/?api=1&query=Dunes%20Discovery%20Tourism%20LLC&query_place_id=ChIJbWsIEIVEdEER4uHEhb2dbcQ",
,"1522201601161585131","Tour agency","Service establishment","Tour agency","14154142641213989346",,,"0x4174448510086b6d:0xc46d9dbd85c4e1e2",,"https://lh3.googleusercontent.com/grass-cs/AABkmLd2_d1tXdrlH6LWW10pygDnJzaUhEU7C7L75fvzbAv4OYkdlD4LwcGPTtfM0xX8prg6H7I6hKya8LF-YWUiDMb0s1vwi8onlMyPQGQGfLxxP-evkFPGc0oYiPA5qiJVrNSeoCE=w408-h261-k-no","false","false","/g/11vk63ds_v","en","0","24.3539913","53.9485752","Gurmitter singh",,"en","false","ChIJbWsIEIVEdEER4uHEhb2dbcQ",,,"a year ago","2025-03-25T16:24:51.503Z",,"2025-03-25T16:45:34.000Z","Thanks for your feedback 😇","ChZDSUhNMG9nS0VJQ0FnTUR3NXJLaVV3EAE",,,,,,,,,"Google","https://www.google.com/maps/reviews/data=!4m8!14m7!1m6!2m5!1sChZDSUhNMG9nS0VJQ0FnTUR3NXJLaVV3EAE!2m1!1s0x0:0xc46d9dbd85c4e1e2!3m1!1s2@1:CIHM0ogKEICAgMDw5rKiUw%7C%7C?hl=en","101637512883719245949","7","https://lh3.googleusercontent.com/a-/ALV-UjU2VHJHdenmdAwTKiFRsqzCi2Zu4g4eRRF5QuZHAowgU9sOGpcd=s1920-c-rp-mo-br100","https://www.google.com/maps/contrib/101637512883719245949?hl=en","329","2026-10-06T19:23:43.222Z","Direct Detail URL: https://www.google.com/maps?cid=14154142641213989346","5",,,"false","My experience with Dune Discovery Tourism was absolutely unforgettable! Malik was an exceptional guide, providing clear and insightful explanations throughout the journey. He made sure everything was customized to my comfort, making the entire desert safari an enjoyable and memorable adventure.",,"Dunes Discovery Tourism LLC","5",,"https://www.google.com/maps/search/?api=1&query=Dunes%20Discovery%20Tourism%20LLC&query_place_id=ChIJbWsIEIVEdEER4uHEhb2dbcQ",
,"1522201601161585131","Tour agency","Service establishment","Tour agency","14154142641213989346",,,"0x4174448510086b6d:0xc46d9dbd85c4e1e2",,"https://lh3.googleusercontent.com/grass-cs/AABkmLd2_d1tXdrlH6LWW10pygDnJzaUhEU7C7L75fvzbAv4OYkdlD4LwcGPTtfM0xX8prg6H7I6hKya8LF-YWUiDMb0s1vwi8onlMyPQGQGfLxxP-evkFPGc0oYiPA5qiJVrNSeoCE=w408-h261-k-no","false","true","/g/11vk63ds_v","en","0","24.3539913","53.9485752","navneet kaur",,"en","false","ChIJbWsIEIVEdEER4uHEhb2dbcQ",,,"a year ago","2025-03-25T16:19:53.941Z",,"2025-09-30T18:21:17.000Z","Thanks for your feedback 😇","ChZDSUhNMG9nS0VJQ0FnTUR3NXF5V1pREAE",,,,,,,,,"Google","https://www.google.com/maps/reviews/data=!4m8!14m7!1m6!2m5!1sChZDSUhNMG9nS0VJQ0FnTUR3NXF5V1pREAE!2m1!1s0x0:0xc46d9dbd85c4e1e2!3m1!1s2@1:CIHM0ogKEICAgMDw5qyWZQ%7C%7C?hl=en","109951696591031489825","7","https://lh3.googleusercontent.com/a-/ALV-UjU8CFiLF0mVJzSp5AG0-_WFXl_bosmwboTi5FZ-9H-kDeQq16I=s1920-c-rp-mo-ba12-br100","https://www.google.com/maps/contrib/109951696591031489825?hl=en","329","2026-10-06T19:23:43.222Z","Direct Detail URL: https://www.google.com/maps?cid=14154142641213989346","5",,,"false","Our desert safari with Dunes Discovery Tourism was absolutely fantastic! Mr. Malik was an outstanding guide—friendly, knowledgeable, and truly passionate about what he does. He made sure we were comfortable throughout the journey and shared fascinating insights about the desert, its landscapes, and local traditions. I highly recommend this tour, especially with Mr. Malik as your guide. A must-do for anyone visiting the desert!",,"Dunes Discovery Tourism LLC","5",,"https://www.google.com/maps/search/?api=1&query=Dunes%20Discovery%20Tourism%20LLC&query_place_id=ChIJbWsIEIVEdEER4uHEhb2dbcQ",
,"1522201601161585131","Tour agency","Service establishment","Tour agency","14154142641213989346",,,"0x4174448510086b6d:0xc46d9dbd85c4e1e2",,"https://lh3.googleusercontent.com/grass-cs/AABkmLd2_d1tXdrlH6LWW10pygDnJzaUhEU7C7L75fvzbAv4OYkdlD4LwcGPTtfM0xX8prg6H7I6hKya8LF-YWUiDMb0s1vwi8onlMyPQGQGfLxxP-evkFPGc0oYiPA5qiJVrNSeoCE=w408-h261-k-no","false","false","/g/11vk63ds_v","en","0","24.3539913","53.9485752","Naphie NDIAYE",,"fr","false","ChIJbWsIEIVEdEER4uHEhb2dbcQ",,,"a year ago","2025-03-19T17:04:40.852Z",,"2025-03-19T17:37:44.000Z","Mérci bocub Madame 😇","ChZDSUhNMG9nS0VJQ0FnTUN3eVpySEd3EAE",,,,,,,,,"Google","https://www.google.com/maps/reviews/data=!4m8!14m7!1m6!2m5!1sChZDSUhNMG9nS0VJQ0FnTUN3eVpySEd3EAE!2m1!1s0x0:0xc46d9dbd85c4e1e2!3m1!1s2@1:CIHM0ogKEICAgMCwyZrHGw%7C%7C?hl=en","104709260618742166314","4","https://lh3.googleusercontent.com/a/ACg8ocLF7-j5KBVO_LA9X-I-4Qjt19E6saPqDhS0mosNGi2D3A2Elw=s1920-c-rp-mo-br100","https://www.google.com/maps/contrib/104709260618742166314?hl=en","329","2026-10-06T19:23:43.222Z","Direct Detail URL: https://www.google.com/maps?cid=14154142641213989346","5",,,"false","C’était juste magique, les chauffeurs sont ponctuels souriants et très arrangeant en plus de sont les professionnels du d’une bashing, nous étions un groupe de 27 personnes et tous étaient satisfaits. Merci","It was simply magical. The drivers were punctual, smiling, and very accommodating. They are also true professionals, and there's no need for negative feedback. We were a group of 27 people, and everyone was satisfied. Thank you.","Dunes Discovery Tourism LLC","5","en","https://www.google.com/maps/search/?api=1&query=Dunes%20Discovery%20Tourism%20LLC&query_place_id=ChIJbWsIEIVEdEER4uHEhb2dbcQ",
,"1522201601161585131","Tour agency","Service establishment","Tour agency","14154142641213989346",,,"0x4174448510086b6d:0xc46d9dbd85c4e1e2",,"https://lh3.googleusercontent.com/grass-cs/AABkmLd2_d1tXdrlH6LWW10pygDnJzaUhEU7C7L75fvzbAv4OYkdlD4LwcGPTtfM0xX8prg6H7I6hKya8LF-YWUiDMb0s1vwi8onlMyPQGQGfLxxP-evkFPGc0oYiPA5qiJVrNSeoCE=w408-h261-k-no","false","false","/g/11vk63ds_v","en","0","24.3539913","53.9485752","Anil Kumar",,"en","false","ChIJbWsIEIVEdEER4uHEhb2dbcQ",,,"a year ago","2025-03-14T16:06:46.039Z",,"2025-03-19T17:38:42.000Z","Thank you","ChZDSUhNMG9nS0VJQ0FnTURRdTV5bkt3EAE","https://lh3.googleusercontent.com/grass-cs/ACvplmOeGQW0SyE-Q1fMMSOSsJ2JeKauvMxmlOl-JuGeiJWQvOEHSUXKu9ZxFdoz8AmyWJTQas9hVHyHu1wQFiPg751wEWnC4T97DO3lMnwW5ZGZSXZQQBuNpzRKNaeaxG8ukvYfNX_b=k-no",,,,,,,,"Google","https://www.google.com/maps/reviews/data=!4m8!14m7!1m6!2m5!1sChZDSUhNMG9nS0VJQ0FnTURRdTV5bkt3EAE!2m1!1s0x0:0xc46d9dbd85c4e1e2!3m1!1s2@1:CIHM0ogKEICAgMDQu5ynKw%7C%7C?hl=en","116108154538530283155","2","https://lh3.googleusercontent.com/a-/ALV-UjUIKdAZM8K_C9JD8Cf8nYFRQFA-8-OpKAq6Fgyp_ys9m5BS1oLu=s1920-c-rp-mo-br100","https://www.google.com/maps/contrib/116108154538530283155?hl=en","329","2026-10-06T19:23:43.222Z","Direct Detail URL: https://www.google.com/maps?cid=14154142641213989346","5",,,"false","It was amazing, Mr.Malik’s behaviour, driving and knowledge on the places visited are superb. We wish to like more trips with him.",,"Dunes Discovery Tourism LLC","5",,"https://www.google.com/maps/search/?api=1&query=Dunes%20Discovery%20Tourism%20LLC&query_place_id=ChIJbWsIEIVEdEER4uHEhb2dbcQ",
,"1522201601161585131","Tour agency","Service establishment","Tour agency","14154142641213989346",,,"0x4174448510086b6d:0xc46d9dbd85c4e1e2",,"https://lh3.googleusercontent.com/grass-cs/AABkmLd2_d1tXdrlH6LWW10pygDnJzaUhEU7C7L75fvzbAv4OYkdlD4LwcGPTtfM0xX8prg6H7I6hKya8LF-YWUiDMb0s1vwi8onlMyPQGQGfLxxP-evkFPGc0oYiPA5qiJVrNSeoCE=w408-h261-k-no","false","true","/g/11vk63ds_v","en","0","24.3539913","53.9485752","Prajyot Walali",,"en","false","ChIJbWsIEIVEdEER4uHEhb2dbcQ",,,"a year ago","2025-03-12T16:42:18.383Z",,"2025-03-12T16:53:38.000Z","Thanks 🙏 ","ChdDSUhNMG9nS0VJQ0FnTURRbGJXZXdBRRAB","https://lh3.googleusercontent.com/grass-cs/ACvplmM6ncvrunWz-RQjQHvVBh7CM1ZqQiT1fQCyuMbGJ8MaROan0mZV2qTAFHxuyBbemg6_cHCQNBB6DgWIwAud5Di1HwhPs-fvXwpiDvIqnA1KlBe7ErIIn36hYtLkR_cR-Lmi4DE=k-no","https://lh3.googleusercontent.com/grass-cs/ACvplmPyJcFJP4nvfnpBeIftEp6wNLXerUG9zzpBbqTA9wqqC0p_4DMwSvc9AXMgtvBOUN4LoXGaWyAC5wLdisKRcmAGa7L64p7lfWh6iME99Hogd0SeIGvS6f_Z5pJh5pd02cciy-e8=k-no","https://lh3.googleusercontent.com/grass-cs/ACvplmM6u8ClMv0sgJiicTvsmQdZW_XeS0vIponbKTveMy0UuZt1yTLwilsLt4VcBpensvHCktYSSabkzSMN7masSbIfryE5Hyc9uKaRmGGAmyXMrC8JoWZkoVn6HRjlXHtt6yWasvL2=k-no",,,,,,"Google","https://www.google.com/maps/reviews/data=!4m8!14m7!1m6!2m5!1sChdDSUhNMG9nS0VJQ0FnTURRbGJXZXdBRRAB!2m1!1s0x0:0xc46d9dbd85c4e1e2!3m1!1s2@1:CIHM0ogKEICAgMDQlbWewAE%7C%7C?hl=en","102546753634948588497","8","https://lh3.googleusercontent.com/a-/ALV-UjVvsJSv2cvD5mcDhYDcw41d_x3MI6x0_BBzREY8rwTFFWGCMT9v=s1920-c-rp-mo-ba12-br100","https://www.google.com/maps/contrib/102546753634948588497?hl=en","329","2026-10-06T19:23:43.222Z","Direct Detail URL: https://www.google.com/maps?cid=14154142641213989346","5",,,"false","Had an incredible experience with Dunes Discovery Tourism LLC! The sand dunes bashing was thrilling, the camel and ATV rides were so much fun, and the dinner and show were the perfect way to end the evening.

A big thanks to our guide, Mr. Malik, for his amazing hospitality and great photography skills! Highly recommend them for an unforgettable desert adventure.",,"Dunes Discovery Tourism LLC","5",,"https://www.google.com/maps/search/?api=1&query=Dunes%20Discovery%20Tourism%20LLC&query_place_id=ChIJbWsIEIVEdEER4uHEhb2dbcQ",
,"1522201601161585131","Tour agency","Service establishment","Tour agency","14154142641213989346",,,"0x4174448510086b6d:0xc46d9dbd85c4e1e2",,"https://lh3.googleusercontent.com/grass-cs/AABkmLd2_d1tXdrlH6LWW10pygDnJzaUhEU7C7L75fvzbAv4OYkdlD4LwcGPTtfM0xX8prg6H7I6hKya8LF-YWUiDMb0s1vwi8onlMyPQGQGfLxxP-evkFPGc0oYiPA5qiJVrNSeoCE=w408-h261-k-no","false","false","/g/11vk63ds_v","en","0","24.3539913","53.9485752","Aa aa Bb bb",,"en","false","ChIJbWsIEIVEdEER4uHEhb2dbcQ",,,"a year ago","2025-03-06T16:38:00.760Z",,"2025-03-06T19:39:03.000Z","Many thanks for booking with us again.","ChdDSUhNMG9nS0VJQ0FnTUNRM1puTWdRRRAB",,,,,,,,,"Google","https://www.google.com/maps/reviews/data=!4m8!14m7!1m6!2m5!1sChdDSUhNMG9nS0VJQ0FnTUNRM1puTWdRRRAB!2m1!1s0x0:0xc46d9dbd85c4e1e2!3m1!1s2@1:CIHM0ogKEICAgMCQ3ZnMgQE%7C%7C?hl=en","104664648810049937324","10","https://lh3.googleusercontent.com/a-/ALV-UjWVI_7SQibymq8hqCZdgt6xjGtQnLZqFRDZTRzetI0NchyvCtMv=s1920-c-rp-mo-br100","https://www.google.com/maps/contrib/104664648810049937324?hl=en","329","2026-10-06T19:23:43.222Z","Direct Detail URL: https://www.google.com/maps?cid=14154142641213989346","5",,,"false","Exceptional and professional service rendered. Highly recommended. 2nd experience and will not be the last.",,"Dunes Discovery Tourism LLC","5",,"https://www.google.com/maps/search/?api=1&query=Dunes%20Discovery%20Tourism%20LLC&query_place_id=ChIJbWsIEIVEdEER4uHEhb2dbcQ",
,"1522201601161585131","Tour agency","Service establishment","Tour agency","14154142641213989346",,,"0x4174448510086b6d:0xc46d9dbd85c4e1e2",,"https://lh3.googleusercontent.com/grass-cs/AABkmLd2_d1tXdrlH6LWW10pygDnJzaUhEU7C7L75fvzbAv4OYkdlD4LwcGPTtfM0xX8prg6H7I6hKya8LF-YWUiDMb0s1vwi8onlMyPQGQGfLxxP-evkFPGc0oYiPA5qiJVrNSeoCE=w408-h261-k-no","false","true","/g/11vk63ds_v","en","0","24.3539913","53.9485752","Andy Ramnarine",,"en","false","ChIJbWsIEIVEdEER4uHEhb2dbcQ",,,"a year ago","2025-03-06T16:25:47.997Z",,"2025-03-06T19:38:27.000Z","Thanks you for the feedback and selecting our services again.","ChdDSUhNMG9nS0VJQ0FnTUNRM2JLRzJBRRAB",,,,,,,,,"Google","https://www.google.com/maps/reviews/data=!4m8!14m7!1m6!2m5!1sChdDSUhNMG9nS0VJQ0FnTUNRM2JLRzJBRRAB!2m1!1s0x0:0xc46d9dbd85c4e1e2!3m1!1s2@1:CIHM0ogKEICAgMCQ3bKG2AE%7C%7C?hl=en","104461391172958539142","13","https://lh3.googleusercontent.com/a-/ALV-UjX07YFUL1CXubXpBmiVqESj1SGqXfMXLgtyNcsDDVS__fChpRA=s1920-c-rp-mo-ba12-br100","https://www.google.com/maps/contrib/104461391172958539142?hl=en","329","2026-10-06T19:23:43.222Z","Direct Detail URL: https://www.google.com/maps?cid=14154142641213989346","5",,,"false","This is my 3rd tour with exceptional service each time. Best 👌",,"Dunes Discovery Tourism LLC","5",,"https://www.google.com/maps/search/?api=1&query=Dunes%20Discovery%20Tourism%20LLC&query_place_id=ChIJbWsIEIVEdEER4uHEhb2dbcQ",
,"1522201601161585131","Tour agency","Service establishment","Tour agency","14154142641213989346",,,"0x4174448510086b6d:0xc46d9dbd85c4e1e2",,"https://lh3.googleusercontent.com/grass-cs/AABkmLd2_d1tXdrlH6LWW10pygDnJzaUhEU7C7L75fvzbAv4OYkdlD4LwcGPTtfM0xX8prg6H7I6hKya8LF-YWUiDMb0s1vwi8onlMyPQGQGfLxxP-evkFPGc0oYiPA5qiJVrNSeoCE=w408-h261-k-no","false","true","/g/11vk63ds_v","en","0","24.3539913","53.9485752","Ahmed",,"en","false","ChIJbWsIEIVEdEER4uHEhb2dbcQ",,,"Edited a year ago","2025-02-07T20:23:10.414Z",,"2025-02-07T16:30:52.000Z","Thanks for your feedback 😇","ChZDSUhNMG9nS0VJQ0FnSUNfX3FXQVd3EAE",,,,,,,,,"Google","https://www.google.com/maps/reviews/data=!4m8!14m7!1m6!2m5!1sChZDSUhNMG9nS0VJQ0FnSUNfX3FXQVd3EAE!2m1!1s0x0:0xc46d9dbd85c4e1e2!3m1!1s2@1:CIHM0ogKEICAgIC__qWAWw%7C%7C?hl=en","116545340089027803417","13","https://lh3.googleusercontent.com/a-/ALV-UjXU5aIXMRPTXbMjoltrpiQqdj7-3x7zMWoXgaP5G-6-rNKw5A=s1920-c-rp-mo-ba12-br100","https://www.google.com/maps/contrib/116545340089027803417?hl=en","329","2026-10-06T19:23:43.222Z","Direct Detail URL: https://www.google.com/maps?cid=14154142641213989346","5",,,"false","5 starts tour experienced today with Mr Malik.
Very professional and friendly....amazing tour of desert Safari.
Would recommend and Love to come back again",,"Dunes Discovery Tourism LLC","5",,"https://www.google.com/maps/search/?api=1&query=Dunes%20Discovery%20Tourism%20LLC&query_place_id=ChIJbWsIEIVEdEER4uHEhb2dbcQ",
,"1522201601161585131","Tour agency","Service establishment","Tour agency","14154142641213989346",,,"0x4174448510086b6d:0xc46d9dbd85c4e1e2",,"https://lh3.googleusercontent.com/grass-cs/AABkmLd2_d1tXdrlH6LWW10pygDnJzaUhEU7C7L75fvzbAv4OYkdlD4LwcGPTtfM0xX8prg6H7I6hKya8LF-YWUiDMb0s1vwi8onlMyPQGQGfLxxP-evkFPGc0oYiPA5qiJVrNSeoCE=w408-h261-k-no","false","false","/g/11vk63ds_v","en","0","24.3539913","53.9485752","Pooja Maheshwari",,"en","false","ChIJbWsIEIVEdEER4uHEhb2dbcQ",,,"a year ago","2025-01-26T17:19:51.254Z",,"2025-02-07T16:28:54.000Z","Many thanks😇","ChdDSUhNMG9nS0VJQ0FnSURfbzZDZ3NRRRAB",,,,,,,,,"Google","https://www.google.com/maps/reviews/data=!4m8!14m7!1m6!2m5!1sChdDSUhNMG9nS0VJQ0FnSURfbzZDZ3NRRRAB!2m1!1s0x0:0xc46d9dbd85c4e1e2!3m1!1s2@1:CIHM0ogKEICAgID_o6CgsQE%7C%7C?hl=en","102432459175038335449","2","https://lh3.googleusercontent.com/a/ACg8ocLFPpG3mLT9uZuVK5Z1Jeqd9ZyPtx5sdg0keWofEVltbXo8=s1920-c-rp-mo-br100","https://www.google.com/maps/contrib/102432459175038335449?hl=en","329","2026-10-06T19:23:43.222Z","Direct Detail URL: https://www.google.com/maps?cid=14154142641213989346","5",,,"false","Amazing Desert Safari",,"Dunes Discovery Tourism LLC","5",,"https://www.google.com/maps/search/?api=1&query=Dunes%20Discovery%20Tourism%20LLC&query_place_id=ChIJbWsIEIVEdEER4uHEhb2dbcQ",
,"1522201601161585131","Tour agency","Service establishment","Tour agency","14154142641213989346",,,"0x4174448510086b6d:0xc46d9dbd85c4e1e2",,"https://lh3.googleusercontent.com/grass-cs/AABkmLd2_d1tXdrlH6LWW10pygDnJzaUhEU7C7L75fvzbAv4OYkdlD4LwcGPTtfM0xX8prg6H7I6hKya8LF-YWUiDMb0s1vwi8onlMyPQGQGfLxxP-evkFPGc0oYiPA5qiJVrNSeoCE=w408-h261-k-no","false","false","/g/11vk63ds_v","en","0","24.3539913","53.9485752","Rajat Maheshwari",,"en","false","ChIJbWsIEIVEdEER4uHEhb2dbcQ",,,"a year ago","2025-01-26T17:19:06.167Z",,"2025-02-07T16:29:16.000Z","Thank for your feedback 😇","ChZDSUhNMG9nS0VJQ0FnSURfbzRDbklREAE",,,,,,,,,"Google","https://www.google.com/maps/reviews/data=!4m8!14m7!1m6!2m5!1sChZDSUhNMG9nS0VJQ0FnSURfbzRDbklREAE!2m1!1s0x0:0xc46d9dbd85c4e1e2!3m1!1s2@1:CIHM0ogKEICAgID_o4CnIQ%7C%7C?hl=en","104900128198184350765","1","https://lh3.googleusercontent.com/a/ACg8ocIKR_jsghk-EC5wR4x0XZInUrWpzfcQ6Po-Gt0MH-pICmj6qg=s1920-c-rp-mo-br100","https://www.google.com/maps/contrib/104900128198184350765?hl=en","329","2026-10-06T19:23:43.222Z","Direct Detail URL: https://www.google.com/maps?cid=14154142641213989346","5",,,"false","Great Dessert Safari",,"Dunes Discovery Tourism LLC","5",,"https://www.google.com/maps/search/?api=1&query=Dunes%20Discovery%20Tourism%20LLC&query_place_id=ChIJbWsIEIVEdEER4uHEhb2dbcQ",
,"1522201601161585131","Tour agency","Service establishment","Tour agency","14154142641213989346",,,"0x4174448510086b6d:0xc46d9dbd85c4e1e2",,"https://lh3.googleusercontent.com/grass-cs/AABkmLd2_d1tXdrlH6LWW10pygDnJzaUhEU7C7L75fvzbAv4OYkdlD4LwcGPTtfM0xX8prg6H7I6hKya8LF-YWUiDMb0s1vwi8onlMyPQGQGfLxxP-evkFPGc0oYiPA5qiJVrNSeoCE=w408-h261-k-no","false","false","/g/11vk63ds_v","en","0","24.3539913","53.9485752","Ravi Kumar",,"en","false","ChIJbWsIEIVEdEER4uHEhb2dbcQ",,,"a year ago","2025-01-23T16:12:48.184Z",,"2025-02-07T16:29:34.000Z","Thanks for your feedback 😇","ChZDSUhNMG9nS0VJQ0FnSURfdXJ2bmJnEAE","https://lh3.googleusercontent.com/grass-cs/ACvplmMpn2TepGdRqsbE5zvw6B30L9Phy-CiYs8ef_i6-Vd0J6xa9kRRGcp5EgR5kKCxEuxZqb6q4ZIVGjcMl0L5x-oXyjBts10945B9LnxAdZ4ls7OqbrgBvrXlO09XurBrtPBq0LKoMg=k-no",,,,,,,,"Google","https://www.google.com/maps/reviews/data=!4m8!14m7!1m6!2m5!1sChZDSUhNMG9nS0VJQ0FnSURfdXJ2bmJnEAE!2m1!1s0x0:0xc46d9dbd85c4e1e2!3m1!1s2@1:CIHM0ogKEICAgID_urvnbg%7C%7C?hl=en","106086542422677029850","1","https://lh3.googleusercontent.com/a-/ALV-UjWtuSzTU_QJYNTm1Wxnz_nBUqwvF-Nn0JorAI9pFVS-SI2Fp2rD=s1920-c-rp-mo-br100","https://www.google.com/maps/contrib/106086542422677029850?hl=en","329","2026-10-06T19:23:43.222Z","Direct Detail URL: https://www.google.com/maps?cid=14154142641213989346","5",,,"false","It was amazing experience with malik.He is so funny and dont let you get bored on trip.",,"Dunes Discovery Tourism LLC","5",,"https://www.google.com/maps/search/?api=1&query=Dunes%20Discovery%20Tourism%20LLC&query_place_id=ChIJbWsIEIVEdEER4uHEhb2dbcQ",
,"1522201601161585131","Tour agency","Service establishment","Tour agency","14154142641213989346",,,"0x4174448510086b6d:0xc46d9dbd85c4e1e2",,"https://lh3.googleusercontent.com/grass-cs/AABkmLd2_d1tXdrlH6LWW10pygDnJzaUhEU7C7L75fvzbAv4OYkdlD4LwcGPTtfM0xX8prg6H7I6hKya8LF-YWUiDMb0s1vwi8onlMyPQGQGfLxxP-evkFPGc0oYiPA5qiJVrNSeoCE=w408-h261-k-no","false","false","/g/11vk63ds_v","en","0","24.3539913","53.9485752","Shiya Sharma",,"en","false","ChIJbWsIEIVEdEER4uHEhb2dbcQ",,,"a year ago","2025-01-23T16:12:30.409Z",,"2025-02-07T16:29:45.000Z","Thank you😇","ChdDSUhNMG9nS0VJQ0FnSURfdXJ2ZV9RRRAB",,,,,,,,,"Google","https://www.google.com/maps/reviews/data=!4m8!14m7!1m6!2m5!1sChdDSUhNMG9nS0VJQ0FnSURfdXJ2ZV9RRRAB!2m1!1s0x0:0xc46d9dbd85c4e1e2!3m1!1s2@1:CIHM0ogKEICAgID_urve_QE%7C%7C?hl=en","101716733583926589735","3","https://lh3.googleusercontent.com/a-/ALV-UjWceRZaLK2QyEviQ4RHGOKmdnTrvNeShIQJI-JC8HLLIW0fUf-s=s1920-c-rp-mo-br100","https://www.google.com/maps/contrib/101716733583926589735?hl=en","329","2026-10-06T19:23:43.222Z","Direct Detail URL: https://www.google.com/maps?cid=14154142641213989346","5",,,"false","It was all fun with Malik, had thrilled experience while dune bashing.. everyone should try, it's life time crazy experience",,"Dunes Discovery Tourism LLC","5",,"https://www.google.com/maps/search/?api=1&query=Dunes%20Discovery%20Tourism%20LLC&query_place_id=ChIJbWsIEIVEdEER4uHEhb2dbcQ",
,"1522201601161585131","Tour agency","Service establishment","Tour agency","14154142641213989346",,,"0x4174448510086b6d:0xc46d9dbd85c4e1e2",,"https://lh3.googleusercontent.com/grass-cs/AABkmLd2_d1tXdrlH6LWW10pygDnJzaUhEU7C7L75fvzbAv4OYkdlD4LwcGPTtfM0xX8prg6H7I6hKya8LF-YWUiDMb0s1vwi8onlMyPQGQGfLxxP-evkFPGc0oYiPA5qiJVrNSeoCE=w408-h261-k-no","false","false","/g/11vk63ds_v","en","0","24.3539913","53.9485752","GACCHU RANWAKA",,"en","false","ChIJbWsIEIVEdEER4uHEhb2dbcQ",,,"a year ago","2025-01-19T16:15:02.390Z",,"2025-02-07T16:29:55.000Z","Thank you 😇","ChZDSUhNMG9nS0VJQ0FnSUNfNV9ydFJREAE",,,,,,,,,"Google","https://www.google.com/maps/reviews/data=!4m8!14m7!1m6!2m5!1sChZDSUhNMG9nS0VJQ0FnSUNfNV9ydFJREAE!2m1!1s0x0:0xc46d9dbd85c4e1e2!3m1!1s2@1:CIHM0ogKEICAgIC_5_rtRQ%7C%7C?hl=en","109554025450312867606","3","https://lh3.googleusercontent.com/a/ACg8ocK1dbCPpJ-npiCokUBZQnUunNwSbYj3xU7r2cldSzl4-jpTyQ=s1920-c-rp-mo-br100","https://www.google.com/maps/contrib/109554025450312867606?hl=en","329","2026-10-06T19:23:43.222Z","Direct Detail URL: https://www.google.com/maps?cid=14154142641213989346","5",,,"false","Fabulous Desert Safari 👍👍",,"Dunes Discovery Tourism LLC","5",,"https://www.google.com/maps/search/?api=1&query=Dunes%20Discovery%20Tourism%20LLC&query_place_id=ChIJbWsIEIVEdEER4uHEhb2dbcQ",
,"1522201601161585131","Tour agency","Service establishment","Tour agency","14154142641213989346",,,"0x4174448510086b6d:0xc46d9dbd85c4e1e2",,"https://lh3.googleusercontent.com/grass-cs/AABkmLd2_d1tXdrlH6LWW10pygDnJzaUhEU7C7L75fvzbAv4OYkdlD4LwcGPTtfM0xX8prg6H7I6hKya8LF-YWUiDMb0s1vwi8onlMyPQGQGfLxxP-evkFPGc0oYiPA5qiJVrNSeoCE=w408-h261-k-no","false","false","/g/11vk63ds_v","en","0","24.3539913","53.9485752","Nazia Ijaz",,"en","false","ChIJbWsIEIVEdEER4uHEhb2dbcQ",,,"a year ago","2025-01-16T16:35:04.131Z",,"2025-02-07T16:30:07.000Z","Many thanks😇","ChdDSUhNMG9nS0VJQ0FnSUNfX3AyMzBnRRAB",,,,,,,,,"Google","https://www.google.com/maps/reviews/data=!4m8!14m7!1m6!2m5!1sChdDSUhNMG9nS0VJQ0FnSUNfX3AyMzBnRRAB!2m1!1s0x0:0xc46d9dbd85c4e1e2!3m1!1s2@1:CIHM0ogKEICAgIC__p230gE%7C%7C?hl=en","103900462726156788202","4","https://lh3.googleusercontent.com/a/ACg8ocJiAt_ToulZxqBRN37cgSvMO95GynIvmFG9g_fIVDF9cOKwqg=s1920-c-rp-mo-br100","https://www.google.com/maps/contrib/103900462726156788202?hl=en","329","2026-10-06T19:23:43.222Z","Direct Detail URL: https://www.google.com/maps?cid=14154142641213989346","5",,,"false","We had lovely time and we recommend to all those who want to have fabulous adventures",,"Dunes Discovery Tourism LLC","5",,"https://www.google.com/maps/search/?api=1&query=Dunes%20Discovery%20Tourism%20LLC&query_place_id=ChIJbWsIEIVEdEER4uHEhb2dbcQ",
,"1522201601161585131","Tour agency","Service establishment","Tour agency","14154142641213989346",,,"0x4174448510086b6d:0xc46d9dbd85c4e1e2",,"https://lh3.googleusercontent.com/grass-cs/AABkmLd2_d1tXdrlH6LWW10pygDnJzaUhEU7C7L75fvzbAv4OYkdlD4LwcGPTtfM0xX8prg6H7I6hKya8LF-YWUiDMb0s1vwi8onlMyPQGQGfLxxP-evkFPGc0oYiPA5qiJVrNSeoCE=w408-h261-k-no","false","false","/g/11vk63ds_v","en","0","24.3539913","53.9485752","Unknown Qayyum",,"en","false","ChIJbWsIEIVEdEER4uHEhb2dbcQ",,,"a year ago","2025-01-16T16:32:15.210Z",,"2025-02-07T16:30:33.000Z","Thank you😇","ChdDSUhNMG9nS0VJQ0FnSUNfX3MzNGx3RRAB",,,,,,,,,"Google","https://www.google.com/maps/reviews/data=!4m8!14m7!1m6!2m5!1sChdDSUhNMG9nS0VJQ0FnSUNfX3MzNGx3RRAB!2m1!1s0x0:0xc46d9dbd85c4e1e2!3m1!1s2@1:CIHM0ogKEICAgIC__s34lwE%7C%7C?hl=en","102097702637396327104","8","https://lh3.googleusercontent.com/a-/ALV-UjXUD7MJr0AeQh4LRqOkluJ7D1nm1B4F3fqNN4EPpv5Q6d118hhR=s1920-c-rp-mo-br100","https://www.google.com/maps/contrib/102097702637396327104?hl=en","329","2026-10-06T19:23:43.222Z","Direct Detail URL: https://www.google.com/maps?cid=14154142641213989346","5",,,"false","Alhamdullilah good experience",,"Dunes Discovery Tourism LLC","5",,"https://www.google.com/maps/search/?api=1&query=Dunes%20Discovery%20Tourism%20LLC&query_place_id=ChIJbWsIEIVEdEER4uHEhb2dbcQ",
,"1522201601161585131","Tour agency","Service establishment","Tour agency","14154142641213989346",,,"0x4174448510086b6d:0xc46d9dbd85c4e1e2",,"https://lh3.googleusercontent.com/grass-cs/AABkmLd2_d1tXdrlH6LWW10pygDnJzaUhEU7C7L75fvzbAv4OYkdlD4LwcGPTtfM0xX8prg6H7I6hKya8LF-YWUiDMb0s1vwi8onlMyPQGQGfLxxP-evkFPGc0oYiPA5qiJVrNSeoCE=w408-h261-k-no","false","false","/g/11vk63ds_v","en","0","24.3539913","53.9485752","Jamil Sindhi",,"en","false","ChIJbWsIEIVEdEER4uHEhb2dbcQ",,,"a year ago","2025-01-14T16:49:46.937Z",,"2025-02-07T16:31:01.000Z","Thank you😇","ChdDSUhNMG9nS0VJQ0FnSUNfMHRfc2p3RRAB","https://lh3.googleusercontent.com/grass-cs/ACvplmM7Eos89A6b8GGIbeflUSCXSUXNAPtk7ImdjMXsXIlaa1tggl2CFNzNQaKn7qs_XErgwp3Rrf0Mc573sGiorGR2zJ5dmNmWQ5pnltf_rzeO44KCAeKxtfRrc9ZVVLiwBKENH_4g=k-no",,,,,,,,"Google","https://www.google.com/maps/reviews/data=!4m8!14m7!1m6!2m5!1sChdDSUhNMG9nS0VJQ0FnSUNfMHRfc2p3RRAB!2m1!1s0x0:0xc46d9dbd85c4e1e2!3m1!1s2@1:CIHM0ogKEICAgIC_0t_sjwE%7C%7C?hl=en","102191947050168935048","2","https://lh3.googleusercontent.com/a/ACg8ocLVZscQtpxbbR_pPMkxMZ6dydTl-ny3iBU_JP0-RjJxPgjjng=s1920-c-rp-mo-br100","https://www.google.com/maps/contrib/102191947050168935048?hl=en","329","2026-10-06T19:23:43.222Z","Direct Detail URL: https://www.google.com/maps?cid=14154142641213989346","5",,,"false","I had an unforgettable experience with Dune Discovery Tourism on my desert safari! Malik was absolutely fantastic—his explanations were clear and detailed, and he went above and beyond to ensure everything was done at my pace, making the experience both comfortable and enjoyable. His professionalism, kindness, and attention to detail truly stood out. I highly recommend Dune Discovery Tourism and will undoubtedly return to Malik for future adventures. Thank you for an amazing experience!",,"Dunes Discovery Tourism LLC","5",,"https://www.google.com/maps/search/?api=1&query=Dunes%20Discovery%20Tourism%20LLC&query_place_id=ChIJbWsIEIVEdEER4uHEhb2dbcQ",
,"1522201601161585131","Tour agency","Service establishment","Tour agency","14154142641213989346",,,"0x4174448510086b6d:0xc46d9dbd85c4e1e2",,"https://lh3.googleusercontent.com/grass-cs/AABkmLd2_d1tXdrlH6LWW10pygDnJzaUhEU7C7L75fvzbAv4OYkdlD4LwcGPTtfM0xX8prg6H7I6hKya8LF-YWUiDMb0s1vwi8onlMyPQGQGfLxxP-evkFPGc0oYiPA5qiJVrNSeoCE=w408-h261-k-no","false","false","/g/11vk63ds_v","en","0","24.3539913","53.9485752","Nandany Apullanage",,,"false","ChIJbWsIEIVEdEER4uHEhb2dbcQ",,,"a year ago","2025-01-10T17:10:32.800Z",,"2025-02-07T16:31:10.000Z","Thank you😇","ChdDSUhNMG9nS0VJQ0FnSURmeDk2SDVnRRAB",,,,,,,,,"Google","https://www.google.com/maps/reviews/data=!4m8!14m7!1m6!2m5!1sChdDSUhNMG9nS0VJQ0FnSURmeDk2SDVnRRAB!2m1!1s0x0:0xc46d9dbd85c4e1e2!3m1!1s2@1:CIHM0ogKEICAgIDfx96H5gE%7C%7C?hl=en","102568245491095037773","2","https://lh3.googleusercontent.com/a-/ALV-UjX9UFmezL986TAMDcbLLS5-yEcSUCyw_-vtbx9QxnUvgT7DqLs=s1920-c-rp-mo-br100","https://www.google.com/maps/contrib/102568245491095037773?hl=en","329","2026-10-06T19:23:43.222Z","Direct Detail URL: https://www.google.com/maps?cid=14154142641213989346","5",,,"false",,,"Dunes Discovery Tourism LLC","5",,"https://www.google.com/maps/search/?api=1&query=Dunes%20Discovery%20Tourism%20LLC&query_place_id=ChIJbWsIEIVEdEER4uHEhb2dbcQ",
,"1522201601161585131","Tour agency","Service establishment","Tour agency","14154142641213989346",,,"0x4174448510086b6d:0xc46d9dbd85c4e1e2",,"https://lh3.googleusercontent.com/grass-cs/AABkmLd2_d1tXdrlH6LWW10pygDnJzaUhEU7C7L75fvzbAv4OYkdlD4LwcGPTtfM0xX8prg6H7I6hKya8LF-YWUiDMb0s1vwi8onlMyPQGQGfLxxP-evkFPGc0oYiPA5qiJVrNSeoCE=w408-h261-k-no","false","false","/g/11vk63ds_v","en","0","24.3539913","53.9485752","Arun Kumar",,"en","false","ChIJbWsIEIVEdEER4uHEhb2dbcQ",,,"a year ago","2025-01-06T02:13:05.458Z",,"2025-02-07T16:31:18.000Z","Thank you😇","ChdDSUhNMG9nS0VJQ0FnSURmcHNEVW53RRAB",,,,,,,,,"Google","https://www.google.com/maps/reviews/data=!4m8!14m7!1m6!2m5!1sChdDSUhNMG9nS0VJQ0FnSURmcHNEVW53RRAB!2m1!1s0x0:0xc46d9dbd85c4e1e2!3m1!1s2@1:CIHM0ogKEICAgIDfpsDUnwE%7C%7C?hl=en","103463278990661723969","2","https://lh3.googleusercontent.com/a/ACg8ocI7th-w-pVKRt0GokJy0djSlqAzv9PH5HJWcM0hjEKDG0DHEw=s1920-c-rp-mo-br100","https://www.google.com/maps/contrib/103463278990661723969?hl=en","329","2026-10-06T19:23:43.222Z","Direct Detail URL: https://www.google.com/maps?cid=14154142641213989346","5",,,"false","Nice experience.....with very friendly guide",,"Dunes Discovery Tourism LLC","5",,"https://www.google.com/maps/search/?api=1&query=Dunes%20Discovery%20Tourism%20LLC&query_place_id=ChIJbWsIEIVEdEER4uHEhb2dbcQ",
,"1522201601161585131","Tour agency","Service establishment","Tour agency","14154142641213989346",,,"0x4174448510086b6d:0xc46d9dbd85c4e1e2",,"https://lh3.googleusercontent.com/grass-cs/AABkmLd2_d1tXdrlH6LWW10pygDnJzaUhEU7C7L75fvzbAv4OYkdlD4LwcGPTtfM0xX8prg6H7I6hKya8LF-YWUiDMb0s1vwi8onlMyPQGQGfLxxP-evkFPGc0oYiPA5qiJVrNSeoCE=w408-h261-k-no","false","true","/g/11vk63ds_v","en","0","24.3539913","53.9485752","George Mwangi",,"en","false","ChIJbWsIEIVEdEER4uHEhb2dbcQ",,,"a year ago","2025-01-01T16:08:16.051Z",,"2025-02-07T16:31:33.000Z","Thanks for your feedbacks 😇","ChdDSUhNMG9nS0VJQ0FnSUNmeV8zVjZnRRAB","https://lh3.googleusercontent.com/grass-cs/ACvplmOtKm9sldFoO7ihSzpK5bTq4ZlBDBuA1PHkVJBF4R3gDBEB_4Qg4kdk7EKjyr2rTG9j9J2wenSWmE3OcBRLUlvD5281HkoTEn0OxJJdpiNdLFYnkJzASXd54vqkYABYvkg9vn2dCg=k-no","https://lh3.googleusercontent.com/grass-cs/ACvplmOwa8BoE2D3pb-rZoioGf9DrUC24BDiKswV-BFvB2WuvYVduPDejwyRxTVilc7cgfyc2r1HnhWJXaMO1s3aSUS0TeceF7txHt1mthtPzlJa8usWfj6blHrAv1xT0chnml0QzgAY=k-no",,,,,,,"Google","https://www.google.com/maps/reviews/data=!4m8!14m7!1m6!2m5!1sChdDSUhNMG9nS0VJQ0FnSUNmeV8zVjZnRRAB!2m1!1s0x0:0xc46d9dbd85c4e1e2!3m1!1s2@1:CIHM0ogKEICAgICfy_3V6gE%7C%7C?hl=en","111817813795406496431","6","https://lh3.googleusercontent.com/a-/ALV-UjUj51ofA4MlL0f6eg4gHfld0-1QmOY8lglcjZfMqdTBf8I50wwJig=s1920-c-rp-mo-ba12-br100","https://www.google.com/maps/contrib/111817813795406496431?hl=en","329","2026-10-06T19:23:43.222Z","Direct Detail URL: https://www.google.com/maps?cid=14154142641213989346","5",,,"false","My family and I recently embarked on a desert safari adventure, and it was an absolute thrill! From the moment we were picked up, the experience was nothing short of amazing. The dune bashing was exhilarating, the sunset views were breathtaking, and the evening entertainment was captivating. We highly recommend this desert safari package to anyone looking for an unforgettable experience.",,"Dunes Discovery Tourism LLC","5",,"https://www.google.com/maps/search/?api=1&query=Dunes%20Discovery%20Tourism%20LLC&query_place_id=ChIJbWsIEIVEdEER4uHEhb2dbcQ",
,"1522201601161585131","Tour agency","Service establishment","Tour agency","14154142641213989346",,,"0x4174448510086b6d:0xc46d9dbd85c4e1e2",,"https://lh3.googleusercontent.com/grass-cs/AABkmLd2_d1tXdrlH6LWW10pygDnJzaUhEU7C7L75fvzbAv4OYkdlD4LwcGPTtfM0xX8prg6H7I6hKya8LF-YWUiDMb0s1vwi8onlMyPQGQGfLxxP-evkFPGc0oYiPA5qiJVrNSeoCE=w408-h261-k-no","false","false","/g/11vk63ds_v","en","1","24.3539913","53.9485752","Ollo Felicien Poda",,"fr","false","ChIJbWsIEIVEdEER4uHEhb2dbcQ",,,"a year ago","2024-12-31T20:55:42.955Z",,"2025-02-07T16:31:43.000Z","Thanks😇","ChdDSUhNMG9nS0VJQ0FnSUNmcmFhYjZRRRAB","https://lh3.googleusercontent.com/grass-cs/ACvplmM5Xwne_XjuSgahmj0orUIIANfcUapDSohnekIH8p8w-stklAqB7N8EB-qthSfMmKaPRLLnaEgJ_T_xzefRsj4Va3Bh9z941H14AOaIKnPum4FGNJ29mZaWuWVsFW3I=k-no","https://lh3.googleusercontent.com/grass-cs/ACvplmOil2OsdMTiqo74CbjRIGYSzORQtSVxm_2Ca5WZ3Wi8Uzs-iUHe4Xk7rUAnvQKwOUfkE8CSBWYz3BiOFHufJupAWk4IYaXqkQzzyUDqO9P0pzduw5FsD6zabF2zXwffoNxVOngXxg=k-no","https://lh3.googleusercontent.com/grass-cs/ACvplmNlVCdZLf5FbBnD1yByKpfL6DRD2NUP5pUT0M5l7rncwIDfoxqHznBjpWRCXwH1-BzbBqTeFlnLK-UGTEWpOOFjC3tPEfbb9aLoxBkBo-dVuKXV-5N3iiYVmpd6IqepYf0zd_U=k-no","https://lh3.googleusercontent.com/grass-cs/ACvplmPetCMljIWP9CTHL7gCsqRkUk6_pb6_qllHG6HQDBHVCUO9Z5hW-ENdx2y3VjKy7_gg9ZTLc26pjJyEwY4FS1HCPGd8DMu_VSemcW106UwnS1Im6OZDFAJifcYk4nA1rhpGFIfz=k-no","https://lh3.googleusercontent.com/grass-cs/ACvplmPEg5cIjkaLUaLEs98SQiFismPTql486BE4XOsLZ2CESvMS7rsSWcr1jOQ9toBDUxDz7_A4vj1TwJ7vLySZKjufaHwkV-DvMHMz1iMw66Ewx84TyyUa3Lb9hqp4moKUvDgjYBCK=k-no","https://lh3.googleusercontent.com/grass-cs/ACvplmMXuorP129O1RSANDtv1s-_x1WY1qlGN1HziPKTsT3BUmT095D7hgMsN7kmBkOlauz5IO4F-mgCwAa6hiMnrTMeYngdQWvhyFx7LrPCUj1fC6nmfAU0OklLweGuhhvxSBYSRK0-Xw=k-no","https://lh3.googleusercontent.com/grass-cs/ACvplmNemcFOkISROZzU09KchegpexWFprVjpFNExK6o6PUWztlafZviVrrRH1lK2VZV370QAJu61urzeknp6Ng7I6f03-pZwcMenqRU6CpoXZCRE6ann3xlzMvC6UwErWuAxT-87Mto=k-no","https://lh3.googleusercontent.com/grass-cs/ACvplmOSo2MSjG8OV9RFgQd0hzef98WM-JRmLkq-JJnJpZVrMCpRlf9AzWYw5zuMkWSbdq_Lw6OA3yQeVRW89KjgCW0cj6yW-w7dw8AdRYixsTIsCsDQDvw0_-d4-mmwejW16ILo6pbtQw=k-no","Google","https://www.google.com/maps/reviews/data=!4m8!14m7!1m6!2m5!1sChdDSUhNMG9nS0VJQ0FnSUNmcmFhYjZRRRAB!2m1!1s0x0:0xc46d9dbd85c4e1e2!3m1!1s2@1:CIHM0ogKEICAgICfraab6QE%7C%7C?hl=en","114837668058217159015","2","https://lh3.googleusercontent.com/a-/ALV-UjXNaDB4v8f4CKI0GZ_BNJUgeXMdRpq9j6VHdWkacTn5XrGXp3Y=s1920-c-rp-mo-br100","https://www.google.com/maps/contrib/114837668058217159015?hl=en","329","2026-10-06T19:23:43.222Z","Direct Detail URL: https://www.google.com/maps?cid=14154142641213989346","5",,,"false","Nous avons passé un agréable moment avec un monsieur très sympa. Sa été un énorme plaisir ce safari","We had a lovely time with a very nice gentleman. This safari was a huge pleasure.","Dunes Discovery Tourism LLC","5","en","https://www.google.com/maps/search/?api=1&query=Dunes%20Discovery%20Tourism%20LLC&query_place_id=ChIJbWsIEIVEdEER4uHEhb2dbcQ",
,"1522201601161585131","Tour agency","Service establishment","Tour agency","14154142641213989346",,,"0x4174448510086b6d:0xc46d9dbd85c4e1e2",,"https://lh3.googleusercontent.com/grass-cs/AABkmLd2_d1tXdrlH6LWW10pygDnJzaUhEU7C7L75fvzbAv4OYkdlD4LwcGPTtfM0xX8prg6H7I6hKya8LF-YWUiDMb0s1vwi8onlMyPQGQGfLxxP-evkFPGc0oYiPA5qiJVrNSeoCE=w408-h261-k-no","false","false","/g/11vk63ds_v","en","1","24.3539913","53.9485752","Ricky Boni",,"fr","false","ChIJbWsIEIVEdEER4uHEhb2dbcQ",,,"a year ago","2024-12-31T16:08:31.847Z",,"2025-02-07T16:32:27.000Z","Thank you😇","ChZDSUhNMG9nS0VJQ0FnSUNmclk3RUlnEAE","https://lh3.googleusercontent.com/grass-cs/ACvplmObN12B3tJGcuTaPlkEFOgeR1ec6k7CDRQJs0mp_nLiBpt-wvSSBBuvTJnepfUvkz2rQEF4anqrmf7Ocwtej_X-sH1Tlo3LErnKLmvgwfLo4VptCp61bl1iPWPwdwWK4E78WciQqQ=k-no",,,,,,,,"Google","https://www.google.com/maps/reviews/data=!4m8!14m7!1m6!2m5!1sChZDSUhNMG9nS0VJQ0FnSUNmclk3RUlnEAE!2m1!1s0x0:0xc46d9dbd85c4e1e2!3m1!1s2@1:CIHM0ogKEICAgICfrY7EIg%7C%7C?hl=en","101268047209171976773","1","https://lh3.googleusercontent.com/a-/ALV-UjVPHKFT3V7Hft_4jQkkYsZC59lOMdxjlkSfp-9bEK_o8fdpx3kiTg=s1920-c-rp-mo-br100","https://www.google.com/maps/contrib/101268047209171976773?hl=en","329","2026-10-06T19:23:43.222Z","Direct Detail URL: https://www.google.com/maps?cid=14154142641213989346","5",,,"false","C’était vraiment WAOUH!😍🎉🎉❤️
Malik is the best👍✨❤️","It was absolutely WOW! 😍🎉🎉❤️ Malik is the best! 👍✨❤️","Dunes Discovery Tourism LLC","5","en","https://www.google.com/maps/search/?api=1&query=Dunes%20Discovery%20Tourism%20LLC&query_place_id=ChIJbWsIEIVEdEER4uHEhb2dbcQ",
,"1522201601161585131","Tour agency","Service establishment","Tour agency","14154142641213989346",,,"0x4174448510086b6d:0xc46d9dbd85c4e1e2",,"https://lh3.googleusercontent.com/grass-cs/AABkmLd2_d1tXdrlH6LWW10pygDnJzaUhEU7C7L75fvzbAv4OYkdlD4LwcGPTtfM0xX8prg6H7I6hKya8LF-YWUiDMb0s1vwi8onlMyPQGQGfLxxP-evkFPGc0oYiPA5qiJVrNSeoCE=w408-h261-k-no","false","false","/g/11vk63ds_v","en","0","24.3539913","53.9485752","Muhammed Naveed Naveed",,"en","false","ChIJbWsIEIVEdEER4uHEhb2dbcQ",,,"a year ago","2024-12-24T16:29:14.105Z",,"2025-02-07T16:32:36.000Z","Thank you😇","ChdDSUhNMG9nS0VJQ0FnSUR2eF9MenFBRRAB",,,,,,,,,"Google","https://www.google.com/maps/reviews/data=!4m8!14m7!1m6!2m5!1sChdDSUhNMG9nS0VJQ0FnSUR2eF9MenFBRRAB!2m1!1s0x0:0xc46d9dbd85c4e1e2!3m1!1s2@1:CIHM0ogKEICAgIDvx_LzqAE%7C%7C?hl=en","110012951013095441547","12","https://lh3.googleusercontent.com/a-/ALV-UjWNFTfpHmWMcZEhtKf50vbMXxeIoW71otsQWMBf2bVFiRWsj-cL=s1920-c-rp-mo-br100","https://www.google.com/maps/contrib/110012951013095441547?hl=en","329","2026-10-06T19:23:43.222Z","Direct Detail URL: https://www.google.com/maps?cid=14154142641213989346","5",,,"false","Dunes discovery tourism is very excitement and give best protocol and good services thanks there special driver agent who's give tour very amazing 🤩",,"Dunes Discovery Tourism LLC","5",,"https://www.google.com/maps/search/?api=1&query=Dunes%20Discovery%20Tourism%20LLC&query_place_id=ChIJbWsIEIVEdEER4uHEhb2dbcQ",
,"1522201601161585131","Tour agency","Service establishment","Tour agency","14154142641213989346",,,"0x4174448510086b6d:0xc46d9dbd85c4e1e2",,"https://lh3.googleusercontent.com/grass-cs/AABkmLd2_d1tXdrlH6LWW10pygDnJzaUhEU7C7L75fvzbAv4OYkdlD4LwcGPTtfM0xX8prg6H7I6hKya8LF-YWUiDMb0s1vwi8onlMyPQGQGfLxxP-evkFPGc0oYiPA5qiJVrNSeoCE=w408-h261-k-no","false","true","/g/11vk63ds_v","en","0","24.3539913","53.9485752","Alexsey Diaz",,"en","false","ChIJbWsIEIVEdEER4uHEhb2dbcQ",,,"a year ago","2024-12-23T15:59:48.622Z",,"2025-02-07T16:32:48.000Z","Thank you😇","ChZDSUhNMG9nS0VJQ0FnSUR2bzR2ZUZREAE","https://lh3.googleusercontent.com/grass-cs/ACvplmMzDtPIvL32YSpK9JYKxL0YypXTGWZROMzjGPUHWFRtnED3cEjQfCZX7V8mL4O3FA8kEugVtN1Uahkms3QwusA45YWzKsFMpPldecdImmcssHCKRFCYfs69wmZqpvEQQP8Ji8AsiA=k-no",,,,,,,,"Google","https://www.google.com/maps/reviews/data=!4m8!14m7!1m6!2m5!1sChZDSUhNMG9nS0VJQ0FnSUR2bzR2ZUZREAE!2m1!1s0x0:0xc46d9dbd85c4e1e2!3m1!1s2@1:CIHM0ogKEICAgIDvo4veFQ%7C%7C?hl=en","111288198986763497585","6","https://lh3.googleusercontent.com/a-/ALV-UjW5u__qG7tO_siuoA6dD2iVMGywNHoDY1Nby6PyLZ-RWqPhFQOc=s1920-c-rp-mo-ba12-br100","https://www.google.com/maps/contrib/111288198986763497585?hl=en","329","2026-10-06T19:23:43.222Z","Direct Detail URL: https://www.google.com/maps?cid=14154142641213989346","5",,,"false","Desret safari 5 star with dunes Discovery toursim we are so happy with malik safari guise  recommended every one",,"Dunes Discovery Tourism LLC","5",,"https://www.google.com/maps/search/?api=1&query=Dunes%20Discovery%20Tourism%20LLC&query_place_id=ChIJbWsIEIVEdEER4uHEhb2dbcQ",
,"1522201601161585131","Tour agency","Service establishment","Tour agency","14154142641213989346",,,"0x4174448510086b6d:0xc46d9dbd85c4e1e2",,"https://lh3.googleusercontent.com/grass-cs/AABkmLd2_d1tXdrlH6LWW10pygDnJzaUhEU7C7L75fvzbAv4OYkdlD4LwcGPTtfM0xX8prg6H7I6hKya8LF-YWUiDMb0s1vwi8onlMyPQGQGfLxxP-evkFPGc0oYiPA5qiJVrNSeoCE=w408-h261-k-no","false","false","/g/11vk63ds_v","en","0","24.3539913","53.9485752","Nicolas Naranjo",,"en","false","ChIJbWsIEIVEdEER4uHEhb2dbcQ",,,"a year ago","2024-12-23T15:53:16.663Z",,"2025-07-16T20:14:52.000Z","Thank you ","ChdDSUhNMG9nS0VJQ0FnSUR2bzRQRjl3RRAB",,,,,,,,,"Google","https://www.google.com/maps/reviews/data=!4m8!14m7!1m6!2m5!1sChdDSUhNMG9nS0VJQ0FnSUR2bzRQRjl3RRAB!2m1!1s0x0:0xc46d9dbd85c4e1e2!3m1!1s2@1:CIHM0ogKEICAgIDvo4PF9wE%7C%7C?hl=en","104257880159080270559","1","https://lh3.googleusercontent.com/a-/ALV-UjUHG0hQ4rIi0U7hdTtcipquM6L0z0YXp0CcmOBFlCDaz5Wz8yXR=s1920-c-rp-mo-br100","https://www.google.com/maps/contrib/104257880159080270559?hl=en","329","2026-10-06T19:23:43.222Z","Direct Detail URL: https://www.google.com/maps?cid=14154142641213989346","5",,,"false","fun experience with friends and family definitely recommend for anyone coming",,"Dunes Discovery Tourism LLC","5",,"https://www.google.com/maps/search/?api=1&query=Dunes%20Discovery%20Tourism%20LLC&query_place_id=ChIJbWsIEIVEdEER4uHEhb2dbcQ",
,"1522201601161585131","Tour agency","Service establishment","Tour agency","14154142641213989346",,,"0x4174448510086b6d:0xc46d9dbd85c4e1e2",,"https://lh3.googleusercontent.com/grass-cs/AABkmLd2_d1tXdrlH6LWW10pygDnJzaUhEU7C7L75fvzbAv4OYkdlD4LwcGPTtfM0xX8prg6H7I6hKya8LF-YWUiDMb0s1vwi8onlMyPQGQGfLxxP-evkFPGc0oYiPA5qiJVrNSeoCE=w408-h261-k-no","false","false","/g/11vk63ds_v","en","0","24.3539913","53.9485752","Shanmukha Kotaru",,"en","false","ChIJbWsIEIVEdEER4uHEhb2dbcQ",,,"a year ago","2024-12-22T16:17:43.844Z",,"2025-02-07T16:33:02.000Z","Thanks😇","ChdDSUhNMG9nS0VJQ0FnSUR2dGVHeGpRRRAB",,,,,,,,,"Google","https://www.google.com/maps/reviews/data=!4m8!14m7!1m6!2m5!1sChdDSUhNMG9nS0VJQ0FnSUR2dGVHeGpRRRAB!2m1!1s0x0:0xc46d9dbd85c4e1e2!3m1!1s2@1:CIHM0ogKEICAgIDvteGxjQE%7C%7C?hl=en","117593316036901292431","2","https://lh3.googleusercontent.com/a/ACg8ocJkQWhUK_K5jx84tsVDewBXScpgUqiXpNZ-xIRGRCV6aaXukg=s1920-c-rp-mo-br100","https://www.google.com/maps/contrib/117593316036901292431?hl=en","329","2026-10-06T19:23:43.222Z","Direct Detail URL: https://www.google.com/maps?cid=14154142641213989346","5",,,"false","Wonderful experience, really loved the buggy",,"Dunes Discovery Tourism LLC","5",,"https://www.google.com/maps/search/?api=1&query=Dunes%20Discovery%20Tourism%20LLC&query_place_id=ChIJbWsIEIVEdEER4uHEhb2dbcQ",
,"1522201601161585131","Tour agency","Service establishment","Tour agency","14154142641213989346",,,"0x4174448510086b6d:0xc46d9dbd85c4e1e2",,"https://lh3.googleusercontent.com/grass-cs/AABkmLd2_d1tXdrlH6LWW10pygDnJzaUhEU7C7L75fvzbAv4OYkdlD4LwcGPTtfM0xX8prg6H7I6hKya8LF-YWUiDMb0s1vwi8onlMyPQGQGfLxxP-evkFPGc0oYiPA5qiJVrNSeoCE=w408-h261-k-no","false","false","/g/11vk63ds_v","en","0","24.3539913","53.9485752","Gopi Kotaru",,"en","false","ChIJbWsIEIVEdEER4uHEhb2dbcQ",,,"a year ago","2024-12-22T16:15:58.425Z",,"2024-12-22T16:26:24.000Z","Thanks ","ChdDSUhNMG9nS0VJQ0FnSUR2dGNHRHVBRRAB",,,,,,,,,"Google","https://www.google.com/maps/reviews/data=!4m8!14m7!1m6!2m5!1sChdDSUhNMG9nS0VJQ0FnSUR2dGNHRHVBRRAB!2m1!1s0x0:0xc46d9dbd85c4e1e2!3m1!1s2@1:CIHM0ogKEICAgIDvtcGDuAE%7C%7C?hl=en","104881309964277231079","5","https://lh3.googleusercontent.com/a-/ALV-UjXr9w0_ccpkpMZURlSdwnbnBPz4STMFEorq9O9Zubg1RLdACRz2=s1920-c-rp-mo-br100","https://www.google.com/maps/contrib/104881309964277231079?hl=en","329","2026-10-06T19:23:43.222Z","Direct Detail URL: https://www.google.com/maps?cid=14154142641213989346","5",,,"false","Awesome experience. Thank you, Malik Bhai!",,"Dunes Discovery Tourism LLC","5",,"https://www.google.com/maps/search/?api=1&query=Dunes%20Discovery%20Tourism%20LLC&query_place_id=ChIJbWsIEIVEdEER4uHEhb2dbcQ",
,"1522201601161585131","Tour agency","Service establishment","Tour agency","14154142641213989346",,,"0x4174448510086b6d:0xc46d9dbd85c4e1e2",,"https://lh3.googleusercontent.com/grass-cs/AABkmLd2_d1tXdrlH6LWW10pygDnJzaUhEU7C7L75fvzbAv4OYkdlD4LwcGPTtfM0xX8prg6H7I6hKya8LF-YWUiDMb0s1vwi8onlMyPQGQGfLxxP-evkFPGc0oYiPA5qiJVrNSeoCE=w408-h261-k-no","false","false","/g/11vk63ds_v","en","0","24.3539913","53.9485752","Satvinder Singh",,,"false","ChIJbWsIEIVEdEER4uHEhb2dbcQ",,,"a year ago","2024-12-22T06:28:20.696Z",,"2025-07-16T20:15:01.000Z","Thanks","ChdDSUhNMG9nS0VJQ0FnSUR2aFlfNzBRRRAB",,,,,,,,,"Google","https://www.google.com/maps/reviews/data=!4m8!14m7!1m6!2m5!1sChdDSUhNMG9nS0VJQ0FnSUR2aFlfNzBRRRAB!2m1!1s0x0:0xc46d9dbd85c4e1e2!3m1!1s2@1:CIHM0ogKEICAgIDvhY_70QE%7C%7C?hl=en","110256435823006047826","0","https://lh3.googleusercontent.com/a/ACg8ocKkmK2tTw4f7PRxhEmVAxW5otD-tWAqUIgv7d0Ud6G73DcX9w=s1920-c-rp-mo-br100","https://www.google.com/maps/contrib/110256435823006047826?hl=en","329","2026-10-06T19:23:43.222Z","Direct Detail URL: https://www.google.com/maps?cid=14154142641213989346","5",,,"false",,,"Dunes Discovery Tourism LLC","5",,"https://www.google.com/maps/search/?api=1&query=Dunes%20Discovery%20Tourism%20LLC&query_place_id=ChIJbWsIEIVEdEER4uHEhb2dbcQ",
,"1522201601161585131","Tour agency","Service establishment","Tour agency","14154142641213989346",,,"0x4174448510086b6d:0xc46d9dbd85c4e1e2",,"https://lh3.googleusercontent.com/grass-cs/AABkmLd2_d1tXdrlH6LWW10pygDnJzaUhEU7C7L75fvzbAv4OYkdlD4LwcGPTtfM0xX8prg6H7I6hKya8LF-YWUiDMb0s1vwi8onlMyPQGQGfLxxP-evkFPGc0oYiPA5qiJVrNSeoCE=w408-h261-k-no","false","false","/g/11vk63ds_v","en","0","24.3539913","53.9485752","Mohamed Ahmed",,"en","false","ChIJbWsIEIVEdEER4uHEhb2dbcQ",,,"a year ago","2024-12-08T16:34:53.812Z",,"2025-07-16T20:15:14.000Z","Thanks 🙏 ","ChZDSUhNMG9nS0VJQ0FnSUN2ektYNE1BEAE",,,,,,,,,"Google","https://www.google.com/maps/reviews/data=!4m8!14m7!1m6!2m5!1sChZDSUhNMG9nS0VJQ0FnSUN2ektYNE1BEAE!2m1!1s0x0:0xc46d9dbd85c4e1e2!3m1!1s2@1:CIHM0ogKEICAgICvzKX4MA%7C%7C?hl=en","102917193411926302859","4","https://lh3.googleusercontent.com/a/ACg8ocLIAuUza-m5Q8UTeChv0CAboM-mBVDoMVOIZd-68fCQ_JKHUg=s1920-c-rp-mo-br100","https://www.google.com/maps/contrib/102917193411926302859?hl=en","329","2026-10-06T19:23:43.222Z","Direct Detail URL: https://www.google.com/maps?cid=14154142641213989346","5",,,"false","Amazing experience with Malik! He's drifting on the dunes were top notch would definitely recommend also he's photography  is A level",,"Dunes Discovery Tourism LLC","5",,"https://www.google.com/maps/search/?api=1&query=Dunes%20Discovery%20Tourism%20LLC&query_place_id=ChIJbWsIEIVEdEER4uHEhb2dbcQ",
,"1522201601161585131","Tour agency","Service establishment","Tour agency","14154142641213989346",,,"0x4174448510086b6d:0xc46d9dbd85c4e1e2",,"https://lh3.googleusercontent.com/grass-cs/AABkmLd2_d1tXdrlH6LWW10pygDnJzaUhEU7C7L75fvzbAv4OYkdlD4LwcGPTtfM0xX8prg6H7I6hKya8LF-YWUiDMb0s1vwi8onlMyPQGQGfLxxP-evkFPGc0oYiPA5qiJVrNSeoCE=w408-h261-k-no","false","false","/g/11vk63ds_v","en","0","24.3539913","53.9485752","Matthewtl MVP",,"en","false","ChIJbWsIEIVEdEER4uHEhb2dbcQ",,,"a year ago","2024-12-08T16:12:30.420Z",,"2025-07-16T20:15:27.000Z","Many thanks.","ChZDSUhNMG9nS0VJQ0FnSUN2ekxiUEFREAE",,,,,,,,,"Google","https://www.google.com/maps/reviews/data=!4m8!14m7!1m6!2m5!1sChZDSUhNMG9nS0VJQ0FnSUN2ekxiUEFREAE!2m1!1s0x0:0xc46d9dbd85c4e1e2!3m1!1s2@1:CIHM0ogKEICAgICvzLbPAQ%7C%7C?hl=en","114150460574259771830","8","https://lh3.googleusercontent.com/a-/ALV-UjXtBwGXX1ftT4qDXjWhvvfCoIfXGdK7CxhApMqutCxRiynTtjqg=s1920-c-rp-mo-br100","https://www.google.com/maps/contrib/114150460574259771830?hl=en","329","2026-10-06T19:23:43.222Z","Direct Detail URL: https://www.google.com/maps?cid=14154142641213989346","5",,,"false","My experience with  Malik, was really really awesome, this is an excellent experience you must try whenever you come to Dubai, Malik is a super awesome skill full driver like you never seen before in your life , again like I say is a must try experience with Malik. Must try.",,"Dunes Discovery Tourism LLC","5",,"https://www.google.com/maps/search/?api=1&query=Dunes%20Discovery%20Tourism%20LLC&query_place_id=ChIJbWsIEIVEdEER4uHEhb2dbcQ",
,"1522201601161585131","Tour agency","Service establishment","Tour agency","14154142641213989346",,,"0x4174448510086b6d:0xc46d9dbd85c4e1e2",,"https://lh3.googleusercontent.com/grass-cs/AABkmLd2_d1tXdrlH6LWW10pygDnJzaUhEU7C7L75fvzbAv4OYkdlD4LwcGPTtfM0xX8prg6H7I6hKya8LF-YWUiDMb0s1vwi8onlMyPQGQGfLxxP-evkFPGc0oYiPA5qiJVrNSeoCE=w408-h261-k-no","false","false","/g/11vk63ds_v","en","0","24.3539913","53.9485752","Mahesh Pavithran",,"en","false","ChIJbWsIEIVEdEER4uHEhb2dbcQ",,,"a year ago","2024-12-01T17:36:52.395Z",,"2025-07-16T20:15:38.000Z","Thank you 😇","ChZDSUhNMG9nS0VJQ0FnSURQeHZ2amJ3EAE",,,,,,,,,"Google","https://www.google.com/maps/reviews/data=!4m8!14m7!1m6!2m5!1sChZDSUhNMG9nS0VJQ0FnSURQeHZ2amJ3EAE!2m1!1s0x0:0xc46d9dbd85c4e1e2!3m1!1s2@1:CIHM0ogKEICAgIDPxvvjbw%7C%7C?hl=en","116161772462131180093","3","https://lh3.googleusercontent.com/a/ACg8ocIALWlQLxoEoLSoQsAMZ5rZ4Xp6pb7eqrXoM95O8iQVFt6JvQ=s1920-c-rp-mo-br100","https://www.google.com/maps/contrib/116161772462131180093?hl=en","329","2026-10-06T19:23:43.222Z","Direct Detail URL: https://www.google.com/maps?cid=14154142641213989346","5",,,"false","Wonderful safari. One of the best.",,"Dunes Discovery Tourism LLC","5",,"https://www.google.com/maps/search/?api=1&query=Dunes%20Discovery%20Tourism%20LLC&query_place_id=ChIJbWsIEIVEdEER4uHEhb2dbcQ",
,"1522201601161585131","Tour agency","Service establishment","Tour agency","14154142641213989346",,,"0x4174448510086b6d:0xc46d9dbd85c4e1e2",,"https://lh3.googleusercontent.com/grass-cs/AABkmLd2_d1tXdrlH6LWW10pygDnJzaUhEU7C7L75fvzbAv4OYkdlD4LwcGPTtfM0xX8prg6H7I6hKya8LF-YWUiDMb0s1vwi8onlMyPQGQGfLxxP-evkFPGc0oYiPA5qiJVrNSeoCE=w408-h261-k-no","false","false","/g/11vk63ds_v","en","0","24.3539913","53.9485752","Chithu mahesh",,"en","false","ChIJbWsIEIVEdEER4uHEhb2dbcQ",,,"a year ago","2024-12-01T17:33:36.691Z",,"2025-07-16T20:15:47.000Z","Thanks.","ChdDSUhNMG9nS0VJQ0FnSURQeHB2bzZRRRAB",,,,,,,,,"Google","https://www.google.com/maps/reviews/data=!4m8!14m7!1m6!2m5!1sChdDSUhNMG9nS0VJQ0FnSURQeHB2bzZRRRAB!2m1!1s0x0:0xc46d9dbd85c4e1e2!3m1!1s2@1:CIHM0ogKEICAgIDPxpvo6QE%7C%7C?hl=en","107479069095736579627","1","https://lh3.googleusercontent.com/a-/ALV-UjWqvm3rUctTpBUs_GHrW74f0AoePqHRGQzeZQvsRf0HolR9CXKy=s1920-c-rp-mo-br100","https://www.google.com/maps/contrib/107479069095736579627?hl=en","329","2026-10-06T19:23:43.222Z","Direct Detail URL: https://www.google.com/maps?cid=14154142641213989346","5",,,"false","Great experience....",,"Dunes Discovery Tourism LLC","5",,"https://www.google.com/maps/search/?api=1&query=Dunes%20Discovery%20Tourism%20LLC&query_place_id=ChIJbWsIEIVEdEER4uHEhb2dbcQ",
,"1522201601161585131","Tour agency","Service establishment","Tour agency","14154142641213989346",,,"0x4174448510086b6d:0xc46d9dbd85c4e1e2",,"https://lh3.googleusercontent.com/grass-cs/AABkmLd2_d1tXdrlH6LWW10pygDnJzaUhEU7C7L75fvzbAv4OYkdlD4LwcGPTtfM0xX8prg6H7I6hKya8LF-YWUiDMb0s1vwi8onlMyPQGQGfLxxP-evkFPGc0oYiPA5qiJVrNSeoCE=w408-h261-k-no","false","false","/g/11vk63ds_v","en","0","24.3539913","53.9485752","Sajith Narayanan",,"en","false","ChIJbWsIEIVEdEER4uHEhb2dbcQ",,,"a year ago","2024-12-01T17:32:52.784Z",,"2025-07-16T20:15:58.000Z","Thank you.","ChZDSUhNMG9nS0VJQ0FnSURQeHV1YVJBEAE",,,,,,,,,"Google","https://www.google.com/maps/reviews/data=!4m8!14m7!1m6!2m5!1sChZDSUhNMG9nS0VJQ0FnSURQeHV1YVJBEAE!2m1!1s0x0:0xc46d9dbd85c4e1e2!3m1!1s2@1:CIHM0ogKEICAgIDPxuuaRA%7C%7C?hl=en","106871917460644786013","3","https://lh3.googleusercontent.com/a/ACg8ocK-KEn3DQUNLV8NW439f19QiVD2UqAcjAXC_OuCCIAD-QSUpg=s1920-c-rp-mo-br100","https://www.google.com/maps/contrib/106871917460644786013?hl=en","329","2026-10-06T19:23:43.222Z","Direct Detail URL: https://www.google.com/maps?cid=14154142641213989346","5",,,"false","Adventurous experience!.Malik was very helpful",,"Dunes Discovery Tourism LLC","5",,"https://www.google.com/maps/search/?api=1&query=Dunes%20Discovery%20Tourism%20LLC&query_place_id=ChIJbWsIEIVEdEER4uHEhb2dbcQ",
,"1522201601161585131","Tour agency","Service establishment","Tour agency","14154142641213989346",,,"0x4174448510086b6d:0xc46d9dbd85c4e1e2",,"https://lh3.googleusercontent.com/grass-cs/AABkmLd2_d1tXdrlH6LWW10pygDnJzaUhEU7C7L75fvzbAv4OYkdlD4LwcGPTtfM0xX8prg6H7I6hKya8LF-YWUiDMb0s1vwi8onlMyPQGQGfLxxP-evkFPGc0oYiPA5qiJVrNSeoCE=w408-h261-k-no","false","false","/g/11vk63ds_v","en","0","24.3539913","53.9485752","Michał Truszkowski",,"en","false","ChIJbWsIEIVEdEER4uHEhb2dbcQ",,,"a year ago","2024-11-29T16:21:51.953Z",,"2025-07-16T20:16:18.000Z","Thank you 😇","ChdDSUhNMG9nS0VJQ0FnSURQOU4zVThRRRAB",,,,,,,,,"Google","https://www.google.com/maps/reviews/data=!4m8!14m7!1m6!2m5!1sChdDSUhNMG9nS0VJQ0FnSURQOU4zVThRRRAB!2m1!1s0x0:0xc46d9dbd85c4e1e2!3m1!1s2@1:CIHM0ogKEICAgIDP9N3U8QE%7C%7C?hl=en","105943051734926090210","2","https://lh3.googleusercontent.com/a/ACg8ocLTdi3EYY25R4t8jCrSK9M5YBVH8sPDot1MhKdku5PvE0e4Mw=s1920-c-rp-mo-br100","https://www.google.com/maps/contrib/105943051734926090210?hl=en","329","2026-10-06T19:23:43.222Z","Direct Detail URL: https://www.google.com/maps?cid=14154142641213989346","5",,,"false","What an amazing time on the Safari! Malik, our driver, was incredible – his skills on the dunes were top-notch and made the ride super exciting. The whole experience was well-organized and unforgettable. Highly recommend this company!",,"Dunes Discovery Tourism LLC","5",,"https://www.google.com/maps/search/?api=1&query=Dunes%20Discovery%20Tourism%20LLC&query_place_id=ChIJbWsIEIVEdEER4uHEhb2dbcQ",
,"1522201601161585131","Tour agency","Service establishment","Tour agency","14154142641213989346",,,"0x4174448510086b6d:0xc46d9dbd85c4e1e2",,"https://lh3.googleusercontent.com/grass-cs/AABkmLd2_d1tXdrlH6LWW10pygDnJzaUhEU7C7L75fvzbAv4OYkdlD4LwcGPTtfM0xX8prg6H7I6hKya8LF-YWUiDMb0s1vwi8onlMyPQGQGfLxxP-evkFPGc0oYiPA5qiJVrNSeoCE=w408-h261-k-no","false","false","/g/11vk63ds_v","en","0","24.3539913","53.9485752","muqeet abdul",,"en","false","ChIJbWsIEIVEdEER4uHEhb2dbcQ",,,"a year ago","2024-11-29T16:12:36.145Z",,"2025-07-16T20:16:30.000Z","Many thanks.","ChdDSUhNMG9nS0VJQ0FnSURQOUtYdl93RRAB",,,,,,,,,"Google","https://www.google.com/maps/reviews/data=!4m8!14m7!1m6!2m5!1sChdDSUhNMG9nS0VJQ0FnSURQOUtYdl93RRAB!2m1!1s0x0:0xc46d9dbd85c4e1e2!3m1!1s2@1:CIHM0ogKEICAgIDP9KXv_wE%7C%7C?hl=en","118399377135495071918","5","https://lh3.googleusercontent.com/a/ACg8ocJpH7ibq8cXslMhkzdzTRC486WbkYcZocJbiCRTaUAwoJimiw=s1920-c-rp-mo-br100","https://www.google.com/maps/contrib/118399377135495071918?hl=en","329","2026-10-06T19:23:43.222Z","Direct Detail URL: https://www.google.com/maps?cid=14154142641213989346","5",,,"false","Amazing..... Best experience 💕",,"Dunes Discovery Tourism LLC","5",,"https://www.google.com/maps/search/?api=1&query=Dunes%20Discovery%20Tourism%20LLC&query_place_id=ChIJbWsIEIVEdEER4uHEhb2dbcQ",
,"1522201601161585131","Tour agency","Service establishment","Tour agency","14154142641213989346",,,"0x4174448510086b6d:0xc46d9dbd85c4e1e2",,"https://lh3.googleusercontent.com/grass-cs/AABkmLd2_d1tXdrlH6LWW10pygDnJzaUhEU7C7L75fvzbAv4OYkdlD4LwcGPTtfM0xX8prg6H7I6hKya8LF-YWUiDMb0s1vwi8onlMyPQGQGfLxxP-evkFPGc0oYiPA5qiJVrNSeoCE=w408-h261-k-no","false","false","/g/11vk63ds_v","en","0","24.3539913","53.9485752","Bartosz Stanowski",,"en","false","ChIJbWsIEIVEdEER4uHEhb2dbcQ",,,"a year ago","2024-11-29T16:10:18.035Z",,"2025-07-16T20:16:40.000Z","Thank you.","ChdDSUhNMG9nS0VJQ0FnSURQOUlYcy1RRRAB",,,,,,,,,"Google","https://www.google.com/maps/reviews/data=!4m8!14m7!1m6!2m5!1sChdDSUhNMG9nS0VJQ0FnSURQOUlYcy1RRRAB!2m1!1s0x0:0xc46d9dbd85c4e1e2!3m1!1s2@1:CIHM0ogKEICAgIDP9IXs-QE%7C%7C?hl=en","117477262812745462200","13","https://lh3.googleusercontent.com/a-/ALV-UjUAymxquG7-UVP4JocngNhw1sn-L5xW1-3-BgQe4aNOgLqc7fB1=s1920-c-rp-mo-br100","https://www.google.com/maps/contrib/117477262812745462200?hl=en","329","2026-10-06T19:23:43.222Z","Direct Detail URL: https://www.google.com/maps?cid=14154142641213989346","5",,,"false","Great experience! Malik best driver!",,"Dunes Discovery Tourism LLC","5",,"https://www.google.com/maps/search/?api=1&query=Dunes%20Discovery%20Tourism%20LLC&query_place_id=ChIJbWsIEIVEdEER4uHEhb2dbcQ",
,"1522201601161585131","Tour agency","Service establishment","Tour agency","14154142641213989346",,,"0x4174448510086b6d:0xc46d9dbd85c4e1e2",,"https://lh3.googleusercontent.com/grass-cs/AABkmLd2_d1tXdrlH6LWW10pygDnJzaUhEU7C7L75fvzbAv4OYkdlD4LwcGPTtfM0xX8prg6H7I6hKya8LF-YWUiDMb0s1vwi8onlMyPQGQGfLxxP-evkFPGc0oYiPA5qiJVrNSeoCE=w408-h261-k-no","false","false","/g/11vk63ds_v","en","0","24.3539913","53.9485752","B KaZii",,"en","false","ChIJbWsIEIVEdEER4uHEhb2dbcQ",,,"a year ago","2024-11-25T17:32:43.419Z",,"2025-07-16T20:16:56.000Z","Many thanks 😇","ChZDSUhNMG9nS0VJQ0FnSUNQaWUtWFZBEAE",,,,,,,,,"Google","https://www.google.com/maps/reviews/data=!4m8!14m7!1m6!2m5!1sChZDSUhNMG9nS0VJQ0FnSUNQaWUtWFZBEAE!2m1!1s0x0:0xc46d9dbd85c4e1e2!3m1!1s2@1:CIHM0ogKEICAgICPie-XVA%7C%7C?hl=en","110070578861411200198","6","https://lh3.googleusercontent.com/a/ACg8ocL7828IWBGedXU-iNPh3xVGR1UWxFSrTZXVUgSknBhq50ccHg=s1920-c-rp-mo-br100","https://www.google.com/maps/contrib/110070578861411200198?hl=en","329","2026-10-06T19:23:43.222Z","Direct Detail URL: https://www.google.com/maps?cid=14154142641213989346","5",,,"false","We had the best experience in Dubai doing desert Safari, literally every part of it. Including ATV rides, shows, food and sunset photo shoot. Thanks to our amazing Guide MALIK, who went above and beyond to give us a life time experience.
HIGHLY RECOMMEND !!!",,"Dunes Discovery Tourism LLC","5",,"https://www.google.com/maps/search/?api=1&query=Dunes%20Discovery%20Tourism%20LLC&query_place_id=ChIJbWsIEIVEdEER4uHEhb2dbcQ",
,"1522201601161585131","Tour agency","Service establishment","Tour agency","14154142641213989346",,,"0x4174448510086b6d:0xc46d9dbd85c4e1e2",,"https://lh3.googleusercontent.com/grass-cs/AABkmLd2_d1tXdrlH6LWW10pygDnJzaUhEU7C7L75fvzbAv4OYkdlD4LwcGPTtfM0xX8prg6H7I6hKya8LF-YWUiDMb0s1vwi8onlMyPQGQGfLxxP-evkFPGc0oYiPA5qiJVrNSeoCE=w408-h261-k-no","false","false","/g/11vk63ds_v","en","0","24.3539913","53.9485752","Syed Kazmi",,"en","false","ChIJbWsIEIVEdEER4uHEhb2dbcQ",,,"a year ago","2024-11-25T17:16:26.009Z",,"2025-07-16T20:17:15.000Z","Thanks for your feedback 😇","ChZDSUhNMG9nS0VJQ0FnSUNQaWZPeUVREAE",,,,,,,,,"Google","https://www.google.com/maps/reviews/data=!4m8!14m7!1m6!2m5!1sChZDSUhNMG9nS0VJQ0FnSUNQaWZPeUVREAE!2m1!1s0x0:0xc46d9dbd85c4e1e2!3m1!1s2@1:CIHM0ogKEICAgICPifOyEQ%7C%7C?hl=en","103171830172395357730","7","https://lh3.googleusercontent.com/a-/ALV-UjWc7Oz2sOj3lWX87B90D7--NsBbeGjext0-w2yYZfnATT7WLDTpLA=s1920-c-rp-mo-br100","https://www.google.com/maps/contrib/103171830172395357730?hl=en","329","2026-10-06T19:23:43.222Z","Direct Detail URL: https://www.google.com/maps?cid=14154142641213989346","5",,,"false","An unforgettable adventure! The Dune Safari offered a perfect mix of excitement and relaxation. From thrilling dune bashing to a serene camel ride, every moment was spectacular. Our guide, Malik Awan, was knowledgeable and ensured our safety throughout. The evening entertainment and delicious BBQ dinner capped off an incredible day. Highly recommended Dunes Discovery Tourism LLC for anyone looking to experience the magic of the desert!",,"Dunes Discovery Tourism LLC","5",,"https://www.google.com/maps/search/?api=1&query=Dunes%20Discovery%20Tourism%20LLC&query_place_id=ChIJbWsIEIVEdEER4uHEhb2dbcQ",
,"1522201601161585131","Tour agency","Service establishment","Tour agency","14154142641213989346",,,"0x4174448510086b6d:0xc46d9dbd85c4e1e2",,"https://lh3.googleusercontent.com/grass-cs/AABkmLd2_d1tXdrlH6LWW10pygDnJzaUhEU7C7L75fvzbAv4OYkdlD4LwcGPTtfM0xX8prg6H7I6hKya8LF-YWUiDMb0s1vwi8onlMyPQGQGfLxxP-evkFPGc0oYiPA5qiJVrNSeoCE=w408-h261-k-no","false","false","/g/11vk63ds_v","en","0","24.3539913","53.9485752","Masoud Rahmatzadeh",,"en","false","ChIJbWsIEIVEdEER4uHEhb2dbcQ",,,"a year ago","2024-11-23T16:28:27.998Z",,"2024-11-23T16:35:03.000Z","Thanks for your feedback.","ChdDSUhNMG9nS0VJQ0FnSUNQLXNXSmp3RRAB",,,,,,,,,"Google","https://www.google.com/maps/reviews/data=!4m8!14m7!1m6!2m5!1sChdDSUhNMG9nS0VJQ0FnSUNQLXNXSmp3RRAB!2m1!1s0x0:0xc46d9dbd85c4e1e2!3m1!1s2@1:CIHM0ogKEICAgICP-sWJjwE%7C%7C?hl=en","116011377792372377753","2","https://lh3.googleusercontent.com/a/ACg8ocIcr02IF6XyNDEeicBY75WbZITur2OLLkSUb1tkL_-ZAQX2rg=s1920-c-rp-mo-br100","https://www.google.com/maps/contrib/116011377792372377753?hl=en","329","2026-10-06T19:23:43.222Z","Direct Detail URL: https://www.google.com/maps?cid=14154142641213989346","5",,,"false","Amazing service by Malik on our desert safari tour. Very helpful and accommodating. 100% would recommend!",,"Dunes Discovery Tourism LLC","5",,"https://www.google.com/maps/search/?api=1&query=Dunes%20Discovery%20Tourism%20LLC&query_place_id=ChIJbWsIEIVEdEER4uHEhb2dbcQ",
,"1522201601161585131","Tour agency","Service establishment","Tour agency","14154142641213989346",,,"0x4174448510086b6d:0xc46d9dbd85c4e1e2",,"https://lh3.googleusercontent.com/grass-cs/AABkmLd2_d1tXdrlH6LWW10pygDnJzaUhEU7C7L75fvzbAv4OYkdlD4LwcGPTtfM0xX8prg6H7I6hKya8LF-YWUiDMb0s1vwi8onlMyPQGQGfLxxP-evkFPGc0oYiPA5qiJVrNSeoCE=w408-h261-k-no","false","false","/g/11vk63ds_v","en","0","24.3539913","53.9485752","Weis",,"en","false","ChIJbWsIEIVEdEER4uHEhb2dbcQ",,,"a year ago","2024-11-23T16:28:01.781Z",,"2026-01-17T19:45:08.000Z","Thank you","ChZDSUhNMG9nS0VJQ0FnSUNQLXNYNE9nEAE","https://lh3.googleusercontent.com/grass-cs/ACvplmNWIHLFVqXbSnBOgfATeLP9ivr-7J8V33YvUx38NIFCHQMCFjJV9pA7VFoA4axTB0OLpOpPDFA8vshERqXH_EcaOC3rUMj_tgCEDYLjgbboGv7vOnfrcm6RGo2Y15hlAO9rcLkM-Q=k-no",,,,,,,,"Google","https://www.google.com/maps/reviews/data=!4m8!14m7!1m6!2m5!1sChZDSUhNMG9nS0VJQ0FnSUNQLXNYNE9nEAE!2m1!1s0x0:0xc46d9dbd85c4e1e2!3m1!1s2@1:CIHM0ogKEICAgICP-sX4Og%7C%7C?hl=en","102944102713392312290","2","https://lh3.googleusercontent.com/a-/ALV-UjXFOTAN3vTgpH52NJ8TerDJfVdBWW3YZrUZl8IVMY41n5TU5uI=s1920-c-rp-mo-br100","https://www.google.com/maps/contrib/102944102713392312290?hl=en","329","2026-10-06T19:23:43.222Z","Direct Detail URL: https://www.google.com/maps?cid=14154142641213989346","5",,,"false","Had an amazing experience with Dunes discovery tourism , first class service with Malik he was very professional and was on time to pick me and the family up. Explained everything to us in detail of the activities , was fluent in English and met our expectations. I would highly recommend for your dessert experience",,"Dunes Discovery Tourism LLC","5",,"https://www.google.com/maps/search/?api=1&query=Dunes%20Discovery%20Tourism%20LLC&query_place_id=ChIJbWsIEIVEdEER4uHEhb2dbcQ",
,"1522201601161585131","Tour agency","Service establishment","Tour agency","14154142641213989346",,,"0x4174448510086b6d:0xc46d9dbd85c4e1e2",,"https://lh3.googleusercontent.com/grass-cs/AABkmLd2_d1tXdrlH6LWW10pygDnJzaUhEU7C7L75fvzbAv4OYkdlD4LwcGPTtfM0xX8prg6H7I6hKya8LF-YWUiDMb0s1vwi8onlMyPQGQGfLxxP-evkFPGc0oYiPA5qiJVrNSeoCE=w408-h261-k-no","false","false","/g/11vk63ds_v","en","0","24.3539913","53.9485752","Tamana Rahmatzadeh",,"en","false","ChIJbWsIEIVEdEER4uHEhb2dbcQ",,,"a year ago","2024-11-23T16:27:32.797Z",,"2024-11-23T16:34:44.000Z","Thank you !!!","ChZDSUhNMG9nS0VJQ0FnSUNQLW9YbFNnEAE",,,,,,,,,"Google","https://www.google.com/maps/reviews/data=!4m8!14m7!1m6!2m5!1sChZDSUhNMG9nS0VJQ0FnSUNQLW9YbFNnEAE!2m1!1s0x0:0xc46d9dbd85c4e1e2!3m1!1s2@1:CIHM0ogKEICAgICP-oXlSg%7C%7C?hl=en","117839099790815606448","3","https://lh3.googleusercontent.com/a/ACg8ocKHz24FuEJizHnns9yw0vDcIZdtVbVA1Ey-FioLle9b-tWZaA=s1920-c-rp-mo-br100","https://www.google.com/maps/contrib/117839099790815606448?hl=en","329","2026-10-06T19:23:43.222Z","Direct Detail URL: https://www.google.com/maps?cid=14154142641213989346","5",,,"false","Had an amazing experience with Malik at the desert safari! Very helpful and made the experience very enjoyable. Would highly recommend! Will definitely be back! Thank you",,"Dunes Discovery Tourism LLC","5",,"https://www.google.com/maps/search/?api=1&query=Dunes%20Discovery%20Tourism%20LLC&query_place_id=ChIJbWsIEIVEdEER4uHEhb2dbcQ",
,"1522201601161585131","Tour agency","Service establishment","Tour agency","14154142641213989346",,,"0x4174448510086b6d:0xc46d9dbd85c4e1e2",,"https://lh3.googleusercontent.com/grass-cs/AABkmLd2_d1tXdrlH6LWW10pygDnJzaUhEU7C7L75fvzbAv4OYkdlD4LwcGPTtfM0xX8prg6H7I6hKya8LF-YWUiDMb0s1vwi8onlMyPQGQGfLxxP-evkFPGc0oYiPA5qiJVrNSeoCE=w408-h261-k-no","false","false","/g/11vk63ds_v","en","0","24.3539913","53.9485752","Leila Abu-Mustafa",,"en","false","ChIJbWsIEIVEdEER4uHEhb2dbcQ",,,"a year ago","2024-11-23T16:25:35.610Z",,"2024-11-23T16:34:34.000Z","Many thanks!!!","ChdDSUhNMG9nS0VJQ0FnSUNQLXJtSnp3RRAB",,,,,,,,,"Google","https://www.google.com/maps/reviews/data=!4m8!14m7!1m6!2m5!1sChdDSUhNMG9nS0VJQ0FnSUNQLXJtSnp3RRAB!2m1!1s0x0:0xc46d9dbd85c4e1e2!3m1!1s2@1:CIHM0ogKEICAgICP-rmJzwE%7C%7C?hl=en","108236367359945925290","8","https://lh3.googleusercontent.com/a/ACg8ocLtpQEgs6ei_ybA4KZTXaYEqnPyq_fvck76zUhRev2eFejyKQ=s1920-c-rp-mo-br100","https://www.google.com/maps/contrib/108236367359945925290?hl=en","329","2026-10-06T19:23:43.222Z","Direct Detail URL: https://www.google.com/maps?cid=14154142641213989346","5",,,"false","Great Safari, Malik was very accommodating and made the trip extremely enjoyable! Would highly recommend!",,"Dunes Discovery Tourism LLC","5",,"https://www.google.com/maps/search/?api=1&query=Dunes%20Discovery%20Tourism%20LLC&query_place_id=ChIJbWsIEIVEdEER4uHEhb2dbcQ",
,"1522201601161585131","Tour agency","Service establishment","Tour agency","14154142641213989346",,,"0x4174448510086b6d:0xc46d9dbd85c4e1e2",,"https://lh3.googleusercontent.com/grass-cs/AABkmLd2_d1tXdrlH6LWW10pygDnJzaUhEU7C7L75fvzbAv4OYkdlD4LwcGPTtfM0xX8prg6H7I6hKya8LF-YWUiDMb0s1vwi8onlMyPQGQGfLxxP-evkFPGc0oYiPA5qiJVrNSeoCE=w408-h261-k-no","false","false","/g/11vk63ds_v","en","0","24.3539913","53.9485752","siddhant jain",,"en","false","ChIJbWsIEIVEdEER4uHEhb2dbcQ",,,"a year ago","2024-11-20T16:36:18.124Z",,"2024-11-23T16:34:23.000Z","Thank you for your feedback ","ChdDSUhNMG9nS0VJQ0FnSUNQd0piMHRRRRAB",,,,,,,,,"Google","https://www.google.com/maps/reviews/data=!4m8!14m7!1m6!2m5!1sChdDSUhNMG9nS0VJQ0FnSUNQd0piMHRRRRAB!2m1!1s0x0:0xc46d9dbd85c4e1e2!3m1!1s2@1:CIHM0ogKEICAgICPwJb0tQE%7C%7C?hl=en","100112084371612564250","6","https://lh3.googleusercontent.com/a-/ALV-UjUvG4VmCMTk6XkViYizyrk9_gQIIMW4-tlWjONFnb08aK2HbC8z=s1920-c-rp-mo-br100","https://www.google.com/maps/contrib/100112084371612564250?hl=en","329","2026-10-06T19:23:43.222Z","Direct Detail URL: https://www.google.com/maps?cid=14154142641213989346","5",,,"false","We have enjoyed alot with him , we have experienced new things with him",,"Dunes Discovery Tourism LLC","5",,"https://www.google.com/maps/search/?api=1&query=Dunes%20Discovery%20Tourism%20LLC&query_place_id=ChIJbWsIEIVEdEER4uHEhb2dbcQ",
,"1522201601161585131","Tour agency","Service establishment","Tour agency","14154142641213989346",,,"0x4174448510086b6d:0xc46d9dbd85c4e1e2",,"https://lh3.googleusercontent.com/grass-cs/AABkmLd2_d1tXdrlH6LWW10pygDnJzaUhEU7C7L75fvzbAv4OYkdlD4LwcGPTtfM0xX8prg6H7I6hKya8LF-YWUiDMb0s1vwi8onlMyPQGQGfLxxP-evkFPGc0oYiPA5qiJVrNSeoCE=w408-h261-k-no","false","false","/g/11vk63ds_v","en","0","24.3539913","53.9485752","arihant jain",,"en","false","ChIJbWsIEIVEdEER4uHEhb2dbcQ",,,"a year ago","2024-11-20T16:34:29.061Z",,"2024-11-23T16:34:03.000Z","Thank you","ChZDSUhNMG9nS0VJQ0FnSUNQd01iblBBEAE",,,,,,,,,"Google","https://www.google.com/maps/reviews/data=!4m8!14m7!1m6!2m5!1sChZDSUhNMG9nS0VJQ0FnSUNQd01iblBBEAE!2m1!1s0x0:0xc46d9dbd85c4e1e2!3m1!1s2@1:CIHM0ogKEICAgICPwMbnPA%7C%7C?hl=en","111006528740949183922","12","https://lh3.googleusercontent.com/a-/ALV-UjUyTw1oNHngZPFfX5SuiAtZV4WVaa-K4ZP8e5Gu6D-8cMdl9gGL=s1920-c-rp-mo-br100","https://www.google.com/maps/contrib/111006528740949183922?hl=en","329","2026-10-06T19:23:43.222Z","Direct Detail URL: https://www.google.com/maps?cid=14154142641213989346","5",,,"false","had best fun with malik bhai",,"Dunes Discovery Tourism LLC","5",,"https://www.google.com/maps/search/?api=1&query=Dunes%20Discovery%20Tourism%20LLC&query_place_id=ChIJbWsIEIVEdEER4uHEhb2dbcQ",
,"1522201601161585131","Tour agency","Service establishment","Tour agency","14154142641213989346",,,"0x4174448510086b6d:0xc46d9dbd85c4e1e2",,"https://lh3.googleusercontent.com/grass-cs/AABkmLd2_d1tXdrlH6LWW10pygDnJzaUhEU7C7L75fvzbAv4OYkdlD4LwcGPTtfM0xX8prg6H7I6hKya8LF-YWUiDMb0s1vwi8onlMyPQGQGfLxxP-evkFPGc0oYiPA5qiJVrNSeoCE=w408-h261-k-no","false","false","/g/11vk63ds_v","en","0","24.3539913","53.9485752","Samantha Cadet",,"en","false","ChIJbWsIEIVEdEER4uHEhb2dbcQ",,,"a year ago","2024-11-14T16:26:42.607Z",,"2024-11-14T16:37:24.000Z","Thanks ","ChZDSUhNMG9nS0VJQ0FnSUQzeHFfTUVREAE","https://lh3.googleusercontent.com/grass-cs/ACvplmPCyQkxQVxqOJXREtJGcaJ-Mk0-4jLlAbzwdKzRo2DNT0gDCCedQ2V7IQnIiJj4Q0tiZ8F8cHrN_Pg_B4Tv3UkDXX8xJ00f9qtgWXCBMkDHy4IBVBWtjUDJ-_2Wllv-KBoak_xZ2w=k-no",,,,,,,,"Google","https://www.google.com/maps/reviews/data=!4m8!14m7!1m6!2m5!1sChZDSUhNMG9nS0VJQ0FnSUQzeHFfTUVREAE!2m1!1s0x0:0xc46d9dbd85c4e1e2!3m1!1s2@1:CIHM0ogKEICAgID3xq_MEQ%7C%7C?hl=en","103643803416928385114","9","https://lh3.googleusercontent.com/a/ACg8ocKxm9MOmbI_zbTzY7cOET-pAH9cqMntecjsZAZ11fPFoS84yA=s1920-c-rp-mo-br100","https://www.google.com/maps/contrib/103643803416928385114?hl=en","329","2026-10-06T19:23:43.222Z","Direct Detail URL: https://www.google.com/maps?cid=14154142641213989346","5",,,"false","ATV was fun and exciting, best part of trip. Show was amazing. Scenery is beautiful. Malik was a great, awesome and patient guide. Had a great time.",,"Dunes Discovery Tourism LLC","5",,"https://www.google.com/maps/search/?api=1&query=Dunes%20Discovery%20Tourism%20LLC&query_place_id=ChIJbWsIEIVEdEER4uHEhb2dbcQ",
,"1522201601161585131","Tour agency","Service establishment","Tour agency","14154142641213989346",,,"0x4174448510086b6d:0xc46d9dbd85c4e1e2",,"https://lh3.googleusercontent.com/grass-cs/AABkmLd2_d1tXdrlH6LWW10pygDnJzaUhEU7C7L75fvzbAv4OYkdlD4LwcGPTtfM0xX8prg6H7I6hKya8LF-YWUiDMb0s1vwi8onlMyPQGQGfLxxP-evkFPGc0oYiPA5qiJVrNSeoCE=w408-h261-k-no","false","false","/g/11vk63ds_v","en","0","24.3539913","53.9485752","Daniel Beaugnon",,"en","false","ChIJbWsIEIVEdEER4uHEhb2dbcQ",,,"a year ago","2024-10-23T19:04:20.296Z",,"2025-07-16T20:17:34.000Z","Thank you ☺️","ChZDSUhNMG9nS0VJQ0FnSURYbUxDU1lBEAE",,,,,,,,,"Google","https://www.google.com/maps/reviews/data=!4m8!14m7!1m6!2m5!1sChZDSUhNMG9nS0VJQ0FnSURYbUxDU1lBEAE!2m1!1s0x0:0xc46d9dbd85c4e1e2!3m1!1s2@1:CIHM0ogKEICAgIDXmLCSYA%7C%7C?hl=en","117504447390232893992","8","https://lh3.googleusercontent.com/a/ACg8ocLEWtWdzbp1RAnZFnP-Reia_URRKXV8JscGOKeFkkYepgnuww=s1920-c-rp-mo-br100","https://www.google.com/maps/contrib/117504447390232893992?hl=en","329","2026-10-06T19:23:43.222Z","Direct Detail URL: https://www.google.com/maps?cid=14154142641213989346","5",,,"false","Many thanks 'to Dunns discovery  and to Malik for the desert Safari.
Hight quality service,  private safari with five stars  Buffet and live show for very reasonnable prince !  I do recommand !",,"Dunes Discovery Tourism LLC","5",,"https://www.google.com/maps/search/?api=1&query=Dunes%20Discovery%20Tourism%20LLC&query_place_id=ChIJbWsIEIVEdEER4uHEhb2dbcQ",
,"1522201601161585131","Tour agency","Service establishment","Tour agency","14154142641213989346",,,"0x4174448510086b6d:0xc46d9dbd85c4e1e2",,"https://lh3.googleusercontent.com/grass-cs/AABkmLd2_d1tXdrlH6LWW10pygDnJzaUhEU7C7L75fvzbAv4OYkdlD4LwcGPTtfM0xX8prg6H7I6hKya8LF-YWUiDMb0s1vwi8onlMyPQGQGfLxxP-evkFPGc0oYiPA5qiJVrNSeoCE=w408-h261-k-no","false","false","/g/11vk63ds_v","en","0","24.3539913","53.9485752","Christine Nantumbwe",,"en","false","ChIJbWsIEIVEdEER4uHEhb2dbcQ",,,"a year ago","2024-10-15T14:12:06.623Z",,"2024-10-15T14:22:52.000Z","Thanks ","ChdDSUhNMG9nS0VJQ0FnSUNYMnRYZDh3RRAB","https://lh3.googleusercontent.com/grass-cs/ACvplmOQHljmbo0Gh3fVo6ZWmqtz8etajcB0YkEfGhF93kIghT-jWVeYhFZyjPUbYv7s87QRbouynHhqiRJbXGHtzZP4HbRAuooEc1UP4j02krlVDFhkpBrUsIrYxdHka4r4suYXrBA=k-no","https://lh3.googleusercontent.com/grass-cs/ACvplmO0xL696duWdCazyMBgpfsWm-hsiDIRAn5jS45xhm84cDHD4BPMdnM9hdJf6K_yCvpV0Bfr-U9vyaP9Vh5Yi0Abxt7y174RYJSTAGFOhcsGkS7_TkRusAmBurwfC8t5kwtCe1vK6w=k-no","https://lh3.googleusercontent.com/grass-cs/ACvplmNCWjpUfrJU7VmZf6EW69VGMzixdk-4oKLsluhu0OxPtQvPBG-A9rCIuXoFoutHNNxvn01nM8yPf9M7h1iBeasqVX1VcOgC6s4OOvH6YKOYmK4vijDNP0hzI3Cit72DpLctM7Ir=k-no",,,,,,"Google","https://www.google.com/maps/reviews/data=!4m8!14m7!1m6!2m5!1sChdDSUhNMG9nS0VJQ0FnSUNYMnRYZDh3RRAB!2m1!1s0x0:0xc46d9dbd85c4e1e2!3m1!1s2@1:CIHM0ogKEICAgICX2tXd8wE%7C%7C?hl=en","115749187199616752828","1","https://lh3.googleusercontent.com/a/ACg8ocIOXDvYE2xdeExcdDD0pwPEgTO60MxQ0bhQ5y1wX-gwK2C4uA=s1920-c-rp-mo-br100","https://www.google.com/maps/contrib/115749187199616752828?hl=en","329","2026-10-06T19:23:43.222Z","Direct Detail URL: https://www.google.com/maps?cid=14154142641213989346","5",,,"false","Best experience, Malik is the best guide so flexible and arrived in time for our pick up.
Highly recommend",,"Dunes Discovery Tourism LLC","5",,"https://www.google.com/maps/search/?api=1&query=Dunes%20Discovery%20Tourism%20LLC&query_place_id=ChIJbWsIEIVEdEER4uHEhb2dbcQ",
,"1522201601161585131","Tour agency","Service establishment","Tour agency","14154142641213989346",,,"0x4174448510086b6d:0xc46d9dbd85c4e1e2",,"https://lh3.googleusercontent.com/grass-cs/AABkmLd2_d1tXdrlH6LWW10pygDnJzaUhEU7C7L75fvzbAv4OYkdlD4LwcGPTtfM0xX8prg6H7I6hKya8LF-YWUiDMb0s1vwi8onlMyPQGQGfLxxP-evkFPGc0oYiPA5qiJVrNSeoCE=w408-h261-k-no","false","false","/g/11vk63ds_v","en","0","24.3539913","53.9485752","Pinnacle Africa",,"en","false","ChIJbWsIEIVEdEER4uHEhb2dbcQ",,,"a year ago","2024-10-15T14:11:11.381Z",,"2024-10-15T14:22:33.000Z","Thanks ","ChZDSUhNMG9nS0VJQ0FnSUNYMnBXTkFnEAE","https://lh3.googleusercontent.com/grass-cs/ACvplmNIdzR6GMloTwfgYp3HmZrktTeXOwe0RCXMlOJmSOm2nMhoQXxgbpwbK2pRT2_kl8GQF5LHqYFScLPXn9wSvP13MKRc_WH6P_QCoi6Z3Bq41K2W4QDFlt63p10SS5zXSO8q_YBo=k-no","https://lh3.googleusercontent.com/grass-cs/ACvplmMeuNgFuHsxvMDeegkFKSSoVBxlfZgJsXrv7lwEAtSK_ckkqsiU_nLEDBEcJl3QiqfBfonztVxSACXip_Rp4DQBklsj-aQIdXN79yYr4n2WT1CbSrKFSYjNjyoIl7qSI45Y0OlM=k-no",,,,,,,"Google","https://www.google.com/maps/reviews/data=!4m8!14m7!1m6!2m5!1sChZDSUhNMG9nS0VJQ0FnSUNYMnBXTkFnEAE!2m1!1s0x0:0xc46d9dbd85c4e1e2!3m1!1s2@1:CIHM0ogKEICAgICX2pWNAg%7C%7C?hl=en","116241616058350692890","7","https://lh3.googleusercontent.com/a-/ALV-UjW1cbwhcqKyTZis6mqNvHjlYtXPpUtYH36F_aWBbfo4WZGMsfHk=s1920-c-rp-mo-br100","https://www.google.com/maps/contrib/116241616058350692890?hl=en","329","2026-10-06T19:23:43.222Z","Direct Detail URL: https://www.google.com/maps?cid=14154142641213989346","5",,,"false","I had the pleasure of doing the desert safari with Malik. I must say this was the best I've ever had so far.
Malik was so professional, arrived on time, took wonderful care of us and the vehicle is the best that I've ever seen or sat in. Brand new car and of a very very high standard. One of the best in Dubai.

Keep up the wonderful work Malik and your wonderful smile ☺️ and care!",,"Dunes Discovery Tourism LLC","5",,"https://www.google.com/maps/search/?api=1&query=Dunes%20Discovery%20Tourism%20LLC&query_place_id=ChIJbWsIEIVEdEER4uHEhb2dbcQ",
,"1522201601161585131","Tour agency","Service establishment","Tour agency","14154142641213989346",,,"0x4174448510086b6d:0xc46d9dbd85c4e1e2",,"https://lh3.googleusercontent.com/grass-cs/AABkmLd2_d1tXdrlH6LWW10pygDnJzaUhEU7C7L75fvzbAv4OYkdlD4LwcGPTtfM0xX8prg6H7I6hKya8LF-YWUiDMb0s1vwi8onlMyPQGQGfLxxP-evkFPGc0oYiPA5qiJVrNSeoCE=w408-h261-k-no","false","true","/g/11vk63ds_v","en","0","24.3539913","53.9485752","Rorisang Tabane",,"en","false","ChIJbWsIEIVEdEER4uHEhb2dbcQ",,,"a year ago","2024-10-13T13:33:32.212Z",,"2024-12-22T06:39:08.000Z","Thanks 😊 ","ChZDSUhNMG9nS0VJQ0FnSUNYNU5YSEF3EAE","https://lh3.googleusercontent.com/grass-cs/ACvplmPNcFle_yk5lZsU60EPmQbn0zTaONDEhQ-At5FB_0PGsfS1AMjAECDpQH_tZ9cGBI3KbW66CCSMg91JWYfpXiwwrkf2YpWLNjugAjhKyz9pNllvJbkXUHW-BicCBoJRl45S_p67Qg=k-no",,,,,,,,"Google","https://www.google.com/maps/reviews/data=!4m8!14m7!1m6!2m5!1sChZDSUhNMG9nS0VJQ0FnSUNYNU5YSEF3EAE!2m1!1s0x0:0xc46d9dbd85c4e1e2!3m1!1s2@1:CIHM0ogKEICAgICX5NXHAw%7C%7C?hl=en","103924689220109649991","23","https://lh3.googleusercontent.com/a-/ALV-UjUffPd-7wdrNavcEg0NImB2ByRqB_uGkKrdLxhNJRGc_1Eb6TZQzQ=s1920-c-rp-mo-ba12-br100","https://www.google.com/maps/contrib/103924689220109649991?hl=en","329","2026-10-06T19:23:43.222Z","Direct Detail URL: https://www.google.com/maps?cid=14154142641213989346","5",,,"false","Absolutely exhilarating experience!!! Malik is SUPER professional, efficient and trustworthy. He gave us an awesome glimpse of Dubai adventure.",,"Dunes Discovery Tourism LLC","5",,"https://www.google.com/maps/search/?api=1&query=Dunes%20Discovery%20Tourism%20LLC&query_place_id=ChIJbWsIEIVEdEER4uHEhb2dbcQ",
,"1522201601161585131","Tour agency","Service establishment","Tour agency","14154142641213989346",,,"0x4174448510086b6d:0xc46d9dbd85c4e1e2",,"https://lh3.googleusercontent.com/grass-cs/AABkmLd2_d1tXdrlH6LWW10pygDnJzaUhEU7C7L75fvzbAv4OYkdlD4LwcGPTtfM0xX8prg6H7I6hKya8LF-YWUiDMb0s1vwi8onlMyPQGQGfLxxP-evkFPGc0oYiPA5qiJVrNSeoCE=w408-h261-k-no","false","false","/g/11vk63ds_v","en","0","24.3539913","53.9485752","Sedibu Joseph Mohlaba",,"en","false","ChIJbWsIEIVEdEER4uHEhb2dbcQ",,,"a year ago","2024-10-13T13:33:15.453Z",,"2025-07-16T20:17:47.000Z","Many thanks 😇","ChZDSUhNMG9nS0VJQ0FnSUNYNU5XZVhBEAE",,,,,,,,,"Google","https://www.google.com/maps/reviews/data=!4m8!14m7!1m6!2m5!1sChZDSUhNMG9nS0VJQ0FnSUNYNU5XZVhBEAE!2m1!1s0x0:0xc46d9dbd85c4e1e2!3m1!1s2@1:CIHM0ogKEICAgICX5NWeXA%7C%7C?hl=en","105286878458161331247","2","https://lh3.googleusercontent.com/a-/ALV-UjWq24cefS8Guk7JorV2uWh_u1hWBRWKIQCZJYr4Gvw9sIWEw0gE=s1920-c-rp-mo-br100","https://www.google.com/maps/contrib/105286878458161331247?hl=en","329","2026-10-06T19:23:43.222Z","Direct Detail URL: https://www.google.com/maps?cid=14154142641213989346","5",,,"false","Top host and great experience all round 👊🏿",,"Dunes Discovery Tourism LLC","5",,"https://www.google.com/maps/search/?api=1&query=Dunes%20Discovery%20Tourism%20LLC&query_place_id=ChIJbWsIEIVEdEER4uHEhb2dbcQ",
,"1522201601161585131","Tour agency","Service establishment","Tour agency","14154142641213989346",,,"0x4174448510086b6d:0xc46d9dbd85c4e1e2",,"https://lh3.googleusercontent.com/grass-cs/AABkmLd2_d1tXdrlH6LWW10pygDnJzaUhEU7C7L75fvzbAv4OYkdlD4LwcGPTtfM0xX8prg6H7I6hKya8LF-YWUiDMb0s1vwi8onlMyPQGQGfLxxP-evkFPGc0oYiPA5qiJVrNSeoCE=w408-h261-k-no","false","false","/g/11vk63ds_v","en","0","24.3539913","53.9485752","Craig Millar",,"en","false","ChIJbWsIEIVEdEER4uHEhb2dbcQ",,,"2 years ago","2024-09-05T16:28:43.606Z",,"2024-09-05T16:58:25.000Z","Thanks ","ChZDSUhNMG9nS0VJQ0FnSUNIZ2V2cFR3EAE",,,,,,,,,"Google","https://www.google.com/maps/reviews/data=!4m8!14m7!1m6!2m5!1sChZDSUhNMG9nS0VJQ0FnSUNIZ2V2cFR3EAE!2m1!1s0x0:0xc46d9dbd85c4e1e2!3m1!1s2@1:CIHM0ogKEICAgICHgevpTw%7C%7C?hl=en","105430656256175972326","3","https://lh3.googleusercontent.com/a/ACg8ocKXd0d0RGfaVGmItOnspUMltQ4FCwzv-g4sP3Ywvhot_QUB=s1920-c-rp-mo-br100","https://www.google.com/maps/contrib/105430656256175972326?hl=en","329","2026-10-06T19:23:43.222Z","Direct Detail URL: https://www.google.com/maps?cid=14154142641213989346","5",,,"false","What an out of this world experience for us and our 2 sons we have made memories to last a lifetime malik was an outstanding  guide he is the owner and he goes above and beyond to make the experience as magical as possible for you if you are coming to Dubai this is a must do activity and malik is the man to do it with if you want a 5 star experience THANK YOU MALIK YOU WERE AMAZING we will definitely use your service again when we return and HIGHLY recommend you amazing guys amazing tour",,"Dunes Discovery Tourism LLC","5",,"https://www.google.com/maps/search/?api=1&query=Dunes%20Discovery%20Tourism%20LLC&query_place_id=ChIJbWsIEIVEdEER4uHEhb2dbcQ",
,"1522201601161585131","Tour agency","Service establishment","Tour agency","14154142641213989346",,,"0x4174448510086b6d:0xc46d9dbd85c4e1e2",,"https://lh3.googleusercontent.com/grass-cs/AABkmLd2_d1tXdrlH6LWW10pygDnJzaUhEU7C7L75fvzbAv4OYkdlD4LwcGPTtfM0xX8prg6H7I6hKya8LF-YWUiDMb0s1vwi8onlMyPQGQGfLxxP-evkFPGc0oYiPA5qiJVrNSeoCE=w408-h261-k-no","false","false","/g/11vk63ds_v","en","0","24.3539913","53.9485752","Said Warsame",,"en","false","ChIJbWsIEIVEdEER4uHEhb2dbcQ",,,"2 years ago","2024-08-30T16:40:41.913Z",,"2024-08-30T19:10:32.000Z","Thanks ","ChdDSUhNMG9nS0VJQ0FnSUNIZ05QdjJBRRAB",,,,,,,,,"Google","https://www.google.com/maps/reviews/data=!4m8!14m7!1m6!2m5!1sChdDSUhNMG9nS0VJQ0FnSUNIZ05QdjJBRRAB!2m1!1s0x0:0xc46d9dbd85c4e1e2!3m1!1s2@1:CIHM0ogKEICAgICHgNPv2AE%7C%7C?hl=en","106370548539712712812","2","https://lh3.googleusercontent.com/a/ACg8ocIJuliEQDkHfzAorLYh1iT_W6BMrZZVVMvLWjAvSQz0RmdR7ug=s1920-c-rp-mo-br100","https://www.google.com/maps/contrib/106370548539712712812?hl=en","329","2026-10-06T19:23:43.222Z","Direct Detail URL: https://www.google.com/maps?cid=14154142641213989346","5",,,"false","Thank you it was Amazing experience malik",,"Dunes Discovery Tourism LLC","5",,"https://www.google.com/maps/search/?api=1&query=Dunes%20Discovery%20Tourism%20LLC&query_place_id=ChIJbWsIEIVEdEER4uHEhb2dbcQ",
,"1522201601161585131","Tour agency","Service establishment","Tour agency","14154142641213989346",,,"0x4174448510086b6d:0xc46d9dbd85c4e1e2",,"https://lh3.googleusercontent.com/grass-cs/AABkmLd2_d1tXdrlH6LWW10pygDnJzaUhEU7C7L75fvzbAv4OYkdlD4LwcGPTtfM0xX8prg6H7I6hKya8LF-YWUiDMb0s1vwi8onlMyPQGQGfLxxP-evkFPGc0oYiPA5qiJVrNSeoCE=w408-h261-k-no","false","false","/g/11vk63ds_v","en","0","24.3539913","53.9485752","Ctratd Ctratd",,"en","false","ChIJbWsIEIVEdEER4uHEhb2dbcQ",,,"2 years ago","2024-08-30T16:37:06.999Z",,"2024-08-30T19:10:42.000Z","Thanks ","ChZDSUhNMG9nS0VJQ0FnSUNIZ01PdU1nEAE",,,,,,,,,"Google","https://www.google.com/maps/reviews/data=!4m8!14m7!1m6!2m5!1sChZDSUhNMG9nS0VJQ0FnSUNIZ01PdU1nEAE!2m1!1s0x0:0xc46d9dbd85c4e1e2!3m1!1s2@1:CIHM0ogKEICAgICHgMOuMg%7C%7C?hl=en","111405670499966554914","1","https://lh3.googleusercontent.com/a/ACg8ocJh1uo6RO_strylDvZ4_J5vaZnFK6v4zXaNP8zKzKbeCjmz=s1920-c-rp-mo-br100","https://www.google.com/maps/contrib/111405670499966554914?hl=en","329","2026-10-06T19:23:43.222Z","Direct Detail URL: https://www.google.com/maps?cid=14154142641213989346","4",,,"false","Wé are soo happy good services",,"Dunes Discovery Tourism LLC","5",,"https://www.google.com/maps/search/?api=1&query=Dunes%20Discovery%20Tourism%20LLC&query_place_id=ChIJbWsIEIVEdEER4uHEhb2dbcQ",
,"1522201601161585131","Tour agency","Service establishment","Tour agency","14154142641213989346",,,"0x4174448510086b6d:0xc46d9dbd85c4e1e2",,"https://lh3.googleusercontent.com/grass-cs/AABkmLd2_d1tXdrlH6LWW10pygDnJzaUhEU7C7L75fvzbAv4OYkdlD4LwcGPTtfM0xX8prg6H7I6hKya8LF-YWUiDMb0s1vwi8onlMyPQGQGfLxxP-evkFPGc0oYiPA5qiJVrNSeoCE=w408-h261-k-no","false","false","/g/11vk63ds_v","en","0","24.3539913","53.9485752","Cisse Mpira",,"fr","false","ChIJbWsIEIVEdEER4uHEhb2dbcQ",,,"2 years ago","2024-08-29T16:55:11.875Z",,"2024-08-29T17:27:06.000Z","Thanks 🙏 ","ChdDSUhNMG9nS0VJQ0FnSUQ3MTk3bmpnRRAB",,,,,,,,,"Google","https://www.google.com/maps/reviews/data=!4m8!14m7!1m6!2m5!1sChdDSUhNMG9nS0VJQ0FnSUQ3MTk3bmpnRRAB!2m1!1s0x0:0xc46d9dbd85c4e1e2!3m1!1s2@1:CIHM0ogKEICAgID7197njgE%7C%7C?hl=en","110190701626391347260","3","https://lh3.googleusercontent.com/a/ACg8ocIdIXl3lyxr-59cDGomJrAfbxhzhsnorbWArQ-kVzKzYpdQ_Q=s1920-c-rp-mo-br100","https://www.google.com/maps/contrib/110190701626391347260?hl=en","329","2026-10-06T19:23:43.222Z","Direct Detail URL: https://www.google.com/maps?cid=14154142641213989346","4",,,"false","Moment tres agreable avec malick le safari au desert et sa sympathie.. great !!","A very pleasant time with Malick on the desert safari and his friendly manner... great!!","Dunes Discovery Tourism LLC","5","en","https://www.google.com/maps/search/?api=1&query=Dunes%20Discovery%20Tourism%20LLC&query_place_id=ChIJbWsIEIVEdEER4uHEhb2dbcQ",
,"1522201601161585131","Tour agency","Service establishment","Tour agency","14154142641213989346",,,"0x4174448510086b6d:0xc46d9dbd85c4e1e2",,"https://lh3.googleusercontent.com/grass-cs/AABkmLd2_d1tXdrlH6LWW10pygDnJzaUhEU7C7L75fvzbAv4OYkdlD4LwcGPTtfM0xX8prg6H7I6hKya8LF-YWUiDMb0s1vwi8onlMyPQGQGfLxxP-evkFPGc0oYiPA5qiJVrNSeoCE=w408-h261-k-no","false","false","/g/11vk63ds_v","en","0","24.3539913","53.9485752","thuony. arech",,,"false","ChIJbWsIEIVEdEER4uHEhb2dbcQ",,,"2 years ago","2024-08-27T16:54:41.018Z",,"2024-08-29T17:27:18.000Z","Thanks 🙏 ","ChdDSUhNMG9nS0VJQ0FnSUQ3X2Rxem53RRAB",,,,,,,,,"Google","https://www.google.com/maps/reviews/data=!4m8!14m7!1m6!2m5!1sChdDSUhNMG9nS0VJQ0FnSUQ3X2Rxem53RRAB!2m1!1s0x0:0xc46d9dbd85c4e1e2!3m1!1s2@1:CIHM0ogKEICAgID7_dqznwE%7C%7C?hl=en","113817468502589194953","0","https://lh3.googleusercontent.com/a/ACg8ocJW_Pq-hKw8fc3ROD6DVQSLhk9C_2vvdMdOGGMudSLSXQFH6A=s1920-c-rp-mo-br100","https://www.google.com/maps/contrib/113817468502589194953?hl=en","329","2026-10-06T19:23:43.222Z","Direct Detail URL: https://www.google.com/maps?cid=14154142641213989346","5",,,"false",,,"Dunes Discovery Tourism LLC","5",,"https://www.google.com/maps/search/?api=1&query=Dunes%20Discovery%20Tourism%20LLC&query_place_id=ChIJbWsIEIVEdEER4uHEhb2dbcQ",
,"1522201601161585131","Tour agency","Service establishment","Tour agency","14154142641213989346",,,"0x4174448510086b6d:0xc46d9dbd85c4e1e2",,"https://lh3.googleusercontent.com/grass-cs/AABkmLd2_d1tXdrlH6LWW10pygDnJzaUhEU7C7L75fvzbAv4OYkdlD4LwcGPTtfM0xX8prg6H7I6hKya8LF-YWUiDMb0s1vwi8onlMyPQGQGfLxxP-evkFPGc0oYiPA5qiJVrNSeoCE=w408-h261-k-no","false","false","/g/11vk63ds_v","en","0","24.3539913","53.9485752","Anne",,"en","false","ChIJbWsIEIVEdEER4uHEhb2dbcQ",,,"2 years ago","2024-08-27T16:53:07.625Z",,"2024-08-29T17:27:25.000Z","Thanks 🙏 ","ChZDSUhNMG9nS0VJQ0FnSUQ3X2VxblJBEAE",,,,,,,,,"Google","https://www.google.com/maps/reviews/data=!4m8!14m7!1m6!2m5!1sChZDSUhNMG9nS0VJQ0FnSUQ3X2VxblJBEAE!2m1!1s0x0:0xc46d9dbd85c4e1e2!3m1!1s2@1:CIHM0ogKEICAgID7_eqnRA%7C%7C?hl=en","111306132216939133524","1","https://lh3.googleusercontent.com/a/ACg8ocK-2aLsWLw65PiJk9RDqPoZu3ayTsLpxNArR3xSnIBKdvzhxQ=s1920-c-rp-mo-br100","https://www.google.com/maps/contrib/111306132216939133524?hl=en","329","2026-10-06T19:23:43.222Z","Direct Detail URL: https://www.google.com/maps?cid=14154142641213989346","5",,,"false","Malik is a good driver, always cares about his customers and very entertaining",,"Dunes Discovery Tourism LLC","5",,"https://www.google.com/maps/search/?api=1&query=Dunes%20Discovery%20Tourism%20LLC&query_place_id=ChIJbWsIEIVEdEER4uHEhb2dbcQ",
,"1522201601161585131","Tour agency","Service establishment","Tour agency","14154142641213989346",,,"0x4174448510086b6d:0xc46d9dbd85c4e1e2",,"https://lh3.googleusercontent.com/grass-cs/AABkmLd2_d1tXdrlH6LWW10pygDnJzaUhEU7C7L75fvzbAv4OYkdlD4LwcGPTtfM0xX8prg6H7I6hKya8LF-YWUiDMb0s1vwi8onlMyPQGQGfLxxP-evkFPGc0oYiPA5qiJVrNSeoCE=w408-h261-k-no","false","false","/g/11vk63ds_v","en","0","24.3539913","53.9485752","Ivy Murache",,"en","false","ChIJbWsIEIVEdEER4uHEhb2dbcQ",,,"2 years ago","2024-08-27T16:48:07.925Z",,"2024-08-29T17:27:34.000Z","Thanks 🙏 ","ChdDSUhNMG9nS0VJQ0FnSUQ3X2RLSHhnRRAB","https://lh3.googleusercontent.com/grass-cs/ACvplmPs7D94w1ZH7ZbUevtlwwO18l_0mLzf_ivrd1y1PVpCjjX38icOJXt5byWDVREC_7GY34rO66NPRU8Ty4wlJVA8nEJ-7KU5uzI6uR_-55MGLUf3GzWGMANiHWZHipbl4hxJ2bo1=k-no","https://lh3.googleusercontent.com/grass-cs/ACvplmO8ojfgKQ0HBC5C9C22R8iMvj_GyPNizEfNmFbwYK99k6kJtgFt6KFVdV-4AvjkCldLTNpzK66YQBmVlFcG9bPHoo88S0a_Vr1U-q3aA11Hn5eOSBlqGyEbOO-S_UxBMBDe1Kdb=k-no","https://lh3.googleusercontent.com/grass-cs/ACvplmOzEAOVdvluiUQmk4klQ3sR95jMGxcVC-iW5DK7-CGK1vD9q88iy607DMwUpRtq_xK3qjvgHfvcT2QwxWOsuFzMU6iBgpKKsFfTw6RDGY9EnHBuBbxcz8SK9Ow62A2FYZ1qiGLU=k-no",,,,,,"Google","https://www.google.com/maps/reviews/data=!4m8!14m7!1m6!2m5!1sChdDSUhNMG9nS0VJQ0FnSUQ3X2RLSHhnRRAB!2m1!1s0x0:0xc46d9dbd85c4e1e2!3m1!1s2@1:CIHM0ogKEICAgID7_dKHxgE%7C%7C?hl=en","109557415498162271642","3","https://lh3.googleusercontent.com/a-/ALV-UjXW6N6wfXN0iVJ0anHnxfFF7cSWZugS8SHoHTyiXUjarEXZh3Y=s1920-c-rp-mo-br100","https://www.google.com/maps/contrib/109557415498162271642?hl=en","329","2026-10-06T19:23:43.222Z","Direct Detail URL: https://www.google.com/maps?cid=14154142641213989346","5",,,"false","Malik is the best your guide
Perfect ,fun ,adventurous driver and Perfect  event planner
My family definitely enjoyed
Definitely will use him in all my future safaris

Thank you 🙏💖",,"Dunes Discovery Tourism LLC","5",,"https://www.google.com/maps/search/?api=1&query=Dunes%20Discovery%20Tourism%20LLC&query_place_id=ChIJbWsIEIVEdEER4uHEhb2dbcQ",
,"1522201601161585131","Tour agency","Service establishment","Tour agency","14154142641213989346",,,"0x4174448510086b6d:0xc46d9dbd85c4e1e2",,"https://lh3.googleusercontent.com/grass-cs/AABkmLd2_d1tXdrlH6LWW10pygDnJzaUhEU7C7L75fvzbAv4OYkdlD4LwcGPTtfM0xX8prg6H7I6hKya8LF-YWUiDMb0s1vwi8onlMyPQGQGfLxxP-evkFPGc0oYiPA5qiJVrNSeoCE=w408-h261-k-no","false","false","/g/11vk63ds_v","en","0","24.3539913","53.9485752","nancy irura",,"en","false","ChIJbWsIEIVEdEER4uHEhb2dbcQ",,,"2 years ago","2024-08-27T16:45:00.488Z",,"2024-08-29T17:27:42.000Z","Thanks 🙏 ","ChdDSUhNMG9nS0VJQ0FnSUQ3X2Z6M3VRRRAB",,,,,,,,,"Google","https://www.google.com/maps/reviews/data=!4m8!14m7!1m6!2m5!1sChdDSUhNMG9nS0VJQ0FnSUQ3X2Z6M3VRRRAB!2m1!1s0x0:0xc46d9dbd85c4e1e2!3m1!1s2@1:CIHM0ogKEICAgID7_fz3uQE%7C%7C?hl=en","108926568627228725520","2","https://lh3.googleusercontent.com/a-/ALV-UjX_dTz-bc5SWTlLUIJ34QyunZVM7wJvZTXrT7FlnS2wEZCHhwCr=s1920-c-rp-mo-br100","https://www.google.com/maps/contrib/108926568627228725520?hl=en","329","2026-10-06T19:23:43.222Z","Direct Detail URL: https://www.google.com/maps?cid=14154142641213989346","5",,,"false","Malik is very nice, funny and entertaining",,"Dunes Discovery Tourism LLC","5",,"https://www.google.com/maps/search/?api=1&query=Dunes%20Discovery%20Tourism%20LLC&query_place_id=ChIJbWsIEIVEdEER4uHEhb2dbcQ",
,"1522201601161585131","Tour agency","Service establishment","Tour agency","14154142641213989346",,,"0x4174448510086b6d:0xc46d9dbd85c4e1e2",,"https://lh3.googleusercontent.com/grass-cs/AABkmLd2_d1tXdrlH6LWW10pygDnJzaUhEU7C7L75fvzbAv4OYkdlD4LwcGPTtfM0xX8prg6H7I6hKya8LF-YWUiDMb0s1vwi8onlMyPQGQGfLxxP-evkFPGc0oYiPA5qiJVrNSeoCE=w408-h261-k-no","false","false","/g/11vk63ds_v","en","0","24.3539913","53.9485752","Esther i",,"en","false","ChIJbWsIEIVEdEER4uHEhb2dbcQ",,,"2 years ago","2024-08-27T16:43:35.488Z",,"2024-08-29T17:27:50.000Z","Thanks 🙏 ","ChdDSUhNMG9nS0VJQ0FnSUQ3X1lMYXZ3RRAB",,,,,,,,,"Google","https://www.google.com/maps/reviews/data=!4m8!14m7!1m6!2m5!1sChdDSUhNMG9nS0VJQ0FnSUQ3X1lMYXZ3RRAB!2m1!1s0x0:0xc46d9dbd85c4e1e2!3m1!1s2@1:CIHM0ogKEICAgID7_YLavwE%7C%7C?hl=en","111848321692761045623","1","https://lh3.googleusercontent.com/a/ACg8ocLVHszX6e0riJvPII5jlkS_eSbj2ThNyJC8FvzK1a_LcNhlFw=s1920-c-rp-mo-br100","https://www.google.com/maps/contrib/111848321692761045623?hl=en","329","2026-10-06T19:23:43.222Z","Direct Detail URL: https://www.google.com/maps?cid=14154142641213989346","5",,,"false","If I could give this experience 10 stars, the best safari I’ve been on, so kind and considerate and we had a lot of fun. THANK YOU SO MUCH",,"Dunes Discovery Tourism LLC","5",,"https://www.google.com/maps/search/?api=1&query=Dunes%20Discovery%20Tourism%20LLC&query_place_id=ChIJbWsIEIVEdEER4uHEhb2dbcQ",
,"1522201601161585131","Tour agency","Service establishment","Tour agency","14154142641213989346",,,"0x4174448510086b6d:0xc46d9dbd85c4e1e2",,"https://lh3.googleusercontent.com/grass-cs/AABkmLd2_d1tXdrlH6LWW10pygDnJzaUhEU7C7L75fvzbAv4OYkdlD4LwcGPTtfM0xX8prg6H7I6hKya8LF-YWUiDMb0s1vwi8onlMyPQGQGfLxxP-evkFPGc0oYiPA5qiJVrNSeoCE=w408-h261-k-no","false","false","/g/11vk63ds_v","en","0","24.3539913","53.9485752","Godknows Mudzingwa",,,"false","ChIJbWsIEIVEdEER4uHEhb2dbcQ",,,"2 years ago","2024-08-19T17:09:44.739Z",,"2024-08-30T19:10:51.000Z","Thanks ","ChZDSUhNMG9nS0VJQ0FnSUM3MzZlc1dBEAE",,,,,,,,,"Google","https://www.google.com/maps/reviews/data=!4m8!14m7!1m6!2m5!1sChZDSUhNMG9nS0VJQ0FnSUM3MzZlc1dBEAE!2m1!1s0x0:0xc46d9dbd85c4e1e2!3m1!1s2@1:CIHM0ogKEICAgIC736esWA%7C%7C?hl=en","112383398513761412465","0","https://lh3.googleusercontent.com/a/ACg8ocIoJglTQ_gAWpt8kat5QgMShW4zfsEIaNzlTxpY3JdFrpq5HA=s1920-c-rp-mo-br100","https://www.google.com/maps/contrib/112383398513761412465?hl=en","329","2026-10-06T19:23:43.222Z","Direct Detail URL: https://www.google.com/maps?cid=14154142641213989346","5",,,"false",,,"Dunes Discovery Tourism LLC","5",,"https://www.google.com/maps/search/?api=1&query=Dunes%20Discovery%20Tourism%20LLC&query_place_id=ChIJbWsIEIVEdEER4uHEhb2dbcQ",
,"1522201601161585131","Tour agency","Service establishment","Tour agency","14154142641213989346",,,"0x4174448510086b6d:0xc46d9dbd85c4e1e2",,"https://lh3.googleusercontent.com/grass-cs/AABkmLd2_d1tXdrlH6LWW10pygDnJzaUhEU7C7L75fvzbAv4OYkdlD4LwcGPTtfM0xX8prg6H7I6hKya8LF-YWUiDMb0s1vwi8onlMyPQGQGfLxxP-evkFPGc0oYiPA5qiJVrNSeoCE=w408-h261-k-no","false","false","/g/11vk63ds_v","en","0","24.3539913","53.9485752","Lydia Tirot",,"en","false","ChIJbWsIEIVEdEER4uHEhb2dbcQ",,,"2 years ago","2024-07-20T16:55:40.142Z",,"2024-07-20T17:08:23.000Z","Thanks 🙏 ","ChZDSUhNMG9nS0VJQ0FnSURyLTluUUVnEAE",,,,,,,,,"Google","https://www.google.com/maps/reviews/data=!4m8!14m7!1m6!2m5!1sChZDSUhNMG9nS0VJQ0FnSURyLTluUUVnEAE!2m1!1s0x0:0xc46d9dbd85c4e1e2!3m1!1s2@1:CIHM0ogKEICAgIDr-9nQEg%7C%7C?hl=en","108363233935374586038","3","https://lh3.googleusercontent.com/a/ACg8ocKaq0ufVGBTWBooO9ax0Qji7zQJfj6PLWUfcMzzQxqwDE6qUg=s1920-c-rp-mo-br100","https://www.google.com/maps/contrib/108363233935374586038?hl=en","329","2026-10-06T19:23:43.222Z","Direct Detail URL: https://www.google.com/maps?cid=14154142641213989346","5",,,"false","Thanks to explore Dubai, we have really enjoyed our experience to Safari desert,  it is full of  fun,special thanks goes to Malik for making our day very memorable and enjoyable",,"Dunes Discovery Tourism LLC","5",,"https://www.google.com/maps/search/?api=1&query=Dunes%20Discovery%20Tourism%20LLC&query_place_id=ChIJbWsIEIVEdEER4uHEhb2dbcQ",
,"1522201601161585131","Tour agency","Service establishment","Tour agency","14154142641213989346",,,"0x4174448510086b6d:0xc46d9dbd85c4e1e2",,"https://lh3.googleusercontent.com/grass-cs/AABkmLd2_d1tXdrlH6LWW10pygDnJzaUhEU7C7L75fvzbAv4OYkdlD4LwcGPTtfM0xX8prg6H7I6hKya8LF-YWUiDMb0s1vwi8onlMyPQGQGfLxxP-evkFPGc0oYiPA5qiJVrNSeoCE=w408-h261-k-no","false","false","/g/11vk63ds_v","en","0","24.3539913","53.9485752","PHILLIS MUTEMBETE",,"en","false","ChIJbWsIEIVEdEER4uHEhb2dbcQ",,,"2 years ago","2024-07-20T16:54:55.793Z",,"2024-07-20T17:08:34.000Z","Thanks 🙏 ","ChdDSUhNMG9nS0VJQ0FnSURyLTVud213RRAB","https://lh3.googleusercontent.com/grass-cs/ACvplmM01Msep3rKZEjOT3_QonGAb6bCt52KtF1gwHEVEiioSzWulVW7YkPYJzk4UMrvfEVx2B0td907KAaeCubZ16Nv2RPw3cSmoTGQOA72K7ALIHt-Vq0tEppSW8mIeujFzx2wDOih=k-no","https://lh3.googleusercontent.com/grass-cs/ACvplmMCbwTjpDIa2sLTfURO4I8yNqEOD1TQOgWkKE3EERuBNrM-k_wSuELE4zsk8dg4AwlqtncRYxsYFsfhWMaOCck3kzXiNtFUf0jyZRLVEEupRUw1G63aIltD0CsaCFLOZz3BejXApw=k-no","https://lh3.googleusercontent.com/grass-cs/ACvplmP6FQTW87YIG7zwTaDMEl2MfFLNT9P_Q3awHooXnMcu4-ZZ92u3YE75M2SYtsP0EHDccsUOy-ky1zrpLtnavuarPjmPisT85OsVeBBJt1v-jwr8kR75Il30J-yK9pRgEOXlw2Fj=k-no","https://lh3.googleusercontent.com/grass-cs/ACvplmPZBqSfoZ8EXU8MLqxSm5rIbKRawJVvGGQDblFvQoFaM-54nnDmCqMllgR4xRdfCZxHGXU6FZhUUxyy4H4iIMmpUtoQ5fA3Bp7zPU9_XbdpWPp--cAh7fKO_ctdJWqOvK8hfvByfw=k-no",,,,,"Google","https://www.google.com/maps/reviews/data=!4m8!14m7!1m6!2m5!1sChdDSUhNMG9nS0VJQ0FnSURyLTVud213RRAB!2m1!1s0x0:0xc46d9dbd85c4e1e2!3m1!1s2@1:CIHM0ogKEICAgIDr-5nwmwE%7C%7C?hl=en","109753854764303383496","11","https://lh3.googleusercontent.com/a/ACg8ocITTb2MUs-z0oiwtWn174ZtpbV-Xwg1Q3D9m5kruY7RFuCfGg=s1920-c-rp-mo-br100","https://www.google.com/maps/contrib/109753854764303383496?hl=en","329","2026-10-06T19:23:43.222Z","Direct Detail URL: https://www.google.com/maps?cid=14154142641213989346","5",,,"false","Had the best experience in Dubai doing desert Safari, camel ride and Barbecue dinner. Our guide Malik was amazing. He is a great photographer also. Thank you Malik for being amazing.",,"Dunes Discovery Tourism LLC","5",,"https://www.google.com/maps/search/?api=1&query=Dunes%20Discovery%20Tourism%20LLC&query_place_id=ChIJbWsIEIVEdEER4uHEhb2dbcQ",
,"1522201601161585131","Tour agency","Service establishment","Tour agency","14154142641213989346",,,"0x4174448510086b6d:0xc46d9dbd85c4e1e2",,"https://lh3.googleusercontent.com/grass-cs/AABkmLd2_d1tXdrlH6LWW10pygDnJzaUhEU7C7L75fvzbAv4OYkdlD4LwcGPTtfM0xX8prg6H7I6hKya8LF-YWUiDMb0s1vwi8onlMyPQGQGfLxxP-evkFPGc0oYiPA5qiJVrNSeoCE=w408-h261-k-no","false","false","/g/11vk63ds_v","en","0","24.3539913","53.9485752","Kerem Kaya",,"tr","false","ChIJbWsIEIVEdEER4uHEhb2dbcQ",,,"2 years ago","2024-07-13T18:26:08.521Z",,"2024-07-19T17:28:55.000Z","Thanks ","ChdDSUhNMG9nS0VJQ0FnSURycUxLaXpRRRAB",,,,,,,,,"Google","https://www.google.com/maps/reviews/data=!4m8!14m7!1m6!2m5!1sChdDSUhNMG9nS0VJQ0FnSURycUxLaXpRRRAB!2m1!1s0x0:0xc46d9dbd85c4e1e2!3m1!1s2@1:CIHM0ogKEICAgIDrqLKizQE%7C%7C?hl=en","111381344301259157492","1","https://lh3.googleusercontent.com/a-/ALV-UjUWuFLwTvjO5RAzEgUTPUETHqkwCUAXfM0nkCA7t3CgavjzYdrr=s1920-c-rp-mo-br100","https://www.google.com/maps/contrib/111381344301259157492?hl=en","329","2026-10-06T19:23:43.222Z","Direct Detail URL: https://www.google.com/maps?cid=14154142641213989346","5",,,"false","Bu adama güvenin. Gayet ilgili her konuda yardımcı.","Trust this man. He's very helpful and attentive in every way.","Dunes Discovery Tourism LLC","5","en","https://www.google.com/maps/search/?api=1&query=Dunes%20Discovery%20Tourism%20LLC&query_place_id=ChIJbWsIEIVEdEER4uHEhb2dbcQ",
,"1522201601161585131","Tour agency","Service establishment","Tour agency","14154142641213989346",,,"0x4174448510086b6d:0xc46d9dbd85c4e1e2",,"https://lh3.googleusercontent.com/grass-cs/AABkmLd2_d1tXdrlH6LWW10pygDnJzaUhEU7C7L75fvzbAv4OYkdlD4LwcGPTtfM0xX8prg6H7I6hKya8LF-YWUiDMb0s1vwi8onlMyPQGQGfLxxP-evkFPGc0oYiPA5qiJVrNSeoCE=w408-h261-k-no","false","false","/g/11vk63ds_v","en","0","24.3539913","53.9485752","Sameer Mohammed",,,"false","ChIJbWsIEIVEdEER4uHEhb2dbcQ",,,"2 years ago","2024-07-08T17:16:02.079Z",,"2024-07-08T18:44:59.000Z","Thanks 🙏 ","ChdDSUhNMG9nS0VJQ0FnSUNyeWQ2RXlRRRAB",,,,,,,,,"Google","https://www.google.com/maps/reviews/data=!4m8!14m7!1m6!2m5!1sChdDSUhNMG9nS0VJQ0FnSUNyeWQ2RXlRRRAB!2m1!1s0x0:0xc46d9dbd85c4e1e2!3m1!1s2@1:CIHM0ogKEICAgICryd6EyQE%7C%7C?hl=en","118325613195553078825","4","https://lh3.googleusercontent.com/a-/ALV-UjUMoC8zypQObmprLbaTPxqYNEDGwDBizPm99bOiaWeemAMdlvdp=s1920-c-rp-mo-br100","https://www.google.com/maps/contrib/118325613195553078825?hl=en","329","2026-10-06T19:23:43.222Z","Direct Detail URL: https://www.google.com/maps?cid=14154142641213989346","5",,,"false",,,"Dunes Discovery Tourism LLC","5",,"https://www.google.com/maps/search/?api=1&query=Dunes%20Discovery%20Tourism%20LLC&query_place_id=ChIJbWsIEIVEdEER4uHEhb2dbcQ",
,"1522201601161585131","Tour agency","Service establishment","Tour agency","14154142641213989346",,,"0x4174448510086b6d:0xc46d9dbd85c4e1e2",,"https://lh3.googleusercontent.com/grass-cs/AABkmLd2_d1tXdrlH6LWW10pygDnJzaUhEU7C7L75fvzbAv4OYkdlD4LwcGPTtfM0xX8prg6H7I6hKya8LF-YWUiDMb0s1vwi8onlMyPQGQGfLxxP-evkFPGc0oYiPA5qiJVrNSeoCE=w408-h261-k-no","false","false","/g/11vk63ds_v","en","0","24.3539913","53.9485752","Wammy Wammy",,,"false","ChIJbWsIEIVEdEER4uHEhb2dbcQ",,,"2 years ago","2024-07-08T17:14:07.021Z",,"2024-07-08T18:45:13.000Z","Thanks 🙏 ","ChdDSUhNMG9nS0VJQ0FnSUNyeWU3TW5BRRAB",,,,,,,,,"Google","https://www.google.com/maps/reviews/data=!4m8!14m7!1m6!2m5!1sChdDSUhNMG9nS0VJQ0FnSUNyeWU3TW5BRRAB!2m1!1s0x0:0xc46d9dbd85c4e1e2!3m1!1s2@1:CIHM0ogKEICAgICrye7MnAE%7C%7C?hl=en","104212806295400427091","0","https://lh3.googleusercontent.com/a/ACg8ocIpOhTX1yxyuz6scQier6KiYSwJjkKKSSq5jMeWo7sm8GA49A=s1920-c-rp-mo-br100","https://www.google.com/maps/contrib/104212806295400427091?hl=en","329","2026-10-06T19:23:43.222Z","Direct Detail URL: https://www.google.com/maps?cid=14154142641213989346","5",,,"false",,,"Dunes Discovery Tourism LLC","5",,"https://www.google.com/maps/search/?api=1&query=Dunes%20Discovery%20Tourism%20LLC&query_place_id=ChIJbWsIEIVEdEER4uHEhb2dbcQ",
,"1522201601161585131","Tour agency","Service establishment","Tour agency","14154142641213989346",,,"0x4174448510086b6d:0xc46d9dbd85c4e1e2",,"https://lh3.googleusercontent.com/grass-cs/AABkmLd2_d1tXdrlH6LWW10pygDnJzaUhEU7C7L75fvzbAv4OYkdlD4LwcGPTtfM0xX8prg6H7I6hKya8LF-YWUiDMb0s1vwi8onlMyPQGQGfLxxP-evkFPGc0oYiPA5qiJVrNSeoCE=w408-h261-k-no","false","false","/g/11vk63ds_v","en","0","24.3539913","53.9485752","Arbaaz Mohammed",,"en","false","ChIJbWsIEIVEdEER4uHEhb2dbcQ",,,"2 years ago","2024-07-08T17:13:53.050Z",,"2024-07-08T18:45:32.000Z","Thanks 🙏 ","ChZDSUhNMG9nS0VJQ0FnSUNyeWU3QURREAE",,,,,,,,,"Google","https://www.google.com/maps/reviews/data=!4m8!14m7!1m6!2m5!1sChZDSUhNMG9nS0VJQ0FnSUNyeWU3QURREAE!2m1!1s0x0:0xc46d9dbd85c4e1e2!3m1!1s2@1:CIHM0ogKEICAgICrye7ADQ%7C%7C?hl=en","112851075910080803888","4","https://lh3.googleusercontent.com/a-/ALV-UjU_9dHoOW4WFB-aQmM19ocixWXT1xX2TN9wywqUcUExpyev1JCb=s1920-c-rp-mo-br100","https://www.google.com/maps/contrib/112851075910080803888?hl=en","329","2026-10-06T19:23:43.222Z","Direct Detail URL: https://www.google.com/maps?cid=14154142641213989346","5",,,"false","Good very good driving explanation and guidance would recommend",,"Dunes Discovery Tourism LLC","5",,"https://www.google.com/maps/search/?api=1&query=Dunes%20Discovery%20Tourism%20LLC&query_place_id=ChIJbWsIEIVEdEER4uHEhb2dbcQ",
,"1522201601161585131","Tour agency","Service establishment","Tour agency","14154142641213989346",,,"0x4174448510086b6d:0xc46d9dbd85c4e1e2",,"https://lh3.googleusercontent.com/grass-cs/AABkmLd2_d1tXdrlH6LWW10pygDnJzaUhEU7C7L75fvzbAv4OYkdlD4LwcGPTtfM0xX8prg6H7I6hKya8LF-YWUiDMb0s1vwi8onlMyPQGQGfLxxP-evkFPGc0oYiPA5qiJVrNSeoCE=w408-h261-k-no","false","false","/g/11vk63ds_v","en","0","24.3539913","53.9485752","Ayaat Maryam",,"it","false","ChIJbWsIEIVEdEER4uHEhb2dbcQ",,,"2 years ago","2024-07-02T17:30:04.923Z",,"2024-07-03T08:20:50.000Z","Thanks ","ChdDSUhNMG9nS0VJQ0FnSURMMzdqQzZ3RRAB",,,,,,,,,"Google","https://www.google.com/maps/reviews/data=!4m8!14m7!1m6!2m5!1sChdDSUhNMG9nS0VJQ0FnSURMMzdqQzZ3RRAB!2m1!1s0x0:0xc46d9dbd85c4e1e2!3m1!1s2@1:CIHM0ogKEICAgIDL37jC6wE%7C%7C?hl=en","109989528993695725833","2","https://lh3.googleusercontent.com/a/ACg8ocJgYmYBQLRUjq2PPXfKmC2xBtqO3UmmLvkMByc3bS8d7hrQxg=s1920-c-rp-mo-br100","https://www.google.com/maps/contrib/109989528993695725833?hl=en","329","2026-10-06T19:23:43.222Z","Direct Detail URL: https://www.google.com/maps?cid=14154142641213989346","5",,,"false","È stata una bellissima esperienza,ci siamo divertiti un sacco.","It was a wonderful experience, we had a lot of fun.","Dunes Discovery Tourism LLC","5","en","https://www.google.com/maps/search/?api=1&query=Dunes%20Discovery%20Tourism%20LLC&query_place_id=ChIJbWsIEIVEdEER4uHEhb2dbcQ",
,"1522201601161585131","Tour agency","Service establishment","Tour agency","14154142641213989346",,,"0x4174448510086b6d:0xc46d9dbd85c4e1e2",,"https://lh3.googleusercontent.com/grass-cs/AABkmLd2_d1tXdrlH6LWW10pygDnJzaUhEU7C7L75fvzbAv4OYkdlD4LwcGPTtfM0xX8prg6H7I6hKya8LF-YWUiDMb0s1vwi8onlMyPQGQGfLxxP-evkFPGc0oYiPA5qiJVrNSeoCE=w408-h261-k-no","false","true","/g/11vk63ds_v","en","0","24.3539913","53.9485752","Kash Life",,"en","false","ChIJbWsIEIVEdEER4uHEhb2dbcQ",,,"2 years ago","2024-07-02T17:28:26.501Z",,"2024-07-03T08:21:10.000Z","Thanks ","ChdDSUhNMG9nS0VJQ0FnSURMMzVqaDVBRRAB",,,,,,,,,"Google","https://www.google.com/maps/reviews/data=!4m8!14m7!1m6!2m5!1sChdDSUhNMG9nS0VJQ0FnSURMMzVqaDVBRRAB!2m1!1s0x0:0xc46d9dbd85c4e1e2!3m1!1s2@1:CIHM0ogKEICAgIDL35jh5AE%7C%7C?hl=en","112103706733266174019","10","https://lh3.googleusercontent.com/a-/ALV-UjXVWETR8_Wqxh6_8Y21IWYxzGFCwQmRN17oBAGI3p0UBQojfK0=s1920-c-rp-mo-ba12-br100","https://www.google.com/maps/contrib/112103706733266174019?hl=en","329","2026-10-06T19:23:43.222Z","Direct Detail URL: https://www.google.com/maps?cid=14154142641213989346","5",,,"false","Punctual humble and amazing safari with Malik bro ,really enjoyed with my family great person",,"Dunes Discovery Tourism LLC","5",,"https://www.google.com/maps/search/?api=1&query=Dunes%20Discovery%20Tourism%20LLC&query_place_id=ChIJbWsIEIVEdEER4uHEhb2dbcQ",
,"1522201601161585131","Tour agency","Service establishment","Tour agency","14154142641213989346",,,"0x4174448510086b6d:0xc46d9dbd85c4e1e2",,"https://lh3.googleusercontent.com/grass-cs/AABkmLd2_d1tXdrlH6LWW10pygDnJzaUhEU7C7L75fvzbAv4OYkdlD4LwcGPTtfM0xX8prg6H7I6hKya8LF-YWUiDMb0s1vwi8onlMyPQGQGfLxxP-evkFPGc0oYiPA5qiJVrNSeoCE=w408-h261-k-no","false","false","/g/11vk63ds_v","en","0","24.3539913","53.9485752","chirag zala",,"en","false","ChIJbWsIEIVEdEER4uHEhb2dbcQ",,,"2 years ago","2024-07-02T17:12:20.743Z",,"2024-07-02T17:23:09.000Z","Thanks 🙏 ","ChdDSUhNMG9nS0VJQ0FnSURMbi1fMjBBRRAB",,,,,,,,,"Google","https://www.google.com/maps/reviews/data=!4m8!14m7!1m6!2m5!1sChdDSUhNMG9nS0VJQ0FnSURMbi1fMjBBRRAB!2m1!1s0x0:0xc46d9dbd85c4e1e2!3m1!1s2@1:CIHM0ogKEICAgIDLn-_20AE%7C%7C?hl=en","116084707967646469522","8","https://lh3.googleusercontent.com/a/ACg8ocIoWvWIn1pCTvsN11ydp-A2yjmdivyLBESHZfRk8ZHnhSIoFA=s1920-c-rp-mo-br100","https://www.google.com/maps/contrib/116084707967646469522?hl=en","329","2026-10-06T19:23:43.222Z","Direct Detail URL: https://www.google.com/maps?cid=14154142641213989346","5",,,"false","It was wonderful experience with Malik Bhai and his service I suggest all of you contact with Malik Bhai and Salman Bhai thk u so much for wonderful experience 👌🤟❤️",,"Dunes Discovery Tourism LLC","5",,"https://www.google.com/maps/search/?api=1&query=Dunes%20Discovery%20Tourism%20LLC&query_place_id=ChIJbWsIEIVEdEER4uHEhb2dbcQ",
,"1522201601161585131","Tour agency","Service establishment","Tour agency","14154142641213989346",,,"0x4174448510086b6d:0xc46d9dbd85c4e1e2",,"https://lh3.googleusercontent.com/grass-cs/AABkmLd2_d1tXdrlH6LWW10pygDnJzaUhEU7C7L75fvzbAv4OYkdlD4LwcGPTtfM0xX8prg6H7I6hKya8LF-YWUiDMb0s1vwi8onlMyPQGQGfLxxP-evkFPGc0oYiPA5qiJVrNSeoCE=w408-h261-k-no","false","false","/g/11vk63ds_v","en","0","24.3539913","53.9485752","Bhavin Zala",,"en","false","ChIJbWsIEIVEdEER4uHEhb2dbcQ",,,"2 years ago","2024-06-29T17:47:26.775Z",,"2024-06-29T22:26:08.000Z","Thanks ","ChdDSUhNMG9nS0VJQ0FnSURMN2YySXFnRRAB",,,,,,,,,"Google","https://www.google.com/maps/reviews/data=!4m8!14m7!1m6!2m5!1sChdDSUhNMG9nS0VJQ0FnSURMN2YySXFnRRAB!2m1!1s0x0:0xc46d9dbd85c4e1e2!3m1!1s2@1:CIHM0ogKEICAgIDL7f2IqgE%7C%7C?hl=en","102829052734113267031","7","https://lh3.googleusercontent.com/a-/ALV-UjUfReBgIOHMcWH-vMYb2oR420IBezuZF1ZfyZi_U0rTt3KaoCeI=s1920-c-rp-mo-br100","https://www.google.com/maps/contrib/102829052734113267031?hl=en","329","2026-10-06T19:23:43.222Z","Direct Detail URL: https://www.google.com/maps?cid=14154142641213989346","5",,,"false","We had a excellent experience with explor Dubai.uk
Nd specifically Mr.malik gem of a guy,he served us a satisfying hospitality nd also the service was very satisfying thank u Malik bhai🤗
I must say guys whenever u cum to Dubai contact Mr.malik he will give u gud deal with best services thank you 😊",,"Dunes Discovery Tourism LLC","5",,"https://www.google.com/maps/search/?api=1&query=Dunes%20Discovery%20Tourism%20LLC&query_place_id=ChIJbWsIEIVEdEER4uHEhb2dbcQ",
,"1522201601161585131","Tour agency","Service establishment","Tour agency","14154142641213989346",,,"0x4174448510086b6d:0xc46d9dbd85c4e1e2",,"https://lh3.googleusercontent.com/grass-cs/AABkmLd2_d1tXdrlH6LWW10pygDnJzaUhEU7C7L75fvzbAv4OYkdlD4LwcGPTtfM0xX8prg6H7I6hKya8LF-YWUiDMb0s1vwi8onlMyPQGQGfLxxP-evkFPGc0oYiPA5qiJVrNSeoCE=w408-h261-k-no","false","false","/g/11vk63ds_v","en","0","24.3539913","53.9485752","Sharad Zinzuwadia",,"en","false","ChIJbWsIEIVEdEER4uHEhb2dbcQ",,,"2 years ago","2024-06-29T17:43:30.515Z",,"2024-06-29T22:26:23.000Z","Thanks ","ChdDSUhNMG9nS0VJQ0FnSURMN2EzM3FRRRAB",,,,,,,,,"Google","https://www.google.com/maps/reviews/data=!4m8!14m7!1m6!2m5!1sChdDSUhNMG9nS0VJQ0FnSURMN2EzM3FRRRAB!2m1!1s0x0:0xc46d9dbd85c4e1e2!3m1!1s2@1:CIHM0ogKEICAgIDL7a33qQE%7C%7C?hl=en","114804247977610475576","10","https://lh3.googleusercontent.com/a-/ALV-UjX9MVl_IdaHCdQKYGPeh9zq8hUdR0jAZkfHs64O9oTrm1zNUP5T=s1920-c-rp-mo-br100","https://www.google.com/maps/contrib/114804247977610475576?hl=en","329","2026-10-06T19:23:43.222Z","Direct Detail URL: https://www.google.com/maps?cid=14154142641213989346","5",,,"false","It was so wonderful experience we all enjoyed with Mr.Malik",,"Dunes Discovery Tourism LLC","5",,"https://www.google.com/maps/search/?api=1&query=Dunes%20Discovery%20Tourism%20LLC&query_place_id=ChIJbWsIEIVEdEER4uHEhb2dbcQ",
,"1522201601161585131","Tour agency","Service establishment","Tour agency","14154142641213989346",,,"0x4174448510086b6d:0xc46d9dbd85c4e1e2",,"https://lh3.googleusercontent.com/grass-cs/AABkmLd2_d1tXdrlH6LWW10pygDnJzaUhEU7C7L75fvzbAv4OYkdlD4LwcGPTtfM0xX8prg6H7I6hKya8LF-YWUiDMb0s1vwi8onlMyPQGQGfLxxP-evkFPGc0oYiPA5qiJVrNSeoCE=w408-h261-k-no","false","false","/g/11vk63ds_v","en","0","24.3539913","53.9485752","21 Zainbinfahad",,"en","false","ChIJbWsIEIVEdEER4uHEhb2dbcQ",,,"2 years ago","2024-06-20T17:01:03.408Z",,"2024-06-29T22:26:36.000Z","Thanks ","ChZDSUhNMG9nS0VJQ0FnSUNMaWNlU2F3EAE","https://lh3.googleusercontent.com/grass-cs/ACvplmOzt6TpIHOpTlcK72nmCtYNBlccLX-kDTr20WbLyf-LuYWtqN1YoozsVN9Sa8Dke1zbs2b0DqYZBf9uCzCsp7ScNdCslis7K2PnObB7Ac5U-ej9SvBiI5cwkTPmRQmQPcCB_xyPZA=k-no",,,,,,,,"Google","https://www.google.com/maps/reviews/data=!4m8!14m7!1m6!2m5!1sChZDSUhNMG9nS0VJQ0FnSUNMaWNlU2F3EAE!2m1!1s0x0:0xc46d9dbd85c4e1e2!3m1!1s2@1:CIHM0ogKEICAgICLiceSaw%7C%7C?hl=en","114379963922509378419","1","https://lh3.googleusercontent.com/a-/ALV-UjXJHxQjmTMLxBzkr5QVjpw6rGmj54rC3lavdBaeD4Af2A7i-is=s1920-c-rp-mo-br100","https://www.google.com/maps/contrib/114379963922509378419?hl=en","329","2026-10-06T19:23:43.222Z","Direct Detail URL: https://www.google.com/maps?cid=14154142641213989346","5",,,"false","It was an amazing experience......
Amazing tour.....
Amazing ride
Thank you
Mr. Malik Toooo good",,"Dunes Discovery Tourism LLC","5",,"https://www.google.com/maps/search/?api=1&query=Dunes%20Discovery%20Tourism%20LLC&query_place_id=ChIJbWsIEIVEdEER4uHEhb2dbcQ",
,"1522201601161585131","Tour agency","Service establishment","Tour agency","14154142641213989346",,,"0x4174448510086b6d:0xc46d9dbd85c4e1e2",,"https://lh3.googleusercontent.com/grass-cs/AABkmLd2_d1tXdrlH6LWW10pygDnJzaUhEU7C7L75fvzbAv4OYkdlD4LwcGPTtfM0xX8prg6H7I6hKya8LF-YWUiDMb0s1vwi8onlMyPQGQGfLxxP-evkFPGc0oYiPA5qiJVrNSeoCE=w408-h261-k-no","false","false","/g/11vk63ds_v","en","0","24.3539913","53.9485752","Rodrick White",,"en","false","ChIJbWsIEIVEdEER4uHEhb2dbcQ",,,"2 years ago","2024-06-18T17:27:41.499Z",,"2024-06-29T22:27:14.000Z","Thanks ","ChZDSUhNMG9nS0VJQ0FnSUNMcHZITE9BEAE",,,,,,,,,"Google","https://www.google.com/maps/reviews/data=!4m8!14m7!1m6!2m5!1sChZDSUhNMG9nS0VJQ0FnSUNMcHZITE9BEAE!2m1!1s0x0:0xc46d9dbd85c4e1e2!3m1!1s2@1:CIHM0ogKEICAgICLpvHLOA%7C%7C?hl=en","102803818089369238324","3","https://lh3.googleusercontent.com/a/ACg8ocJrupJrA7eLJvJwznexeNfaGj74h3kSw9xI5vc4BcIVKD5jCw=s1920-c-rp-mo-br100","https://www.google.com/maps/contrib/102803818089369238324?hl=en","329","2026-10-06T19:23:43.222Z","Direct Detail URL: https://www.google.com/maps?cid=14154142641213989346","5",,,"false","Malik, when we initially met you said we were going to have a good time & that I was going to miss you after the outing. You were almost correct. We had an amazing time & we're definitely gonna miss you bruh. Until next time ✌🏾 If anyone is planning a trip to Dubai & is looking for an adventure & good people, contact exploredubai.uk.",,"Dunes Discovery Tourism LLC","5",,"https://www.google.com/maps/search/?api=1&query=Dunes%20Discovery%20Tourism%20LLC&query_place_id=ChIJbWsIEIVEdEER4uHEhb2dbcQ",
,"1522201601161585131","Tour agency","Service establishment","Tour agency","14154142641213989346",,,"0x4174448510086b6d:0xc46d9dbd85c4e1e2",,"https://lh3.googleusercontent.com/grass-cs/AABkmLd2_d1tXdrlH6LWW10pygDnJzaUhEU7C7L75fvzbAv4OYkdlD4LwcGPTtfM0xX8prg6H7I6hKya8LF-YWUiDMb0s1vwi8onlMyPQGQGfLxxP-evkFPGc0oYiPA5qiJVrNSeoCE=w408-h261-k-no","false","false","/g/11vk63ds_v","en","0","24.3539913","53.9485752","nikita singh",,"en","false","ChIJbWsIEIVEdEER4uHEhb2dbcQ",,,"2 years ago","2024-06-18T17:15:13.515Z",,"2024-06-29T22:28:24.000Z","Thanks ","ChdDSUhNMG9nS0VJQ0FnSUNMcG83dTJ3RRAB",,,,,,,,,"Google","https://www.google.com/maps/reviews/data=!4m8!14m7!1m6!2m5!1sChdDSUhNMG9nS0VJQ0FnSUNMcG83dTJ3RRAB!2m1!1s0x0:0xc46d9dbd85c4e1e2!3m1!1s2@1:CIHM0ogKEICAgICLpo7u2wE%7C%7C?hl=en","107597863866053086815","8","https://lh3.googleusercontent.com/a-/ALV-UjVWOPAeNb2_7NBHSvRU1dM9kOYIoJ-U8Ss5kOJZEYuzgfUCrHKH=s1920-c-rp-mo-br100","https://www.google.com/maps/contrib/107597863866053086815?hl=en","329","2026-10-06T19:23:43.222Z","Direct Detail URL: https://www.google.com/maps?cid=14154142641213989346","5",,,"false","We recently had the pleasure of experiencing an incredible desert safari in Dubai with our tour guide, Malik. From the moment we set off in his Land Cruiser, Malik demonstrated exceptional driving skills and a deep knowledge of the desert. The desert camp was equally amazing, featuring mind-blowing performances that left us in awe.

Malik was remarkably humble and generous, always putting our safety and enjoyment first. His attentiveness and warm hospitality ensured that every moment of the safari was perfect. We had an absolute blast and felt well taken care of throughout the entire adventure.

I highly recommend Malik's safari services. For anyone looking to experience the best of Dubai's desert, be sure to visit his website and book a tour. Thank you, Malik, for an amazing experience!",,"Dunes Discovery Tourism LLC","5",,"https://www.google.com/maps/search/?api=1&query=Dunes%20Discovery%20Tourism%20LLC&query_place_id=ChIJbWsIEIVEdEER4uHEhb2dbcQ",
,"1522201601161585131","Tour agency","Service establishment","Tour agency","14154142641213989346",,,"0x4174448510086b6d:0xc46d9dbd85c4e1e2",,"https://lh3.googleusercontent.com/grass-cs/AABkmLd2_d1tXdrlH6LWW10pygDnJzaUhEU7C7L75fvzbAv4OYkdlD4LwcGPTtfM0xX8prg6H7I6hKya8LF-YWUiDMb0s1vwi8onlMyPQGQGfLxxP-evkFPGc0oYiPA5qiJVrNSeoCE=w408-h261-k-no","false","true","/g/11vk63ds_v","en","0","24.3539913","53.9485752","Megawaty Tjin",,"en","false","ChIJbWsIEIVEdEER4uHEhb2dbcQ",,,"2 years ago","2024-06-17T05:55:39.503Z",,"2024-06-29T22:28:34.000Z","Thanks ","ChZDSUhNMG9nS0VJQ0FnSUNMb3ItWER3EAE",,,,,,,,,"Google","https://www.google.com/maps/reviews/data=!4m8!14m7!1m6!2m5!1sChZDSUhNMG9nS0VJQ0FnSUNMb3ItWER3EAE!2m1!1s0x0:0xc46d9dbd85c4e1e2!3m1!1s2@1:CIHM0ogKEICAgICLor-XDw%7C%7C?hl=en","102485714057704075519","12","https://lh3.googleusercontent.com/a/ACg8ocIFNEXbHlCHxknPXUMtbwFP2i69pv1d2booCKBNaMCNKS1xCA=s1920-c-rp-mo-ba12-br100","https://www.google.com/maps/contrib/102485714057704075519?hl=en","329","2026-10-06T19:23:43.222Z","Direct Detail URL: https://www.google.com/maps?cid=14154142641213989346","5",,,"false","We had a great time with Malik in this safari tour. He is a nice guy with a good driving skills. Overall, you get what you paid for. Thank you Malik for the best day ever in the dune. God bless you, inşallah we will meet up again.",,"Dunes Discovery Tourism LLC","5",,"https://www.google.com/maps/search/?api=1&query=Dunes%20Discovery%20Tourism%20LLC&query_place_id=ChIJbWsIEIVEdEER4uHEhb2dbcQ",
,"1522201601161585131","Tour agency","Service establishment","Tour agency","14154142641213989346",,,"0x4174448510086b6d:0xc46d9dbd85c4e1e2",,"https://lh3.googleusercontent.com/grass-cs/AABkmLd2_d1tXdrlH6LWW10pygDnJzaUhEU7C7L75fvzbAv4OYkdlD4LwcGPTtfM0xX8prg6H7I6hKya8LF-YWUiDMb0s1vwi8onlMyPQGQGfLxxP-evkFPGc0oYiPA5qiJVrNSeoCE=w408-h261-k-no","false","false","/g/11vk63ds_v","en","1","24.3539913","53.9485752","Athena Varvaressos",,"en","false","ChIJbWsIEIVEdEER4uHEhb2dbcQ",,,"2 years ago","2024-06-16T17:26:27.377Z",,"2024-06-16T18:12:42.000Z","Thank you","ChdDSUhNMG9nS0VJQ0FnSUNMdko3ejV3RRAB",,,,,,,,,"Google","https://www.google.com/maps/reviews/data=!4m8!14m7!1m6!2m5!1sChdDSUhNMG9nS0VJQ0FnSUNMdko3ejV3RRAB!2m1!1s0x0:0xc46d9dbd85c4e1e2!3m1!1s2@1:CIHM0ogKEICAgICLvJ7z5wE%7C%7C?hl=en","114866850921093863963","2","https://lh3.googleusercontent.com/a/ACg8ocIwNIdpqOzlmj3GBBifxp1oW1iag73_fyORk9bTRhUl5gko3A=s1920-c-rp-mo-br100","https://www.google.com/maps/contrib/114866850921093863963?hl=en","329","2026-10-06T19:23:43.222Z","Direct Detail URL: https://www.google.com/maps?cid=14154142641213989346","5",,,"false","Malik was hospitable, punctual and an amazing host. His sand dune driving was exceptional. Definitely recommend 💥",,"Dunes Discovery Tourism LLC","5",,"https://www.google.com/maps/search/?api=1&query=Dunes%20Discovery%20Tourism%20LLC&query_place_id=ChIJbWsIEIVEdEER4uHEhb2dbcQ",
,"1522201601161585131","Tour agency","Service establishment","Tour agency","14154142641213989346",,,"0x4174448510086b6d:0xc46d9dbd85c4e1e2",,"https://lh3.googleusercontent.com/grass-cs/AABkmLd2_d1tXdrlH6LWW10pygDnJzaUhEU7C7L75fvzbAv4OYkdlD4LwcGPTtfM0xX8prg6H7I6hKya8LF-YWUiDMb0s1vwi8onlMyPQGQGfLxxP-evkFPGc0oYiPA5qiJVrNSeoCE=w408-h261-k-no","false","false","/g/11vk63ds_v","en","1","24.3539913","53.9485752","Pamela Varvaressos",,"en","false","ChIJbWsIEIVEdEER4uHEhb2dbcQ",,,"2 years ago","2024-06-16T17:25:30.259Z",,"2024-06-16T18:12:57.000Z","Thanks","ChZDSUhNMG9nS0VJQ0FnSUNMdko2NFVREAE",,,,,,,,,"Google","https://www.google.com/maps/reviews/data=!4m8!14m7!1m6!2m5!1sChZDSUhNMG9nS0VJQ0FnSUNMdko2NFVREAE!2m1!1s0x0:0xc46d9dbd85c4e1e2!3m1!1s2@1:CIHM0ogKEICAgICLvJ64UQ%7C%7C?hl=en","108220176145360760405","1","https://lh3.googleusercontent.com/a-/ALV-UjVm397XitBaGYPWSksH0wFTsrxez68mkDx1bxEqvyRuENgs3Bp1=s1920-c-rp-mo-br100","https://www.google.com/maps/contrib/108220176145360760405?hl=en","329","2026-10-06T19:23:43.222Z","Direct Detail URL: https://www.google.com/maps?cid=14154142641213989346","5",,,"false","Very good experience.",,"Dunes Discovery Tourism LLC","5",,"https://www.google.com/maps/search/?api=1&query=Dunes%20Discovery%20Tourism%20LLC&query_place_id=ChIJbWsIEIVEdEER4uHEhb2dbcQ",
,"1522201601161585131","Tour agency","Service establishment","Tour agency","14154142641213989346",,,"0x4174448510086b6d:0xc46d9dbd85c4e1e2",,"https://lh3.googleusercontent.com/grass-cs/AABkmLd2_d1tXdrlH6LWW10pygDnJzaUhEU7C7L75fvzbAv4OYkdlD4LwcGPTtfM0xX8prg6H7I6hKya8LF-YWUiDMb0s1vwi8onlMyPQGQGfLxxP-evkFPGc0oYiPA5qiJVrNSeoCE=w408-h261-k-no","false","false","/g/11vk63ds_v","en","1","24.3539913","53.9485752","sara m",,"en","false","ChIJbWsIEIVEdEER4uHEhb2dbcQ",,,"2 years ago","2024-06-02T16:40:18.654Z",,"2024-06-03T08:19:47.000Z","Thanks 🙏 ","ChZDSUhNMG9nS0VJQ0FnSUN6b2R1dWZ3EAE",,,,,,,,,"Google","https://www.google.com/maps/reviews/data=!4m8!14m7!1m6!2m5!1sChZDSUhNMG9nS0VJQ0FnSUN6b2R1dWZ3EAE!2m1!1s0x0:0xc46d9dbd85c4e1e2!3m1!1s2@1:CIHM0ogKEICAgICzoduufw%7C%7C?hl=en","112950962479247746701","3","https://lh3.googleusercontent.com/a/ACg8ocJnFdlyq2mdMvAvuJXPB4QLCq-h7KCaIYzZexTBADctvN_3_Q=s1920-c-rp-mo-br100","https://www.google.com/maps/contrib/112950962479247746701?hl=en","329","2026-10-06T19:23:43.222Z","Direct Detail URL: https://www.google.com/maps?cid=14154142641213989346","5",,,"false","Overall, 10/10 experience. Dune bashing was so fun, and the buggy’s and camels were a great experience. The food was also really nice and entertainment at the camp was enjoyable. Would definitely recommend!",,"Dunes Discovery Tourism LLC","5",,"https://www.google.com/maps/search/?api=1&query=Dunes%20Discovery%20Tourism%20LLC&query_place_id=ChIJbWsIEIVEdEER4uHEhb2dbcQ",
,"1522201601161585131","Tour agency","Service establishment","Tour agency","14154142641213989346",,,"0x4174448510086b6d:0xc46d9dbd85c4e1e2",,"https://lh3.googleusercontent.com/grass-cs/AABkmLd2_d1tXdrlH6LWW10pygDnJzaUhEU7C7L75fvzbAv4OYkdlD4LwcGPTtfM0xX8prg6H7I6hKya8LF-YWUiDMb0s1vwi8onlMyPQGQGfLxxP-evkFPGc0oYiPA5qiJVrNSeoCE=w408-h261-k-no","false","false","/g/11vk63ds_v","en","1","24.3539913","53.9485752","Mustafa Saadi",,"en","false","ChIJbWsIEIVEdEER4uHEhb2dbcQ",,,"2 years ago","2024-05-31T18:05:00.432Z",,"2024-06-01T08:20:01.000Z","Thanks 🙏 ","ChZDSUhNMG9nS0VJQ0FnSUN6M1AzQVh3EAE","https://lh3.googleusercontent.com/grass-cs/ACvplmO22XdAocTb9Pu8vHYPbqZw43doJxJgEKjulzguLWsswhfaiDTz94ZyNLPgN2T4d0XHp1VKZDGVNywaWZjubYEbMzL1MvhzY23UHVGsAeIAOXnujxSPLfC3xJrD_mZ23IN1xZzsCw=k-no",,,,,,,,"Google","https://www.google.com/maps/reviews/data=!4m8!14m7!1m6!2m5!1sChZDSUhNMG9nS0VJQ0FnSUN6M1AzQVh3EAE!2m1!1s0x0:0xc46d9dbd85c4e1e2!3m1!1s2@1:CIHM0ogKEICAgICz3P3AXw%7C%7C?hl=en","108171371806159702819","1","https://lh3.googleusercontent.com/a/ACg8ocLY7wfWLiwJiYjXSp18PacI6OOB_Wym6VM445r3fZE5Luu0RQ=s1920-c-rp-mo-br100","https://www.google.com/maps/contrib/108171371806159702819?hl=en","329","2026-10-06T19:23:43.222Z","Direct Detail URL: https://www.google.com/maps?cid=14154142641213989346","5",,,"false","Malik Zubair Safari dubai
Experience very good
This Guy is very
I have traveled many places but this guy is amazing very helpful nature
Humble person",,"Dunes Discovery Tourism LLC","5",,"https://www.google.com/maps/search/?api=1&query=Dunes%20Discovery%20Tourism%20LLC&query_place_id=ChIJbWsIEIVEdEER4uHEhb2dbcQ",
,"1522201601161585131","Tour agency","Service establishment","Tour agency","14154142641213989346",,,"0x4174448510086b6d:0xc46d9dbd85c4e1e2",,"https://lh3.googleusercontent.com/grass-cs/AABkmLd2_d1tXdrlH6LWW10pygDnJzaUhEU7C7L75fvzbAv4OYkdlD4LwcGPTtfM0xX8prg6H7I6hKya8LF-YWUiDMb0s1vwi8onlMyPQGQGfLxxP-evkFPGc0oYiPA5qiJVrNSeoCE=w408-h261-k-no","false","false","/g/11vk63ds_v","en","1","24.3539913","53.9485752","Naser Khulagi",,"en","false","ChIJbWsIEIVEdEER4uHEhb2dbcQ",,,"2 years ago","2024-05-31T18:04:14.303Z",,"2024-06-01T08:20:16.000Z","Thanks 🙏 ","ChZDSUhNMG9nS0VJQ0FnSUN6M04yN0d3EAE",,,,,,,,,"Google","https://www.google.com/maps/reviews/data=!4m8!14m7!1m6!2m5!1sChZDSUhNMG9nS0VJQ0FnSUN6M04yN0d3EAE!2m1!1s0x0:0xc46d9dbd85c4e1e2!3m1!1s2@1:CIHM0ogKEICAgICz3N27Gw%7C%7C?hl=en","108287784466672759067","2","https://lh3.googleusercontent.com/a/ACg8ocI6_iEW6rXHoL23TF6L497aA6uILkac7nxqrm0FmEzO1G87Jg=s1920-c-rp-mo-br100","https://www.google.com/maps/contrib/108287784466672759067?hl=en","329","2026-10-06T19:23:43.222Z","Direct Detail URL: https://www.google.com/maps?cid=14154142641213989346","5",,,"false","I booked Desert Safari
It was amazing and zubair is very helpful",,"Dunes Discovery Tourism LLC","5",,"https://www.google.com/maps/search/?api=1&query=Dunes%20Discovery%20Tourism%20LLC&query_place_id=ChIJbWsIEIVEdEER4uHEhb2dbcQ",
,"1522201601161585131","Tour agency","Service establishment","Tour agency","14154142641213989346",,,"0x4174448510086b6d:0xc46d9dbd85c4e1e2",,"https://lh3.googleusercontent.com/grass-cs/AABkmLd2_d1tXdrlH6LWW10pygDnJzaUhEU7C7L75fvzbAv4OYkdlD4LwcGPTtfM0xX8prg6H7I6hKya8LF-YWUiDMb0s1vwi8onlMyPQGQGfLxxP-evkFPGc0oYiPA5qiJVrNSeoCE=w408-h261-k-no","false","false","/g/11vk63ds_v","en","1","24.3539913","53.9485752","Saud Alkatheri",,"en","false","ChIJbWsIEIVEdEER4uHEhb2dbcQ",,,"2 years ago","2024-05-31T18:02:25.973Z",,"2024-06-01T08:20:27.000Z","Thanks 🙏 ","ChZDSUhNMG9nS0VJQ0FnSUN6M1BYT1lnEAE",,,,,,,,,"Google","https://www.google.com/maps/reviews/data=!4m8!14m7!1m6!2m5!1sChZDSUhNMG9nS0VJQ0FnSUN6M1BYT1lnEAE!2m1!1s0x0:0xc46d9dbd85c4e1e2!3m1!1s2@1:CIHM0ogKEICAgICz3PXOYg%7C%7C?hl=en","107728705411849109786","6","https://lh3.googleusercontent.com/a-/ALV-UjUnXYMmrnyGLne3omjTy35lPIlluxfJGzMKCFFdVNmOBGpesyBLdg=s1920-c-rp-mo-br100","https://www.google.com/maps/contrib/107728705411849109786?hl=en","329","2026-10-06T19:23:43.222Z","Direct Detail URL: https://www.google.com/maps?cid=14154142641213989346","5",,,"false","New cars and excellent service",,"Dunes Discovery Tourism LLC","5",,"https://www.google.com/maps/search/?api=1&query=Dunes%20Discovery%20Tourism%20LLC&query_place_id=ChIJbWsIEIVEdEER4uHEhb2dbcQ",
,"1522201601161585131","Tour agency","Service establishment","Tour agency","14154142641213989346",,,"0x4174448510086b6d:0xc46d9dbd85c4e1e2",,"https://lh3.googleusercontent.com/grass-cs/AABkmLd2_d1tXdrlH6LWW10pygDnJzaUhEU7C7L75fvzbAv4OYkdlD4LwcGPTtfM0xX8prg6H7I6hKya8LF-YWUiDMb0s1vwi8onlMyPQGQGfLxxP-evkFPGc0oYiPA5qiJVrNSeoCE=w408-h261-k-no","false","false","/g/11vk63ds_v","en","1","24.3539913","53.9485752","Emre Onek",,"en","false","ChIJbWsIEIVEdEER4uHEhb2dbcQ",,,"2 years ago","2024-05-30T16:39:33.905Z",,"2024-05-30T17:12:46.000Z","Thanks 🙏 soo much ","ChZDSUhNMG9nS0VJQ0FnSUN6dU1pNEtBEAE",,,,,,,,,"Google","https://www.google.com/maps/reviews/data=!4m8!14m7!1m6!2m5!1sChZDSUhNMG9nS0VJQ0FnSUN6dU1pNEtBEAE!2m1!1s0x0:0xc46d9dbd85c4e1e2!3m1!1s2@1:CIHM0ogKEICAgICzuMi4KA%7C%7C?hl=en","105703488266701714222","3","https://lh3.googleusercontent.com/a-/ALV-UjVb6trMZO-J5Sup3jhxxTs1B6Qk7qRq1KI6hNkN29ZpzyNmb3PL=s1920-c-rp-mo-br100","https://www.google.com/maps/contrib/105703488266701714222?hl=en","329","2026-10-06T19:23:43.222Z","Direct Detail URL: https://www.google.com/maps?cid=14154142641213989346","5",,,"false","It was amazing experience for us! Thank you for this journey.",,"Dunes Discovery Tourism LLC","5",,"https://www.google.com/maps/search/?api=1&query=Dunes%20Discovery%20Tourism%20LLC&query_place_id=ChIJbWsIEIVEdEER4uHEhb2dbcQ",
,"1522201601161585131","Tour agency","Service establishment","Tour agency","14154142641213989346",,,"0x4174448510086b6d:0xc46d9dbd85c4e1e2",,"https://lh3.googleusercontent.com/grass-cs/AABkmLd2_d1tXdrlH6LWW10pygDnJzaUhEU7C7L75fvzbAv4OYkdlD4LwcGPTtfM0xX8prg6H7I6hKya8LF-YWUiDMb0s1vwi8onlMyPQGQGfLxxP-evkFPGc0oYiPA5qiJVrNSeoCE=w408-h261-k-no","false","false","/g/11vk63ds_v","en","1","24.3539913","53.9485752","Mohit Taneja",,"en","false","ChIJbWsIEIVEdEER4uHEhb2dbcQ",,,"2 years ago","2024-05-26T17:04:26.161Z",,"2024-05-26T17:17:24.000Z","Thanks 🙏 ","ChdDSUhNMG9nS0VJQ0FnSURUemRHMm9BRRAB","https://lh3.googleusercontent.com/grass-cs/ACvplmPTuqFqPS4cnKVIf48pyLmt-IKd7pXmhBZ5s47zn8hvLR8dqlcAFKEWJfIb_a0B9-J5LyMfxQExTd09dR7tutjJ30YIe_2Br0RgPqrsbateqDruaTuqEpncsuLZEEu6mk1IW6SK=k-no",,,,,,,,"Google","https://www.google.com/maps/reviews/data=!4m8!14m7!1m6!2m5!1sChdDSUhNMG9nS0VJQ0FnSURUemRHMm9BRRAB!2m1!1s0x0:0xc46d9dbd85c4e1e2!3m1!1s2@1:CIHM0ogKEICAgIDTzdG2oAE%7C%7C?hl=en","106903874109128205701","6","https://lh3.googleusercontent.com/a/ACg8ocLiGtT7veI4xzSq--9oHDdrLAgsXj2FwP7gRNAviwdSUcbOWw=s1920-c-rp-mo-br100","https://www.google.com/maps/contrib/106903874109128205701?hl=en","329","2026-10-06T19:23:43.222Z","Direct Detail URL: https://www.google.com/maps?cid=14154142641213989346","5",,,"false","Mr Malik Guided properly
excEllent Experience",,"Dunes Discovery Tourism LLC","5",,"https://www.google.com/maps/search/?api=1&query=Dunes%20Discovery%20Tourism%20LLC&query_place_id=ChIJbWsIEIVEdEER4uHEhb2dbcQ",
,"1522201601161585131","Tour agency","Service establishment","Tour agency","14154142641213989346",,,"0x4174448510086b6d:0xc46d9dbd85c4e1e2",,"https://lh3.googleusercontent.com/grass-cs/AABkmLd2_d1tXdrlH6LWW10pygDnJzaUhEU7C7L75fvzbAv4OYkdlD4LwcGPTtfM0xX8prg6H7I6hKya8LF-YWUiDMb0s1vwi8onlMyPQGQGfLxxP-evkFPGc0oYiPA5qiJVrNSeoCE=w408-h261-k-no","false","true","/g/11vk63ds_v","en","1","24.3539913","53.9485752","jibin varghese",,"en","false","ChIJbWsIEIVEdEER4uHEhb2dbcQ",,,"2 years ago","2024-05-24T16:56:24.268Z",,"2024-05-26T17:18:24.000Z","Thank you","ChZDSUhNMG9nS0VJQ0FnSURUanV1RlV3EAE",,,,,,,,,"Google","https://www.google.com/maps/reviews/data=!4m8!14m7!1m6!2m5!1sChZDSUhNMG9nS0VJQ0FnSURUanV1RlV3EAE!2m1!1s0x0:0xc46d9dbd85c4e1e2!3m1!1s2@1:CIHM0ogKEICAgIDTjuuFUw%7C%7C?hl=en","104439389592450553405","32","https://lh3.googleusercontent.com/a-/ALV-UjUh0MKDyhZna9Qgw38ip7PKSPRPMjNaJ-aMfF9e5dOrXK6ajotD=s1920-c-rp-mo-ba12-br100","https://www.google.com/maps/contrib/104439389592450553405?hl=en","329","2026-10-06T19:23:43.222Z","Direct Detail URL: https://www.google.com/maps?cid=14154142641213989346","4",,,"false","Very nice experience",,"Dunes Discovery Tourism LLC","5",,"https://www.google.com/maps/search/?api=1&query=Dunes%20Discovery%20Tourism%20LLC&query_place_id=ChIJbWsIEIVEdEER4uHEhb2dbcQ",
,"1522201601161585131","Tour agency","Service establishment","Tour agency","14154142641213989346",,,"0x4174448510086b6d:0xc46d9dbd85c4e1e2",,"https://lh3.googleusercontent.com/grass-cs/AABkmLd2_d1tXdrlH6LWW10pygDnJzaUhEU7C7L75fvzbAv4OYkdlD4LwcGPTtfM0xX8prg6H7I6hKya8LF-YWUiDMb0s1vwi8onlMyPQGQGfLxxP-evkFPGc0oYiPA5qiJVrNSeoCE=w408-h261-k-no","false","true","/g/11vk63ds_v","en","1","24.3539913","53.9485752","Jobin Varghese",,"en","false","ChIJbWsIEIVEdEER4uHEhb2dbcQ",,,"2 years ago","2024-05-24T16:55:48.044Z",,"2024-05-26T17:18:42.000Z","Thanks","ChdDSUhNMG9nS0VJQ0FnSURUanJ1QXhBRRAB",,,,,,,,,"Google","https://www.google.com/maps/reviews/data=!4m8!14m7!1m6!2m5!1sChdDSUhNMG9nS0VJQ0FnSURUanJ1QXhBRRAB!2m1!1s0x0:0xc46d9dbd85c4e1e2!3m1!1s2@1:CIHM0ogKEICAgIDTjruAxAE%7C%7C?hl=en","106098709842801724965","25","https://lh3.googleusercontent.com/a-/ALV-UjWqwuOVyvIPXP4zYQwzKOOS0OdQ7puiq-q6dfUE-JN0GN_EyGw=s1920-c-rp-mo-ba12-br100","https://www.google.com/maps/contrib/106098709842801724965?hl=en","329","2026-10-06T19:23:43.222Z","Direct Detail URL: https://www.google.com/maps?cid=14154142641213989346","5",,,"false","Great desert safari experience. Specially malik was great guide & fantastic driver with his expertise in dune bashing and great driving skills. Highly recommended Malik.",,"Dunes Discovery Tourism LLC","5",,"https://www.google.com/maps/search/?api=1&query=Dunes%20Discovery%20Tourism%20LLC&query_place_id=ChIJbWsIEIVEdEER4uHEhb2dbcQ",
,"1522201601161585131","Tour agency","Service establishment","Tour agency","14154142641213989346",,,"0x4174448510086b6d:0xc46d9dbd85c4e1e2",,"https://lh3.googleusercontent.com/grass-cs/AABkmLd2_d1tXdrlH6LWW10pygDnJzaUhEU7C7L75fvzbAv4OYkdlD4LwcGPTtfM0xX8prg6H7I6hKya8LF-YWUiDMb0s1vwi8onlMyPQGQGfLxxP-evkFPGc0oYiPA5qiJVrNSeoCE=w408-h261-k-no","false","false","/g/11vk63ds_v","en","1","24.3539913","53.9485752","Rami Chahoud",,"en","false","ChIJbWsIEIVEdEER4uHEhb2dbcQ",,,"2 years ago","2024-05-18T15:01:42.910Z",,"2024-05-26T17:18:51.000Z","Thanks ","ChZDSUhNMG9nS0VJQ0FnSUNUb19HRVNBEAE",,,,,,,,,"Google","https://www.google.com/maps/reviews/data=!4m8!14m7!1m6!2m5!1sChZDSUhNMG9nS0VJQ0FnSUNUb19HRVNBEAE!2m1!1s0x0:0xc46d9dbd85c4e1e2!3m1!1s2@1:CIHM0ogKEICAgICTo_GESA%7C%7C?hl=en","105001299513546708525","3","https://lh3.googleusercontent.com/a/ACg8ocJwMN_BKX5dXzGLDOFyMstdsVo-AfwuTsEWmpRePhRqF-QLkA=s1920-c-rp-mo-br100","https://www.google.com/maps/contrib/105001299513546708525?hl=en","329","2026-10-06T19:23:43.222Z","Direct Detail URL: https://www.google.com/maps?cid=14154142641213989346","5",,,"false","Thanks Malik zubair best driver",,"Dunes Discovery Tourism LLC","5",,"https://www.google.com/maps/search/?api=1&query=Dunes%20Discovery%20Tourism%20LLC&query_place_id=ChIJbWsIEIVEdEER4uHEhb2dbcQ",
,"1522201601161585131","Tour agency","Service establishment","Tour agency","14154142641213989346",,,"0x4174448510086b6d:0xc46d9dbd85c4e1e2",,"https://lh3.googleusercontent.com/grass-cs/AABkmLd2_d1tXdrlH6LWW10pygDnJzaUhEU7C7L75fvzbAv4OYkdlD4LwcGPTtfM0xX8prg6H7I6hKya8LF-YWUiDMb0s1vwi8onlMyPQGQGfLxxP-evkFPGc0oYiPA5qiJVrNSeoCE=w408-h261-k-no","false","true","/g/11vk63ds_v","en","1","24.3539913","53.9485752","Deelan V",,"en","false","ChIJbWsIEIVEdEER4uHEhb2dbcQ",,,"2 years ago","2024-05-12T16:30:40.445Z",,"2024-05-12T16:55:46.000Z","Thanks 🙏 ","ChZDSUhNMG9nS0VJQ0FnSUNUb29PSUVBEAE",,,,,,,,,"Google","https://www.google.com/maps/reviews/data=!4m8!14m7!1m6!2m5!1sChZDSUhNMG9nS0VJQ0FnSUNUb29PSUVBEAE!2m1!1s0x0:0xc46d9dbd85c4e1e2!3m1!1s2@1:CIHM0ogKEICAgICTooOIEA%7C%7C?hl=en","100009090222396506007","17","https://lh3.googleusercontent.com/a-/ALV-UjWn3QfUduqdLigdjdA6M8xHK1rgZqEBSMMcY3CWUOYimp9R77HH=s1920-c-rp-mo-ba12-br100","https://www.google.com/maps/contrib/100009090222396506007?hl=en","329","2026-10-06T19:23:43.222Z","Direct Detail URL: https://www.google.com/maps?cid=14154142641213989346","5",,,"false","Really careful guide, looked after us and made sure we were happy. Excellent driver. Unique and wonderful experience. Would recommend Malik Zubair if you want to experience Dune Bashing!",,"Dunes Discovery Tourism LLC","5",,"https://www.google.com/maps/search/?api=1&query=Dunes%20Discovery%20Tourism%20LLC&query_place_id=ChIJbWsIEIVEdEER4uHEhb2dbcQ",
,"1522201601161585131","Tour agency","Service establishment","Tour agency","14154142641213989346",,,"0x4174448510086b6d:0xc46d9dbd85c4e1e2",,"https://lh3.googleusercontent.com/grass-cs/AABkmLd2_d1tXdrlH6LWW10pygDnJzaUhEU7C7L75fvzbAv4OYkdlD4LwcGPTtfM0xX8prg6H7I6hKya8LF-YWUiDMb0s1vwi8onlMyPQGQGfLxxP-evkFPGc0oYiPA5qiJVrNSeoCE=w408-h261-k-no","false","false","/g/11vk63ds_v","en","1","24.3539913","53.9485752","adeel patras",,"en","false","ChIJbWsIEIVEdEER4uHEhb2dbcQ",,,"2 years ago","2024-05-11T16:33:46.695Z",,"2024-05-11T17:43:50.000Z","Thank you 😇","ChdDSUhNMG9nS0VJQ0FnSUNUOUs3WC1nRRAB",,,,,,,,,"Google","https://www.google.com/maps/reviews/data=!4m8!14m7!1m6!2m5!1sChdDSUhNMG9nS0VJQ0FnSUNUOUs3WC1nRRAB!2m1!1s0x0:0xc46d9dbd85c4e1e2!3m1!1s2@1:CIHM0ogKEICAgICT9K7X-gE%7C%7C?hl=en","101073134368562255166","4","https://lh3.googleusercontent.com/a/ACg8ocIvqKmY-1Bz2by1Pcun1Gqa3JKLULeava7xCUR-aY8uRmyiQw=s1920-c-rp-mo-br100","https://www.google.com/maps/contrib/101073134368562255166?hl=en","329","2026-10-06T19:23:43.222Z","Direct Detail URL: https://www.google.com/maps?cid=14154142641213989346","5",,,"false","Best safari guide had amazing time
Very experienced friendly supportive highly recommend to go with Malik one of the best desert safari expert in dubai.",,"Dunes Discovery Tourism LLC","5",,"https://www.google.com/maps/search/?api=1&query=Dunes%20Discovery%20Tourism%20LLC&query_place_id=ChIJbWsIEIVEdEER4uHEhb2dbcQ",
,"1522201601161585131","Tour agency","Service establishment","Tour agency","14154142641213989346",,,"0x4174448510086b6d:0xc46d9dbd85c4e1e2",,"https://lh3.googleusercontent.com/grass-cs/AABkmLd2_d1tXdrlH6LWW10pygDnJzaUhEU7C7L75fvzbAv4OYkdlD4LwcGPTtfM0xX8prg6H7I6hKya8LF-YWUiDMb0s1vwi8onlMyPQGQGfLxxP-evkFPGc0oYiPA5qiJVrNSeoCE=w408-h261-k-no","false","false","/g/11vk63ds_v","en","1","24.3539913","53.9485752","HUSSAIN SAIFEE",,"en","false","ChIJbWsIEIVEdEER4uHEhb2dbcQ",,,"2 years ago","2024-05-04T16:54:34.895Z",,"2024-05-04T17:05:08.000Z","Thank you😇","ChdDSUhNMG9nS0VJQ0FnSURqaWEyb3dBRRAB",,,,,,,,,"Google","https://www.google.com/maps/reviews/data=!4m8!14m7!1m6!2m5!1sChdDSUhNMG9nS0VJQ0FnSURqaWEyb3dBRRAB!2m1!1s0x0:0xc46d9dbd85c4e1e2!3m1!1s2@1:CIHM0ogKEICAgIDjia2owAE%7C%7C?hl=en","102083927161359225371","7","https://lh3.googleusercontent.com/a-/ALV-UjUmK8geeconHz1PVh8l1D72RIBp9ZToXzui87oikZtBruMZjTM0=s1920-c-rp-mo-br100","https://www.google.com/maps/contrib/102083927161359225371?hl=en","329","2026-10-06T19:23:43.222Z","Direct Detail URL: https://www.google.com/maps?cid=14154142641213989346","5",,,"false","We had great time with Explore Dubai services.. Amazing service by Mr.Malik.. Thankyou",,"Dunes Discovery Tourism LLC","5",,"https://www.google.com/maps/search/?api=1&query=Dunes%20Discovery%20Tourism%20LLC&query_place_id=ChIJbWsIEIVEdEER4uHEhb2dbcQ",
,"1522201601161585131","Tour agency","Service establishment","Tour agency","14154142641213989346",,,"0x4174448510086b6d:0xc46d9dbd85c4e1e2",,"https://lh3.googleusercontent.com/grass-cs/AABkmLd2_d1tXdrlH6LWW10pygDnJzaUhEU7C7L75fvzbAv4OYkdlD4LwcGPTtfM0xX8prg6H7I6hKya8LF-YWUiDMb0s1vwi8onlMyPQGQGfLxxP-evkFPGc0oYiPA5qiJVrNSeoCE=w408-h261-k-no","false","true","/g/11vk63ds_v","en","0","24.3539913","53.9485752","Hussain Kantawala",,"en","false","ChIJbWsIEIVEdEER4uHEhb2dbcQ",,,"2 years ago","2024-05-04T16:52:25.686Z",,"2024-05-04T17:05:36.000Z","Thanks you😇","ChdDSUhNMG9nS0VJQ0FnSURqaWZXdHpBRRAB","https://lh3.googleusercontent.com/grass-cs/ACvplmNkPFpLjfhFT5DcOi7er6Jg0mGhZl8lefte6LUuIrO892rhL9gnhSDjr-228bV8cSQoSjmcBBMV6XrvvfHzH5oFuV3p0DcwjLynD3p4LFPPZohEMY1tEN2uVOnPjbVkWyTRulgl=k-no",,,,,,,,"Google","https://www.google.com/maps/reviews/data=!4m8!14m7!1m6!2m5!1sChdDSUhNMG9nS0VJQ0FnSURqaWZXdHpBRRAB!2m1!1s0x0:0xc46d9dbd85c4e1e2!3m1!1s2@1:CIHM0ogKEICAgIDjifWtzAE%7C%7C?hl=en","105779213904919445756","51","https://lh3.googleusercontent.com/a/ACg8ocK_gUOQWQpcW_sdTmJZ6Ew4fP8rqB8pRHr0nqdKTh_k2ZSUbA=s1920-c-rp-mo-ba12-br100","https://www.google.com/maps/contrib/105779213904919445756?hl=en","329","2026-10-06T19:23:43.222Z","Direct Detail URL: https://www.google.com/maps?cid=14154142641213989346","5",,,"false","Had a good experience with Mr Malik.
Very professional and explained each and everything in details.
Unlike others he gave us special discounts for the buggy rides.
Highly recommended.
The desert ride was amazing and the driving skills are on point.",,"Dunes Discovery Tourism LLC","5",,"https://www.google.com/maps/search/?api=1&query=Dunes%20Discovery%20Tourism%20LLC&query_place_id=ChIJbWsIEIVEdEER4uHEhb2dbcQ",
,"1522201601161585131","Tour agency","Service establishment","Tour agency","14154142641213989346",,,"0x4174448510086b6d:0xc46d9dbd85c4e1e2",,"https://lh3.googleusercontent.com/grass-cs/AABkmLd2_d1tXdrlH6LWW10pygDnJzaUhEU7C7L75fvzbAv4OYkdlD4LwcGPTtfM0xX8prg6H7I6hKya8LF-YWUiDMb0s1vwi8onlMyPQGQGfLxxP-evkFPGc0oYiPA5qiJVrNSeoCE=w408-h261-k-no","false","false","/g/11vk63ds_v","en","1","24.3539913","53.9485752","Amanda Ibner",,"en","false","ChIJbWsIEIVEdEER4uHEhb2dbcQ",,,"2 years ago","2024-05-03T16:47:12.234Z",,"2024-05-03T18:00:18.000Z","Thank you😇","ChdDSUhNMG9nS0VJQ0FnSURqM3IyRF93RRAB",,,,,,,,,"Google","https://www.google.com/maps/reviews/data=!4m8!14m7!1m6!2m5!1sChdDSUhNMG9nS0VJQ0FnSURqM3IyRF93RRAB!2m1!1s0x0:0xc46d9dbd85c4e1e2!3m1!1s2@1:CIHM0ogKEICAgIDj3r2D_wE%7C%7C?hl=en","107511866147551980774","3","https://lh3.googleusercontent.com/a/ACg8ocKpvaScGDDGQHyLB3b2zymS5iBg72s9YjZ32y0QnzevTVHvnA=s1920-c-rp-mo-br100","https://www.google.com/maps/contrib/107511866147551980774?hl=en","329","2026-10-06T19:23:43.222Z","Direct Detail URL: https://www.google.com/maps?cid=14154142641213989346","5",,,"false","Amazing time! Highly recommended",,"Dunes Discovery Tourism LLC","5",,"https://www.google.com/maps/search/?api=1&query=Dunes%20Discovery%20Tourism%20LLC&query_place_id=ChIJbWsIEIVEdEER4uHEhb2dbcQ",
,"1522201601161585131","Tour agency","Service establishment","Tour agency","14154142641213989346",,,"0x4174448510086b6d:0xc46d9dbd85c4e1e2",,"https://lh3.googleusercontent.com/grass-cs/AABkmLd2_d1tXdrlH6LWW10pygDnJzaUhEU7C7L75fvzbAv4OYkdlD4LwcGPTtfM0xX8prg6H7I6hKya8LF-YWUiDMb0s1vwi8onlMyPQGQGfLxxP-evkFPGc0oYiPA5qiJVrNSeoCE=w408-h261-k-no","false","false","/g/11vk63ds_v","en","0","24.3539913","53.9485752","Ashley Santana",,,"false","ChIJbWsIEIVEdEER4uHEhb2dbcQ",,,"2 years ago","2024-05-03T16:46:41.390Z",,"2024-05-03T18:00:46.000Z","Thanks","ChZDSUhNMG9nS0VJQ0FnSURqM3IzVWN3EAE",,,,,,,,,"Google","https://www.google.com/maps/reviews/data=!4m8!14m7!1m6!2m5!1sChZDSUhNMG9nS0VJQ0FnSURqM3IzVWN3EAE!2m1!1s0x0:0xc46d9dbd85c4e1e2!3m1!1s2@1:CIHM0ogKEICAgIDj3r3Ucw%7C%7C?hl=en","102724424323298789262","2","https://lh3.googleusercontent.com/a/ACg8ocI3EZYTUbCpWfqsbShAMUAteX2_SzM3e1AvnJBllBphHsoz3Q=s1920-c-rp-mo-br100","https://www.google.com/maps/contrib/102724424323298789262?hl=en","329","2026-10-06T19:23:43.222Z","Direct Detail URL: https://www.google.com/maps?cid=14154142641213989346","5",,,"false",,,"Dunes Discovery Tourism LLC","5",,"https://www.google.com/maps/search/?api=1&query=Dunes%20Discovery%20Tourism%20LLC&query_place_id=ChIJbWsIEIVEdEER4uHEhb2dbcQ",
,"1522201601161585131","Tour agency","Service establishment","Tour agency","14154142641213989346",,,"0x4174448510086b6d:0xc46d9dbd85c4e1e2",,"https://lh3.googleusercontent.com/grass-cs/AABkmLd2_d1tXdrlH6LWW10pygDnJzaUhEU7C7L75fvzbAv4OYkdlD4LwcGPTtfM0xX8prg6H7I6hKya8LF-YWUiDMb0s1vwi8onlMyPQGQGfLxxP-evkFPGc0oYiPA5qiJVrNSeoCE=w408-h261-k-no","false","false","/g/11vk63ds_v","en","1","24.3539913","53.9485752","KENNIA SANTANA",,"en","false","ChIJbWsIEIVEdEER4uHEhb2dbcQ",,,"2 years ago","2024-05-03T16:36:48.350Z",,"2024-05-03T18:01:38.000Z","Most wellcome & thank you😇","ChZDSUhNMG9nS0VJQ0FnSURqM3VYVEpnEAE","https://lh3.googleusercontent.com/grass-cs/ACvplmMu4OejNEo1RRXHnDd-5ilUaBKZUmGxh7WOlFZ_Lp5PoY0jz12IQ3qGbrB0y6hgyNACX7knV16brTgM464nDHPQaZXkOvdRTBUtkqFwTQwDdrJ2IeMgCd91GnvucREA42HJffLrAg=k-no",,,,,,,,"Google","https://www.google.com/maps/reviews/data=!4m8!14m7!1m6!2m5!1sChZDSUhNMG9nS0VJQ0FnSURqM3VYVEpnEAE!2m1!1s0x0:0xc46d9dbd85c4e1e2!3m1!1s2@1:CIHM0ogKEICAgIDj3uXTJg%7C%7C?hl=en","105012947128194966033","4","https://lh3.googleusercontent.com/a/ACg8ocKslf6UuQTwVi0j7Utq8XLeth-_-dY-B8vlWCndwn0Bua5aQQ=s1920-c-rp-mo-br100","https://www.google.com/maps/contrib/105012947128194966033?hl=en","329","2026-10-06T19:23:43.222Z","Direct Detail URL: https://www.google.com/maps?cid=14154142641213989346","5",,,"false","Malik is the best!!! Thank you for your professionalism and treatment. We’ll be back",,"Dunes Discovery Tourism LLC","5",,"https://www.google.com/maps/search/?api=1&query=Dunes%20Discovery%20Tourism%20LLC&query_place_id=ChIJbWsIEIVEdEER4uHEhb2dbcQ",
,"1522201601161585131","Tour agency","Service establishment","Tour agency","14154142641213989346",,,"0x4174448510086b6d:0xc46d9dbd85c4e1e2",,"https://lh3.googleusercontent.com/grass-cs/AABkmLd2_d1tXdrlH6LWW10pygDnJzaUhEU7C7L75fvzbAv4OYkdlD4LwcGPTtfM0xX8prg6H7I6hKya8LF-YWUiDMb0s1vwi8onlMyPQGQGfLxxP-evkFPGc0oYiPA5qiJVrNSeoCE=w408-h261-k-no","false","false","/g/11vk63ds_v","en","1","24.3539913","53.9485752","Ullas Naik",,"en","false","ChIJbWsIEIVEdEER4uHEhb2dbcQ",,,"2 years ago","2024-05-02T16:13:05.184Z",,"2024-05-02T19:29:30.000Z","Thanks 🙏 ","ChZDSUhNMG9nS0VJQ0FnSURqcHZ2SUh3EAE","https://lh3.googleusercontent.com/grass-cs/ACvplmN6fRdgHQrkW9xDhiTV5MJtdWKL5QC_zfiKTlOakznO_xra6w-FqElKGStaePb6NAE2cDE_iCCLrxOSuAE9dWIFhe7mG_8IPAIeHJAIQXSG4Jg6y5JCAm-Q1Go-u3fS1ArkoBiTYw=k-no",,,,,,,,"Google","https://www.google.com/maps/reviews/data=!4m8!14m7!1m6!2m5!1sChZDSUhNMG9nS0VJQ0FnSURqcHZ2SUh3EAE!2m1!1s0x0:0xc46d9dbd85c4e1e2!3m1!1s2@1:CIHM0ogKEICAgIDjpvvIHw%7C%7C?hl=en","111377066344722374916","5","https://lh3.googleusercontent.com/a-/ALV-UjVttK5DGfvtcZeh6vKqvkSkNG_aEYxxy3pxhFxrJQ8Vb5cJzfJt=s1920-c-rp-mo-br100","https://www.google.com/maps/contrib/111377066344722374916?hl=en","329","2026-10-06T19:23:43.222Z","Direct Detail URL: https://www.google.com/maps?cid=14154142641213989346","5",,,"false","AMAZING PLACE AND AMAZING PEOPLE.....THE SERVICE IS ABSOLUTELY FANTASTIC AND CARING.....BREATHTAKING VIEWS....MUST TRY FOR BEST EXPERIENCE.....BEST QUALITY BEST PRICE 👌
#WHEN DREAM TAKES FLIGHT AND LANDS IN DUBAI.....✈️",,"Dunes Discovery Tourism LLC","5",,"https://www.google.com/maps/search/?api=1&query=Dunes%20Discovery%20Tourism%20LLC&query_place_id=ChIJbWsIEIVEdEER4uHEhb2dbcQ",
,"1522201601161585131","Tour agency","Service establishment","Tour agency","14154142641213989346",,,"0x4174448510086b6d:0xc46d9dbd85c4e1e2",,"https://lh3.googleusercontent.com/grass-cs/AABkmLd2_d1tXdrlH6LWW10pygDnJzaUhEU7C7L75fvzbAv4OYkdlD4LwcGPTtfM0xX8prg6H7I6hKya8LF-YWUiDMb0s1vwi8onlMyPQGQGfLxxP-evkFPGc0oYiPA5qiJVrNSeoCE=w408-h261-k-no","false","false","/g/11vk63ds_v","en","1","24.3539913","53.9485752","Dr. Gautam Kumar Biswas",,"en","false","ChIJbWsIEIVEdEER4uHEhb2dbcQ",,,"2 years ago","2024-04-28T17:12:42.864Z",,"2024-04-28T17:14:23.000Z","Thanks for your feedback 😇","ChdDSUhNMG9nS0VJQ0FnSURqeUxiVHV3RRAB","https://lh3.googleusercontent.com/grass-cs/ACvplmOYYfnbfwVGaVyFjzjYwAPNYBY-o5IOpSNwR9yAV0WC16ipZ7uwrdE6Fy3p0Gv27YH__Al5DBefNAAy8B_E5WUnJbj7H4nAgeJLnT2h0to1485H0W3NWC8sTagj5vMjeO4uqv6i=k-no",,,,,,,,"Google","https://www.google.com/maps/reviews/data=!4m8!14m7!1m6!2m5!1sChdDSUhNMG9nS0VJQ0FnSURqeUxiVHV3RRAB!2m1!1s0x0:0xc46d9dbd85c4e1e2!3m1!1s2@1:CIHM0ogKEICAgIDjyLbTuwE%7C%7C?hl=en","106351992507841360208","4","https://lh3.googleusercontent.com/a-/ALV-UjWQjkPCtKQ2MjXznvXqoCixltHaArundZM2Oze0126YGRKhYuNQ=s1920-c-rp-mo-br100","https://www.google.com/maps/contrib/106351992507841360208?hl=en","329","2026-10-06T19:23:43.222Z","Direct Detail URL: https://www.google.com/maps?cid=14154142641213989346","5",,,"false","The whole experience in the labs cruiser was so good and the driver was so dedicated with his job and we enjoyed so much.",,"Dunes Discovery Tourism LLC","5",,"https://www.google.com/maps/search/?api=1&query=Dunes%20Discovery%20Tourism%20LLC&query_place_id=ChIJbWsIEIVEdEER4uHEhb2dbcQ",
,"1522201601161585131","Tour agency","Service establishment","Tour agency","14154142641213989346",,,"0x4174448510086b6d:0xc46d9dbd85c4e1e2",,"https://lh3.googleusercontent.com/grass-cs/AABkmLd2_d1tXdrlH6LWW10pygDnJzaUhEU7C7L75fvzbAv4OYkdlD4LwcGPTtfM0xX8prg6H7I6hKya8LF-YWUiDMb0s1vwi8onlMyPQGQGfLxxP-evkFPGc0oYiPA5qiJVrNSeoCE=w408-h261-k-no","false","false","/g/11vk63ds_v","en","1","24.3539913","53.9485752","harikrishna baranwal",,"en","false","ChIJbWsIEIVEdEER4uHEhb2dbcQ",,,"2 years ago","2024-04-28T17:03:36.032Z",,"2024-04-28T17:13:15.000Z","Thank you","ChZDSUhNMG9nS0VJQ0FnSURqeU5xYmNnEAE","https://lh3.googleusercontent.com/grass-cs/ACvplmNZ_1DO3ohVNaSH-9EJx_RmA-ph9ujQNhaqSNGaHLeOzsIafd5TUgISDT7OXWjgLRm2klHtpeki_Xbb9l95OLPAYfDkshy6DJy6JMFqDiNcszdMXklWQv72ZLY29GCfAVZ7XIzwag=k-no",,,,,,,,"Google","https://www.google.com/maps/reviews/data=!4m8!14m7!1m6!2m5!1sChZDSUhNMG9nS0VJQ0FnSURqeU5xYmNnEAE!2m1!1s0x0:0xc46d9dbd85c4e1e2!3m1!1s2@1:CIHM0ogKEICAgIDjyNqbcg%7C%7C?hl=en","108037849928840423602","1","https://lh3.googleusercontent.com/a/ACg8ocJOTQY1Qqi4vIbWIbvgMYDxrYPsN3SsLaTQNzAocAkna29v-w=s1920-c-rp-mo-br100","https://www.google.com/maps/contrib/108037849928840423602?hl=en","329","2026-10-06T19:23:43.222Z","Direct Detail URL: https://www.google.com/maps?cid=14154142641213989346","5",,,"false","It was a good experience with Malik. Humorous and jolly nature.",,"Dunes Discovery Tourism LLC","5",,"https://www.google.com/maps/search/?api=1&query=Dunes%20Discovery%20Tourism%20LLC&query_place_id=ChIJbWsIEIVEdEER4uHEhb2dbcQ",
,"1522201601161585131","Tour agency","Service establishment","Tour agency","14154142641213989346",,,"0x4174448510086b6d:0xc46d9dbd85c4e1e2",,"https://lh3.googleusercontent.com/grass-cs/AABkmLd2_d1tXdrlH6LWW10pygDnJzaUhEU7C7L75fvzbAv4OYkdlD4LwcGPTtfM0xX8prg6H7I6hKya8LF-YWUiDMb0s1vwi8onlMyPQGQGfLxxP-evkFPGc0oYiPA5qiJVrNSeoCE=w408-h261-k-no","false","false","/g/11vk63ds_v","en","1","24.3539913","53.9485752","sushil Garg",,"en","false","ChIJbWsIEIVEdEER4uHEhb2dbcQ",,,"2 years ago","2024-04-24T17:38:32.176Z",,"2024-04-24T18:32:41.000Z","🙏 thanks","ChZDSUhNMG9nS0VJQ0FnSUNqbmVpSEJREAE",,,,,,,,,"Google","https://www.google.com/maps/reviews/data=!4m8!14m7!1m6!2m5!1sChZDSUhNMG9nS0VJQ0FnSUNqbmVpSEJREAE!2m1!1s0x0:0xc46d9dbd85c4e1e2!3m1!1s2@1:CIHM0ogKEICAgICjneiHBQ%7C%7C?hl=en","108687677232595289595","2","https://lh3.googleusercontent.com/a/ACg8ocLl9FMt5-CjnHO31Qq87RlkFmEZhTnWIbKnTOJYCxD1ewOKdQ=s1920-c-rp-mo-br100","https://www.google.com/maps/contrib/108687677232595289595?hl=en","329","2026-10-06T19:23:43.222Z","Direct Detail URL: https://www.google.com/maps?cid=14154142641213989346","5",,,"false","Great experience.. Enjoyed A lot....",,"Dunes Discovery Tourism LLC","5",,"https://www.google.com/maps/search/?api=1&query=Dunes%20Discovery%20Tourism%20LLC&query_place_id=ChIJbWsIEIVEdEER4uHEhb2dbcQ",
,"1522201601161585131","Tour agency","Service establishment","Tour agency","14154142641213989346",,,"0x4174448510086b6d:0xc46d9dbd85c4e1e2",,"https://lh3.googleusercontent.com/grass-cs/AABkmLd2_d1tXdrlH6LWW10pygDnJzaUhEU7C7L75fvzbAv4OYkdlD4LwcGPTtfM0xX8prg6H7I6hKya8LF-YWUiDMb0s1vwi8onlMyPQGQGfLxxP-evkFPGc0oYiPA5qiJVrNSeoCE=w408-h261-k-no","false","false","/g/11vk63ds_v","en","0","24.3539913","53.9485752","Shailaj Gupta",,"en","false","ChIJbWsIEIVEdEER4uHEhb2dbcQ",,,"2 years ago","2024-04-24T16:12:37.149Z",,"2024-04-24T18:32:19.000Z","Thank you for the feedback 😇","ChdDSUhNMG9nS0VJQ0FnSUNqN2NLNWl3RRAB","https://lh3.googleusercontent.com/grass-cs/ACvplmOljBGKiqSBHZwsnkxqMgcd7fn7295p4BgsWU_ryxp2Nno-O8jycYgxF-ZPGrvrBRszB16Z9eDDs6gKyb7FqzQvBNPz5ADU4p6CGvfIZe_2wvHmpRqLNlknE1wovjdM7Dp355C3=k-no","https://lh3.googleusercontent.com/grass-cs/ACvplmOCIWGRj9uQJ4lelBWBGmKW3VxJjmyInC01tZi_DRQDm1Rmot780L4sw1TVorltJLhDCLcg08DlJnogh8dxNnFICLhUrjDa5oYEAPBLH29Gp13l61dIvLC7ao1C2ReO-ska8TNH=k-no",,,,,,,"Google","https://www.google.com/maps/reviews/data=!4m8!14m7!1m6!2m5!1sChdDSUhNMG9nS0VJQ0FnSUNqN2NLNWl3RRAB!2m1!1s0x0:0xc46d9dbd85c4e1e2!3m1!1s2@1:CIHM0ogKEICAgICj7cK5iwE%7C%7C?hl=en","102427983447300170968","2","https://lh3.googleusercontent.com/a/ACg8ocKoPkp-YrSFcokBgEoBOZXuzyL3KNhFvNAWcpw5Qbpgt8KkdA=s1920-c-rp-mo-br100","https://www.google.com/maps/contrib/102427983447300170968?hl=en","329","2026-10-06T19:23:43.222Z","Direct Detail URL: https://www.google.com/maps?cid=14154142641213989346","5",,,"false","Exploredubai.uk best company in Dubai amazing experience we are so happy high recommend Malik guide very good guide and so so handsome boy",,"Dunes Discovery Tourism LLC","5",,"https://www.google.com/maps/search/?api=1&query=Dunes%20Discovery%20Tourism%20LLC&query_place_id=ChIJbWsIEIVEdEER4uHEhb2dbcQ",
,"1522201601161585131","Tour agency","Service establishment","Tour agency","14154142641213989346",,,"0x4174448510086b6d:0xc46d9dbd85c4e1e2",,"https://lh3.googleusercontent.com/grass-cs/AABkmLd2_d1tXdrlH6LWW10pygDnJzaUhEU7C7L75fvzbAv4OYkdlD4LwcGPTtfM0xX8prg6H7I6hKya8LF-YWUiDMb0s1vwi8onlMyPQGQGfLxxP-evkFPGc0oYiPA5qiJVrNSeoCE=w408-h261-k-no","false","false","/g/11vk63ds_v","en","1","24.3539913","53.9485752","Rimjhim Thakur",,"en","false","ChIJbWsIEIVEdEER4uHEhb2dbcQ",,,"Edited 2 years ago","2024-04-11T06:11:27.501Z",,"2024-04-10T17:23:36.000Z","Thanks for your feedback 👍","ChdDSUhNMG9nS0VJQ0FnSUREcm9tWnB3RRAB","https://lh3.googleusercontent.com/grass-cs/ACvplmPU58Isge6kk9smo14ZvVONCc3eE2Pnwb7uHaQol6Hyhlnxsbd05HyT2V243jtkwtLgxMHWxinCPUbcLHaNvEe0mU7RvoM1Kh3ADF4q8FHQAgQOKtV0Y5KU8HfR4GKg55322P9t=k-no","https://lh3.googleusercontent.com/grass-cs/ACvplmOksoHtw19QCQCspIQo0PcFqE-owDihduQtiIlcf3nW5TfR1b35HQX6_4V3SCQGo23KkgQb5g_JCCHqX2rJgQpu00ikmzp3P_zfTBb66ANNrBxoQhF6Ugf0Uz7hMJRyfiTmNESGYg=k-no",,,,,,,"Google","https://www.google.com/maps/reviews/data=!4m8!14m7!1m6!2m5!1sChdDSUhNMG9nS0VJQ0FnSUREcm9tWnB3RRAB!2m1!1s0x0:0xc46d9dbd85c4e1e2!3m1!1s2@1:CIHM0ogKEICAgIDDromZpwE%7C%7C?hl=en","106537664775189217046","1","https://lh3.googleusercontent.com/a/ACg8ocK0ZrmpzAeFDM8X-fSTFnzcZtOXTLLWL2q0VE7S_D3PHSOqGQ=s1920-c-rp-mo-br100","https://www.google.com/maps/contrib/106537664775189217046?hl=en","329","2026-10-06T19:23:43.222Z","Direct Detail URL: https://www.google.com/maps?cid=14154142641213989346","5",,,"false","Desert safari is the best and thrilling adventure so far in dubai ...This was made possible because of Mr.Malik who is a very patient and caring guide . Buggies and dune dashing are a must do when in Dubai..Do visit exploredubai.uk to know more .",,"Dunes Discovery Tourism LLC","5",,"https://www.google.com/maps/search/?api=1&query=Dunes%20Discovery%20Tourism%20LLC&query_place_id=ChIJbWsIEIVEdEER4uHEhb2dbcQ",
,"1522201601161585131","Tour agency","Service establishment","Tour agency","14154142641213989346",,,"0x4174448510086b6d:0xc46d9dbd85c4e1e2",,"https://lh3.googleusercontent.com/grass-cs/AABkmLd2_d1tXdrlH6LWW10pygDnJzaUhEU7C7L75fvzbAv4OYkdlD4LwcGPTtfM0xX8prg6H7I6hKya8LF-YWUiDMb0s1vwi8onlMyPQGQGfLxxP-evkFPGc0oYiPA5qiJVrNSeoCE=w408-h261-k-no","false","false","/g/11vk63ds_v","en","1","24.3539913","53.9485752","Lakshmi Saravanan",,"en","false","ChIJbWsIEIVEdEER4uHEhb2dbcQ",,,"2 years ago","2024-04-10T17:03:18.938Z",,"2024-04-10T17:21:11.000Z","Thanks for your feedback😇","ChZDSUhNMG9nS0VJQ0FnSURENGRuVEJnEAE",,,,,,,,,"Google","https://www.google.com/maps/reviews/data=!4m8!14m7!1m6!2m5!1sChZDSUhNMG9nS0VJQ0FnSURENGRuVEJnEAE!2m1!1s0x0:0xc46d9dbd85c4e1e2!3m1!1s2@1:CIHM0ogKEICAgIDD4dnTBg%7C%7C?hl=en","111589243317809585805","7","https://lh3.googleusercontent.com/a-/ALV-UjVGIsS1PpCox9tHsbI_S3K0G4TfYDzx8qVN4M9jKkaoPsbMxCLl=s1920-c-rp-mo-br100","https://www.google.com/maps/contrib/111589243317809585805?hl=en","329","2026-10-06T19:23:43.222Z","Direct Detail URL: https://www.google.com/maps?cid=14154142641213989346","5",,,"false","It is a wonderful trip and Mallick was taken care us very well from pick up till drop to our room.
Hospitality was excellent and driving on the desert gave real adventures experience
I recommend him for anyone need an adventures ride and excitement trip on the desert.",,"Dunes Discovery Tourism LLC","5",,"https://www.google.com/maps/search/?api=1&query=Dunes%20Discovery%20Tourism%20LLC&query_place_id=ChIJbWsIEIVEdEER4uHEhb2dbcQ",
,"1522201601161585131","Tour agency","Service establishment","Tour agency","14154142641213989346",,,"0x4174448510086b6d:0xc46d9dbd85c4e1e2",,"https://lh3.googleusercontent.com/grass-cs/AABkmLd2_d1tXdrlH6LWW10pygDnJzaUhEU7C7L75fvzbAv4OYkdlD4LwcGPTtfM0xX8prg6H7I6hKya8LF-YWUiDMb0s1vwi8onlMyPQGQGfLxxP-evkFPGc0oYiPA5qiJVrNSeoCE=w408-h261-k-no","false","true","/g/11vk63ds_v","en","1","24.3539913","53.9485752","Kamlesh Parmar",,"en","false","ChIJbWsIEIVEdEER4uHEhb2dbcQ",,,"2 years ago","2024-04-10T16:42:28.847Z",,"2024-04-10T17:22:16.000Z","Thanks.","ChdDSUhNMG9nS0VJQ0FnSURENGE3ZV9nRRAB","https://lh3.googleusercontent.com/grass-cs/ACvplmPAF7rk_7YzxN7M05sgXyjrl-4TFc7yoyKoo4XVhMcxgT8lWci5-SrrMrbNSkL9AWoObBCnsCRQKsLgP2nGCcDb-BldTrDlZ9-9XoKoHgYmrjv8xIAQAq1HldNSyc9VELhGWI8=k-no","https://lh3.googleusercontent.com/grass-cs/ACvplmPjJrcWeZWGWTDdLWvFPbjsZqPw4J5ouTohnXfAn4YHm68DFVglc9COMgT2zPFtDaDTsOIDTDvSQi_QZVq732gZPeizQnRtc7TNPScIpTM79j9SWkjEXesWOetulUo42yF-h4rwxA=k-no","https://lh3.googleusercontent.com/grass-cs/ACvplmMgFeuhsYiPCQw777s84EmOxulfgaEs17EmuriEGnaDIS9s6YWDGNKCpQAnSUjPFfVmrerXsBSeJh3lMhTT0fa8uyv0EynIPHVsEG4xqDdWAk5PAefFe8fcJgedIB5iUkQp6q8=k-no",,,,,,"Google","https://www.google.com/maps/reviews/data=!4m8!14m7!1m6!2m5!1sChdDSUhNMG9nS0VJQ0FnSURENGE3ZV9nRRAB!2m1!1s0x0:0xc46d9dbd85c4e1e2!3m1!1s2@1:CIHM0ogKEICAgIDD4a7e_gE%7C%7C?hl=en","106578122822626719412","20","https://lh3.googleusercontent.com/a-/ALV-UjVr6wuBPbdEZiZNoERlauqgv-33noDRv-J5Wf2CA80Sh6J9bDiKDg=s1920-c-rp-mo-ba12-br100","https://www.google.com/maps/contrib/106578122822626719412?hl=en","329","2026-10-06T19:23:43.222Z","Direct Detail URL: https://www.google.com/maps?cid=14154142641213989346","5",,,"false","Our Guide Mr. Malik was very professional and a helpful person. His dune bashing skills are out of this world, you wud think this is ur moment to die but he is just messing with you. I would highly recommend anyone to try this guide for desert safari. Food is average, can be improved better.",,"Dunes Discovery Tourism LLC","5",,"https://www.google.com/maps/search/?api=1&query=Dunes%20Discovery%20Tourism%20LLC&query_place_id=ChIJbWsIEIVEdEER4uHEhb2dbcQ",
,"1522201601161585131","Tour agency","Service establishment","Tour agency","14154142641213989346",,,"0x4174448510086b6d:0xc46d9dbd85c4e1e2",,"https://lh3.googleusercontent.com/grass-cs/AABkmLd2_d1tXdrlH6LWW10pygDnJzaUhEU7C7L75fvzbAv4OYkdlD4LwcGPTtfM0xX8prg6H7I6hKya8LF-YWUiDMb0s1vwi8onlMyPQGQGfLxxP-evkFPGc0oYiPA5qiJVrNSeoCE=w408-h261-k-no","false","false","/g/11vk63ds_v","en","1","24.3539913","53.9485752","RANJIT SINGH",,"en","false","ChIJbWsIEIVEdEER4uHEhb2dbcQ",,,"2 years ago","2024-04-09T16:31:39.940Z",,"2024-04-10T17:22:47.000Z","Thanks for your feedback 😇","ChdDSUhNMG9nS0VJQ0FnSUREcm9tbW5BRRAB",,,,,,,,,"Google","https://www.google.com/maps/reviews/data=!4m8!14m7!1m6!2m5!1sChdDSUhNMG9nS0VJQ0FnSUREcm9tbW5BRRAB!2m1!1s0x0:0xc46d9dbd85c4e1e2!3m1!1s2@1:CIHM0ogKEICAgIDDrommnAE%7C%7C?hl=en","106105652005832127387","6","https://lh3.googleusercontent.com/a/ACg8ocKmH5bWzUf7RCJdUXityqC-HnPm7KDQ5kn44dNlHRDHTRUFlQ=s1920-c-rp-mo-br100","https://www.google.com/maps/contrib/106105652005832127387?hl=en","329","2026-10-06T19:23:43.222Z","Direct Detail URL: https://www.google.com/maps?cid=14154142641213989346","5",,,"false","Indeed exploredubai.uk is awesome and  reliable. Not only Mr Malik is  trustworthy  but also consider  safety at the top during Safari. I highly recommend explore Dubai.",,"Dunes Discovery Tourism LLC","5",,"https://www.google.com/maps/search/?api=1&query=Dunes%20Discovery%20Tourism%20LLC&query_place_id=ChIJbWsIEIVEdEER4uHEhb2dbcQ",
,"1522201601161585131","Tour agency","Service establishment","Tour agency","14154142641213989346",,,"0x4174448510086b6d:0xc46d9dbd85c4e1e2",,"https://lh3.googleusercontent.com/grass-cs/AABkmLd2_d1tXdrlH6LWW10pygDnJzaUhEU7C7L75fvzbAv4OYkdlD4LwcGPTtfM0xX8prg6H7I6hKya8LF-YWUiDMb0s1vwi8onlMyPQGQGfLxxP-evkFPGc0oYiPA5qiJVrNSeoCE=w408-h261-k-no","false","true","/g/11vk63ds_v","en","1","24.3539913","53.9485752","preet ये i thakur",,"en","false","ChIJbWsIEIVEdEER4uHEhb2dbcQ",,,"2 years ago","2024-04-09T16:22:42.200Z",,"2024-04-10T17:24:13.000Z","Many thanks for your feedback.","ChdDSUhNMG9nS0VJQ0FnSUREcnZIeGlRRRAB","https://lh3.googleusercontent.com/grass-cs/ACvplmPOVSogGqqUnx9ERa4aKhANp7Ib--5doYVwZToroCPN41PSxtcLQq0vpgF2RqGCS8uugoNbTj5mtAv07MJIH3afwAE1j-aMNg_17j1UNVfG5vwMUndaCnQAXZWoYyrbWDhNB-54=k-no",,,,,,,,"Google","https://www.google.com/maps/reviews/data=!4m8!14m7!1m6!2m5!1sChdDSUhNMG9nS0VJQ0FnSUREcnZIeGlRRRAB!2m1!1s0x0:0xc46d9dbd85c4e1e2!3m1!1s2@1:CIHM0ogKEICAgIDDrvHxiQE%7C%7C?hl=en","117174662643678281208","11","https://lh3.googleusercontent.com/a/ACg8ocJfHS8okbXf89t-NdhskiWzStSYEAHo6DQCeR3ZfXtC51xEOQ=s1920-c-rp-mo-ba12-br100","https://www.google.com/maps/contrib/117174662643678281208?hl=en","329","2026-10-06T19:23:43.222Z","Direct Detail URL: https://www.google.com/maps?cid=14154142641213989346","5",,,"false","Excellent guidance and support of Mr Malik through out the Desert Safari…He was very cooperative and understanding too…Must get your package booked by  Explore Dubai .UK First experience of Dubai was comfortable, lavishing, fun and much more only because of Explore Dubai.UK.",,"Dunes Discovery Tourism LLC","5",,"https://www.google.com/maps/search/?api=1&query=Dunes%20Discovery%20Tourism%20LLC&query_place_id=ChIJbWsIEIVEdEER4uHEhb2dbcQ",
,"1522201601161585131","Tour agency","Service establishment","Tour agency","14154142641213989346",,,"0x4174448510086b6d:0xc46d9dbd85c4e1e2",,"https://lh3.googleusercontent.com/grass-cs/AABkmLd2_d1tXdrlH6LWW10pygDnJzaUhEU7C7L75fvzbAv4OYkdlD4LwcGPTtfM0xX8prg6H7I6hKya8LF-YWUiDMb0s1vwi8onlMyPQGQGfLxxP-evkFPGc0oYiPA5qiJVrNSeoCE=w408-h261-k-no","false","false","/g/11vk63ds_v","en","1","24.3539913","53.9485752","Sarthak Rawat",,"en","false","ChIJbWsIEIVEdEER4uHEhb2dbcQ",,,"2 years ago","2024-04-09T16:19:46.595Z",,"2024-04-10T17:24:41.000Z","🙏 Thank you.","ChdDSUhNMG9nS0VJQ0FnSUREcnBHN3NBRRAB",,,,,,,,,"Google","https://www.google.com/maps/reviews/data=!4m8!14m7!1m6!2m5!1sChdDSUhNMG9nS0VJQ0FnSUREcnBHN3NBRRAB!2m1!1s0x0:0xc46d9dbd85c4e1e2!3m1!1s2@1:CIHM0ogKEICAgIDDrpG7sAE%7C%7C?hl=en","110481032520260393833","4","https://lh3.googleusercontent.com/a-/ALV-UjXnqTvgK85LbAJnzdP66oUWvCLMUenC_I2fXn96zycB7cUHpR1G=s1920-c-rp-mo-br100","https://www.google.com/maps/contrib/110481032520260393833?hl=en","329","2026-10-06T19:23:43.222Z","Direct Detail URL: https://www.google.com/maps?cid=14154142641213989346","5",,,"false","One of the highlights of my trip was desert safari. Kudos to Mr Malik. Loved his enthusiasm, knowledge and services.",,"Dunes Discovery Tourism LLC","5",,"https://www.google.com/maps/search/?api=1&query=Dunes%20Discovery%20Tourism%20LLC&query_place_id=ChIJbWsIEIVEdEER4uHEhb2dbcQ",
,"1522201601161585131","Tour agency","Service establishment","Tour agency","14154142641213989346",,,"0x4174448510086b6d:0xc46d9dbd85c4e1e2",,"https://lh3.googleusercontent.com/grass-cs/AABkmLd2_d1tXdrlH6LWW10pygDnJzaUhEU7C7L75fvzbAv4OYkdlD4LwcGPTtfM0xX8prg6H7I6hKya8LF-YWUiDMb0s1vwi8onlMyPQGQGfLxxP-evkFPGc0oYiPA5qiJVrNSeoCE=w408-h261-k-no","false","false","/g/11vk63ds_v","en","1","24.3539913","53.9485752","Trupz R",,"en","false","ChIJbWsIEIVEdEER4uHEhb2dbcQ",,,"2 years ago","2024-04-06T16:37:11.343Z",,"2024-04-06T19:46:10.000Z","Thanks 🙏 ","ChZDSUhNMG9nS0VJQ0FnSUREN002Z1BnEAE",,,,,,,,,"Google","https://www.google.com/maps/reviews/data=!4m8!14m7!1m6!2m5!1sChZDSUhNMG9nS0VJQ0FnSUREN002Z1BnEAE!2m1!1s0x0:0xc46d9dbd85c4e1e2!3m1!1s2@1:CIHM0ogKEICAgIDD7M6gPg%7C%7C?hl=en","116539438625278629018","2","https://lh3.googleusercontent.com/a/ACg8ocLVW7C_I0-830y3vTPaD2GZPnWZ5GPe1G56KEz-2ku2UCwMIA=s1920-c-rp-mo-br100","https://www.google.com/maps/contrib/116539438625278629018?hl=en","329","2026-10-06T19:23:43.222Z","Direct Detail URL: https://www.google.com/maps?cid=14154142641213989346","5",,,"false","Malik gives a real dessert experience, with smdune bashing, sand boarding... The buje riding was loads of fun too...
Topped the night with some fire show. Perfect.
Coming back again.... 👍",,"Dunes Discovery Tourism LLC","5",,"https://www.google.com/maps/search/?api=1&query=Dunes%20Discovery%20Tourism%20LLC&query_place_id=ChIJbWsIEIVEdEER4uHEhb2dbcQ",
,"1522201601161585131","Tour agency","Service establishment","Tour agency","14154142641213989346",,,"0x4174448510086b6d:0xc46d9dbd85c4e1e2",,"https://lh3.googleusercontent.com/grass-cs/AABkmLd2_d1tXdrlH6LWW10pygDnJzaUhEU7C7L75fvzbAv4OYkdlD4LwcGPTtfM0xX8prg6H7I6hKya8LF-YWUiDMb0s1vwi8onlMyPQGQGfLxxP-evkFPGc0oYiPA5qiJVrNSeoCE=w408-h261-k-no","false","false","/g/11vk63ds_v","en","0","24.3539913","53.9485752","Amir Hassani",,,"false","ChIJbWsIEIVEdEER4uHEhb2dbcQ",,,"2 years ago","2024-04-06T16:34:00.887Z",,"2024-04-06T19:46:26.000Z","Thanks 🙏 ","ChZDSUhNMG9nS0VJQ0FnSUREN05hX0V3EAE",,,,,,,,,"Google","https://www.google.com/maps/reviews/data=!4m8!14m7!1m6!2m5!1sChZDSUhNMG9nS0VJQ0FnSUREN05hX0V3EAE!2m1!1s0x0:0xc46d9dbd85c4e1e2!3m1!1s2@1:CIHM0ogKEICAgIDD7Na_Ew%7C%7C?hl=en","104635956318116808914","8","https://lh3.googleusercontent.com/a-/ALV-UjVAjWmww7ShfjXsqT7PrAmHMfl1I5gaBXNacWUmqgr_-1cVAQLc=s1920-c-rp-mo-br100","https://www.google.com/maps/contrib/104635956318116808914?hl=en","329","2026-10-06T19:23:43.222Z","Direct Detail URL: https://www.google.com/maps?cid=14154142641213989346","5",,,"false",,,"Dunes Discovery Tourism LLC","5",,"https://www.google.com/maps/search/?api=1&query=Dunes%20Discovery%20Tourism%20LLC&query_place_id=ChIJbWsIEIVEdEER4uHEhb2dbcQ",
,"1522201601161585131","Tour agency","Service establishment","Tour agency","14154142641213989346",,,"0x4174448510086b6d:0xc46d9dbd85c4e1e2",,"https://lh3.googleusercontent.com/grass-cs/AABkmLd2_d1tXdrlH6LWW10pygDnJzaUhEU7C7L75fvzbAv4OYkdlD4LwcGPTtfM0xX8prg6H7I6hKya8LF-YWUiDMb0s1vwi8onlMyPQGQGfLxxP-evkFPGc0oYiPA5qiJVrNSeoCE=w408-h261-k-no","false","false","/g/11vk63ds_v","en","1","24.3539913","53.9485752","Naisha Mehta",,"en","false","ChIJbWsIEIVEdEER4uHEhb2dbcQ",,,"2 years ago","2024-04-06T16:21:53.309Z",,"2024-04-06T19:46:47.000Z","Thanks 🙏 ","ChZDSUhNMG9nS0VJQ0FnSUREN01xOEtBEAE",,,,,,,,,"Google","https://www.google.com/maps/reviews/data=!4m8!14m7!1m6!2m5!1sChZDSUhNMG9nS0VJQ0FnSUREN01xOEtBEAE!2m1!1s0x0:0xc46d9dbd85c4e1e2!3m1!1s2@1:CIHM0ogKEICAgIDD7Mq8KA%7C%7C?hl=en","103839215749464893648","3","https://lh3.googleusercontent.com/a/ACg8ocIyg2sLyWLDAz2ZyH04TGJEvO9bh12FOd8s3NsFfjYAlIOTLQ=s1920-c-rp-mo-br100","https://www.google.com/maps/contrib/103839215749464893648?hl=en","329","2026-10-06T19:23:43.222Z","Direct Detail URL: https://www.google.com/maps?cid=14154142641213989346","5",,,"false","Enjoyed loads with Malik!
Dune bashing was whooping fun!!!
Dubai trip is incomplete without this.... 👍",,"Dunes Discovery Tourism LLC","5",,"https://www.google.com/maps/search/?api=1&query=Dunes%20Discovery%20Tourism%20LLC&query_place_id=ChIJbWsIEIVEdEER4uHEhb2dbcQ",
,"1522201601161585131","Tour agency","Service establishment","Tour agency","14154142641213989346",,,"0x4174448510086b6d:0xc46d9dbd85c4e1e2",,"https://lh3.googleusercontent.com/grass-cs/AABkmLd2_d1tXdrlH6LWW10pygDnJzaUhEU7C7L75fvzbAv4OYkdlD4LwcGPTtfM0xX8prg6H7I6hKya8LF-YWUiDMb0s1vwi8onlMyPQGQGfLxxP-evkFPGc0oYiPA5qiJVrNSeoCE=w408-h261-k-no","false","false","/g/11vk63ds_v","en","0","24.3539913","53.9485752","Paul Smith",,"en","false","ChIJbWsIEIVEdEER4uHEhb2dbcQ",,,"2 years ago","2024-04-05T16:58:40.486Z",,"2024-04-06T19:46:56.000Z","Thanks 🙏 ","ChdDSUhNMG9nS0VJQ0FnSUREeE1pYjZ3RRAB","https://lh3.googleusercontent.com/grass-cs/ACvplmPhA119fy-xt70zxMK2eXlEDa4dEFsrWiGrm23JqRiEmPBFjEZfgqMWo5nYRTuusH9nhmlWxl6iaEAPWDSiwY9VIvuwiRLAbkv58sRu7bSSDcqQwcX7OJg2_eDgSkOi-CFowv0b=k-no","https://lh3.googleusercontent.com/grass-cs/ACvplmNh9OViR33jtZaqeyHM2W7XMe_VbiTMV9S_GMI2vkRmDu6GIFNJv0YdnLlYOui-IdGHlC89u4Yzv8BpIL_JHkdpVH2KQ--C_71GHRtGgjCBDv2zYArjd2oiC---dzWCOujwvV6-rQ=k-no",,,,,,,"Google","https://www.google.com/maps/reviews/data=!4m8!14m7!1m6!2m5!1sChdDSUhNMG9nS0VJQ0FnSUREeE1pYjZ3RRAB!2m1!1s0x0:0xc46d9dbd85c4e1e2!3m1!1s2@1:CIHM0ogKEICAgIDDxMib6wE%7C%7C?hl=en","106676224141937339523","4","https://lh3.googleusercontent.com/a/ACg8ocLkf23A_iBcYW_q74alC1RLPH_DNLVcw_miAQreseZlznXybg=s1920-c-rp-mo-br100","https://www.google.com/maps/contrib/106676224141937339523?hl=en","329","2026-10-06T19:23:43.222Z","Direct Detail URL: https://www.google.com/maps?cid=14154142641213989346","5",,,"false","Malik is a first class host. Confirmed pick up the day before, arrived early. Safe driver and kept us fully informed throughout the day and evening regarding activities, way better than previous experience. Will definitely use again and totally recommend.",,"Dunes Discovery Tourism LLC","5",,"https://www.google.com/maps/search/?api=1&query=Dunes%20Discovery%20Tourism%20LLC&query_place_id=ChIJbWsIEIVEdEER4uHEhb2dbcQ",
,"1522201601161585131","Tour agency","Service establishment","Tour agency","14154142641213989346",,,"0x4174448510086b6d:0xc46d9dbd85c4e1e2",,"https://lh3.googleusercontent.com/grass-cs/AABkmLd2_d1tXdrlH6LWW10pygDnJzaUhEU7C7L75fvzbAv4OYkdlD4LwcGPTtfM0xX8prg6H7I6hKya8LF-YWUiDMb0s1vwi8onlMyPQGQGfLxxP-evkFPGc0oYiPA5qiJVrNSeoCE=w408-h261-k-no","false","false","/g/11vk63ds_v","en","0","24.3539913","53.9485752","Wanjiku Wawira",,"en","false","ChIJbWsIEIVEdEER4uHEhb2dbcQ",,,"2 years ago","2024-04-01T17:44:28.832Z",,"2024-04-01T23:12:16.000Z","Thanks 🙏 ","ChdDSUhNMG9nS0VJQ0FnSUNEcV9Ta2dBRRAB",,,,,,,,,"Google","https://www.google.com/maps/reviews/data=!4m8!14m7!1m6!2m5!1sChdDSUhNMG9nS0VJQ0FnSUNEcV9Ta2dBRRAB!2m1!1s0x0:0xc46d9dbd85c4e1e2!3m1!1s2@1:CIHM0ogKEICAgICDq_SkgAE%7C%7C?hl=en","109598882082201471159","1","https://lh3.googleusercontent.com/a-/ALV-UjXck5-PE-HWiuAxSju3WeQ1FEuWjB7sS8HzG4U2BEd14KbGBwmddQ=s1920-c-rp-mo-br100","https://www.google.com/maps/contrib/109598882082201471159?hl=en","329","2026-10-06T19:23:43.222Z","Direct Detail URL: https://www.google.com/maps?cid=14154142641213989346","5",,,"false","Amazing trip and experience by Malik Shehbaz",,"Dunes Discovery Tourism LLC","5",,"https://www.google.com/maps/search/?api=1&query=Dunes%20Discovery%20Tourism%20LLC&query_place_id=ChIJbWsIEIVEdEER4uHEhb2dbcQ",
,"1522201601161585131","Tour agency","Service establishment","Tour agency","14154142641213989346",,,"0x4174448510086b6d:0xc46d9dbd85c4e1e2",,"https://lh3.googleusercontent.com/grass-cs/AABkmLd2_d1tXdrlH6LWW10pygDnJzaUhEU7C7L75fvzbAv4OYkdlD4LwcGPTtfM0xX8prg6H7I6hKya8LF-YWUiDMb0s1vwi8onlMyPQGQGfLxxP-evkFPGc0oYiPA5qiJVrNSeoCE=w408-h261-k-no","false","false","/g/11vk63ds_v","en","0","24.3539913","53.9485752","hossein askarirad",,,"false","ChIJbWsIEIVEdEER4uHEhb2dbcQ",,,"2 years ago","2024-03-31T16:09:30.299Z",,"2024-03-31T16:32:19.000Z","Thanks 🙏 ","ChZDSUhNMG9nS0VJQ0FnSUNEM2N2NElBEAE",,,,,,,,,"Google","https://www.google.com/maps/reviews/data=!4m8!14m7!1m6!2m5!1sChZDSUhNMG9nS0VJQ0FnSUNEM2N2NElBEAE!2m1!1s0x0:0xc46d9dbd85c4e1e2!3m1!1s2@1:CIHM0ogKEICAgICD3cv4IA%7C%7C?hl=en","109250159439370915011","0","https://lh3.googleusercontent.com/a-/ALV-UjVONh3tEY5ekLvIEpm0SV8whRaqQUkb5_wy5dCMBtMrwV9e46TE=s1920-c-rp-mo-br100","https://www.google.com/maps/contrib/109250159439370915011?hl=en","329","2026-10-06T19:23:43.222Z","Direct Detail URL: https://www.google.com/maps?cid=14154142641213989346","5",,,"false",,,"Dunes Discovery Tourism LLC","5",,"https://www.google.com/maps/search/?api=1&query=Dunes%20Discovery%20Tourism%20LLC&query_place_id=ChIJbWsIEIVEdEER4uHEhb2dbcQ",
,"1522201601161585131","Tour agency","Service establishment","Tour agency","14154142641213989346",,,"0x4174448510086b6d:0xc46d9dbd85c4e1e2",,"https://lh3.googleusercontent.com/grass-cs/AABkmLd2_d1tXdrlH6LWW10pygDnJzaUhEU7C7L75fvzbAv4OYkdlD4LwcGPTtfM0xX8prg6H7I6hKya8LF-YWUiDMb0s1vwi8onlMyPQGQGfLxxP-evkFPGc0oYiPA5qiJVrNSeoCE=w408-h261-k-no","false","false","/g/11vk63ds_v","en","0","24.3539913","53.9485752","Steve G",,"en","false","ChIJbWsIEIVEdEER4uHEhb2dbcQ",,,"2 years ago","2024-03-30T16:56:20.614Z",,"2024-03-30T17:11:14.000Z","Thanks 🙏 ","ChZDSUhNMG9nS0VJQ0FnSUNEcFpQTVZnEAE",,,,,,,,,"Google","https://www.google.com/maps/reviews/data=!4m8!14m7!1m6!2m5!1sChZDSUhNMG9nS0VJQ0FnSUNEcFpQTVZnEAE!2m1!1s0x0:0xc46d9dbd85c4e1e2!3m1!1s2@1:CIHM0ogKEICAgICDpZPMVg%7C%7C?hl=en","113956727121724639929","11","https://lh3.googleusercontent.com/a/ACg8ocJnOP_z9_5aHeVFMxTcFqIQgz8Yyjyw-nscLm3lhXjMi8Jenw=s1920-c-rp-mo-br100","https://www.google.com/maps/contrib/113956727121724639929?hl=en","329","2026-10-06T19:23:43.222Z","Direct Detail URL: https://www.google.com/maps?cid=14154142641213989346","5",,,"false","Excellent experience. Great dube bashing and reasonable food. Fantastic quality bikes too.",,"Dunes Discovery Tourism LLC","5",,"https://www.google.com/maps/search/?api=1&query=Dunes%20Discovery%20Tourism%20LLC&query_place_id=ChIJbWsIEIVEdEER4uHEhb2dbcQ",
,"1522201601161585131","Tour agency","Service establishment","Tour agency","14154142641213989346",,,"0x4174448510086b6d:0xc46d9dbd85c4e1e2",,"https://lh3.googleusercontent.com/grass-cs/AABkmLd2_d1tXdrlH6LWW10pygDnJzaUhEU7C7L75fvzbAv4OYkdlD4LwcGPTtfM0xX8prg6H7I6hKya8LF-YWUiDMb0s1vwi8onlMyPQGQGfLxxP-evkFPGc0oYiPA5qiJVrNSeoCE=w408-h261-k-no","false","true","/g/11vk63ds_v","en","1","24.3539913","53.9485752","Aloka Reddy",,"en","false","ChIJbWsIEIVEdEER4uHEhb2dbcQ",,,"2 years ago","2024-03-29T17:06:09.744Z",,"2024-03-30T17:11:33.000Z","Thanks 🙏 ","ChdDSUhNMG9nS0VJQ0FnSUNEOGZucGl3RRAB",,,,,,,,,"Google","https://www.google.com/maps/reviews/data=!4m8!14m7!1m6!2m5!1sChdDSUhNMG9nS0VJQ0FnSUNEOGZucGl3RRAB!2m1!1s0x0:0xc46d9dbd85c4e1e2!3m1!1s2@1:CIHM0ogKEICAgICD8fnpiwE%7C%7C?hl=en","115350769671897095423","14","https://lh3.googleusercontent.com/a/ACg8ocKtQbl0ts_FNbbsVZxcBKZv96bVcCQAaCY0A4BCQ0XUpcub71c=s1920-c-rp-mo-ba12-br100","https://www.google.com/maps/contrib/115350769671897095423?hl=en","329","2026-10-06T19:23:43.222Z","Direct Detail URL: https://www.google.com/maps?cid=14154142641213989346","5",,,"false","Had a smooth trip.. everything was as promised. Inam Ullah was very professional, punctual & adjusted as per our request. Would highly recommend them.",,"Dunes Discovery Tourism LLC","5",,"https://www.google.com/maps/search/?api=1&query=Dunes%20Discovery%20Tourism%20LLC&query_place_id=ChIJbWsIEIVEdEER4uHEhb2dbcQ",
,"1522201601161585131","Tour agency","Service establishment","Tour agency","14154142641213989346",,,"0x4174448510086b6d:0xc46d9dbd85c4e1e2",,"https://lh3.googleusercontent.com/grass-cs/AABkmLd2_d1tXdrlH6LWW10pygDnJzaUhEU7C7L75fvzbAv4OYkdlD4LwcGPTtfM0xX8prg6H7I6hKya8LF-YWUiDMb0s1vwi8onlMyPQGQGfLxxP-evkFPGc0oYiPA5qiJVrNSeoCE=w408-h261-k-no","false","false","/g/11vk63ds_v","en","1","24.3539913","53.9485752","Samsung Tablet",,"en","false","ChIJbWsIEIVEdEER4uHEhb2dbcQ",,,"2 years ago","2024-03-29T16:19:53.496Z",,"2024-03-29T16:24:57.000Z","Thanks for your feedback 😇","ChZDSUhNMG9nS0VJQ0FnSUNEOGZ5WU1REAE","https://lh3.googleusercontent.com/grass-cs/ACvplmM-wtM_VeM91tNY6vS-cj_3EPU_cbkOfNes5wb_Bi4xCAKWt21Xw4qjrMN00vNntuAgakqNrXBaax6E4R_Swv8FrLHcX3O22fG0IWkMO-y46jLzp6oBGoGEGYIkZaLQbmSRRHdybA=k-no",,,,,,,,"Google","https://www.google.com/maps/reviews/data=!4m8!14m7!1m6!2m5!1sChZDSUhNMG9nS0VJQ0FnSUNEOGZ5WU1REAE!2m1!1s0x0:0xc46d9dbd85c4e1e2!3m1!1s2@1:CIHM0ogKEICAgICD8fyYMQ%7C%7C?hl=en","100444387951319283975","1","https://lh3.googleusercontent.com/a-/ALV-UjWj2bPkwlKfnBTG0AjS2bCd6w3W3d158P2F6N9mi-5p5jh990zccA=s1920-c-rp-mo-br100","https://www.google.com/maps/contrib/100444387951319283975?hl=en","329","2026-10-06T19:23:43.222Z","Direct Detail URL: https://www.google.com/maps?cid=14154142641213989346","5",,,"false","We had the most magical time in desert wit Malik. On the scale from 1 to 10, he is eleven. We highly recommend him and his service.",,"Dunes Discovery Tourism LLC","5",,"https://www.google.com/maps/search/?api=1&query=Dunes%20Discovery%20Tourism%20LLC&query_place_id=ChIJbWsIEIVEdEER4uHEhb2dbcQ",
,"1522201601161585131","Tour agency","Service establishment","Tour agency","14154142641213989346",,,"0x4174448510086b6d:0xc46d9dbd85c4e1e2",,"https://lh3.googleusercontent.com/grass-cs/AABkmLd2_d1tXdrlH6LWW10pygDnJzaUhEU7C7L75fvzbAv4OYkdlD4LwcGPTtfM0xX8prg6H7I6hKya8LF-YWUiDMb0s1vwi8onlMyPQGQGfLxxP-evkFPGc0oYiPA5qiJVrNSeoCE=w408-h261-k-no","false","false","/g/11vk63ds_v","en","1","24.3539913","53.9485752","Muskan Bedi",,"en","false","ChIJbWsIEIVEdEER4uHEhb2dbcQ",,,"2 years ago","2024-03-29T16:13:57.466Z",,"2024-03-29T16:25:17.000Z","🙏 Thank you","ChZDSUhNMG9nS0VJQ0FnSUNEOGN6U0ZBEAE",,,,,,,,,"Google","https://www.google.com/maps/reviews/data=!4m8!14m7!1m6!2m5!1sChZDSUhNMG9nS0VJQ0FnSUNEOGN6U0ZBEAE!2m1!1s0x0:0xc46d9dbd85c4e1e2!3m1!1s2@1:CIHM0ogKEICAgICD8czSFA%7C%7C?hl=en","108775973103513349516","4","https://lh3.googleusercontent.com/a/ACg8ocKneKX6_ltkoKkGCyZBRAgMREekY8VdQUcrUYLBr6rfRNkgpA=s1920-c-rp-mo-br100","https://www.google.com/maps/contrib/108775973103513349516?hl=en","329","2026-10-06T19:23:43.222Z","Direct Detail URL: https://www.google.com/maps?cid=14154142641213989346","5",,,"false","It was a great evening. ENJOYED ALOT 💫",,"Dunes Discovery Tourism LLC","5",,"https://www.google.com/maps/search/?api=1&query=Dunes%20Discovery%20Tourism%20LLC&query_place_id=ChIJbWsIEIVEdEER4uHEhb2dbcQ",
,"1522201601161585131","Tour agency","Service establishment","Tour agency","14154142641213989346",,,"0x4174448510086b6d:0xc46d9dbd85c4e1e2",,"https://lh3.googleusercontent.com/grass-cs/AABkmLd2_d1tXdrlH6LWW10pygDnJzaUhEU7C7L75fvzbAv4OYkdlD4LwcGPTtfM0xX8prg6H7I6hKya8LF-YWUiDMb0s1vwi8onlMyPQGQGfLxxP-evkFPGc0oYiPA5qiJVrNSeoCE=w408-h261-k-no","false","false","/g/11vk63ds_v","en","1","24.3539913","53.9485752","Elizabeth Balakireva",,"en","false","ChIJbWsIEIVEdEER4uHEhb2dbcQ",,,"2 years ago","2024-03-29T15:59:06.142Z",,"2024-03-29T16:26:03.000Z","Thanks for your feedback 😇","ChdDSUhNMG9nS0VJQ0FnSUNEOGNpYjBnRRAB","https://lh3.googleusercontent.com/grass-cs/ACvplmOUcbcA7p1GiLjzqYKI9AbM0ZyWVGqGAb_ONn_BTzHjyS8CPLiXXRUQNkaJ2JYzGPhVfGXT2SIsuNVe1R-jHjmQAkB0rFXrBpW71jz4iG25m5h70etqUYY9qptkcBKMu3rvKsU=k-no","https://lh3.googleusercontent.com/grass-cs/ACvplmMPQGCwTZPFgB2kwl-OrGJjof73s9kq7dRHvUCMbfHBiokJeDB7cpgxkCodVn-P0NoGsg_cx8eoegATNchSEuikqgnBYxLf8RT9E36Y9stWB9rm5SWIs6KGfIvaSXCF4z2pRvGm=k-no",,,,,,,"Google","https://www.google.com/maps/reviews/data=!4m8!14m7!1m6!2m5!1sChdDSUhNMG9nS0VJQ0FnSUNEOGNpYjBnRRAB!2m1!1s0x0:0xc46d9dbd85c4e1e2!3m1!1s2@1:CIHM0ogKEICAgICD8cib0gE%7C%7C?hl=en","104879220854355230949","3","https://lh3.googleusercontent.com/a-/ALV-UjXlZZw8_YuSmOaTjMS6hBzj78SkpPXKPuneZ61JDk1meB-mld99=s1920-c-rp-mo-br100","https://www.google.com/maps/contrib/104879220854355230949?hl=en","329","2026-10-06T19:23:43.222Z","Direct Detail URL: https://www.google.com/maps?cid=14154142641213989346","5",,,"false","It was a perfect journey. I’d like to say thanks to our driver Malik. He is very kind and made everything to make our day unforgettable.

Desert is very impressive. We took a lot of photos and videos, than we had a nice show with tasty food and dancers.",,"Dunes Discovery Tourism LLC","5",,"https://www.google.com/maps/search/?api=1&query=Dunes%20Discovery%20Tourism%20LLC&query_place_id=ChIJbWsIEIVEdEER4uHEhb2dbcQ",
,"1522201601161585131","Tour agency","Service establishment","Tour agency","14154142641213989346",,,"0x4174448510086b6d:0xc46d9dbd85c4e1e2",,"https://lh3.googleusercontent.com/grass-cs/AABkmLd2_d1tXdrlH6LWW10pygDnJzaUhEU7C7L75fvzbAv4OYkdlD4LwcGPTtfM0xX8prg6H7I6hKya8LF-YWUiDMb0s1vwi8onlMyPQGQGfLxxP-evkFPGc0oYiPA5qiJVrNSeoCE=w408-h261-k-no","false","false","/g/11vk63ds_v","en","1","24.3539913","53.9485752","Milica Stevanovic",,"en","false","ChIJbWsIEIVEdEER4uHEhb2dbcQ",,,"2 years ago","2024-03-29T15:57:15.706Z",,"2024-03-29T16:26:18.000Z","Many thanks 🤩 ","ChZDSUhNMG9nS0VJQ0FnSUNEOGZDM1FBEAE","https://lh3.googleusercontent.com/grass-cs/ACvplmOvEWUb7NZCBXJ2YRTlm7vLNOlaJvSiz3yagIP2-IvQ7HsYqQnxgBJOR-oQ_0AhYmOrOQTMygWvzcbiTg5cFPXs71fM1JZ9uQs_pHvyZk8Q9LXUS6mGAYH_Sw6v75DwXBMVxXuOsA=k-no",,,,,,,,"Google","https://www.google.com/maps/reviews/data=!4m8!14m7!1m6!2m5!1sChZDSUhNMG9nS0VJQ0FnSUNEOGZDM1FBEAE!2m1!1s0x0:0xc46d9dbd85c4e1e2!3m1!1s2@1:CIHM0ogKEICAgICD8fC3QA%7C%7C?hl=en","102253378658411340584","3","https://lh3.googleusercontent.com/a-/ALV-UjWsarzW0wgpyhZ4NqrEDnuZBsWgF90GJQWzHAAu6m5JEjYD_fm_=s1920-c-rp-mo-br100","https://www.google.com/maps/contrib/102253378658411340584?hl=en","329","2026-10-06T19:23:43.222Z","Direct Detail URL: https://www.google.com/maps?cid=14154142641213989346","5",,,"false","Absolutely perfect! Everything was perfect and above all our expectacions!",,"Dunes Discovery Tourism LLC","5",,"https://www.google.com/maps/search/?api=1&query=Dunes%20Discovery%20Tourism%20LLC&query_place_id=ChIJbWsIEIVEdEER4uHEhb2dbcQ",
,"1522201601161585131","Tour agency","Service establishment","Tour agency","14154142641213989346",,,"0x4174448510086b6d:0xc46d9dbd85c4e1e2",,"https://lh3.googleusercontent.com/grass-cs/AABkmLd2_d1tXdrlH6LWW10pygDnJzaUhEU7C7L75fvzbAv4OYkdlD4LwcGPTtfM0xX8prg6H7I6hKya8LF-YWUiDMb0s1vwi8onlMyPQGQGfLxxP-evkFPGc0oYiPA5qiJVrNSeoCE=w408-h261-k-no","false","false","/g/11vk63ds_v","en","0","24.3539913","53.9485752","Aleksandar Contact",,,"false","ChIJbWsIEIVEdEER4uHEhb2dbcQ",,,"2 years ago","2024-03-29T15:54:21.257Z",,"2024-03-29T16:26:34.000Z","Thank you 🙏 ","ChZDSUhNMG9nS0VJQ0FnSUNEOFpEVlp3EAE",,,,,,,,,"Google","https://www.google.com/maps/reviews/data=!4m8!14m7!1m6!2m5!1sChZDSUhNMG9nS0VJQ0FnSUNEOFpEVlp3EAE!2m1!1s0x0:0xc46d9dbd85c4e1e2!3m1!1s2@1:CIHM0ogKEICAgICD8ZDVZw%7C%7C?hl=en","115555589732932761001","2","https://lh3.googleusercontent.com/a-/ALV-UjUKwVqwWne1wI72sWMq3_p_h76Adq037O7gzFswrln3pwedfI6s2A=s1920-c-rp-mo-br100","https://www.google.com/maps/contrib/115555589732932761001?hl=en","329","2026-10-06T19:23:43.222Z","Direct Detail URL: https://www.google.com/maps?cid=14154142641213989346","5",,,"false",,,"Dunes Discovery Tourism LLC","5",,"https://www.google.com/maps/search/?api=1&query=Dunes%20Discovery%20Tourism%20LLC&query_place_id=ChIJbWsIEIVEdEER4uHEhb2dbcQ",
,"1522201601161585131","Tour agency","Service establishment","Tour agency","14154142641213989346",,,"0x4174448510086b6d:0xc46d9dbd85c4e1e2",,"https://lh3.googleusercontent.com/grass-cs/AABkmLd2_d1tXdrlH6LWW10pygDnJzaUhEU7C7L75fvzbAv4OYkdlD4LwcGPTtfM0xX8prg6H7I6hKya8LF-YWUiDMb0s1vwi8onlMyPQGQGfLxxP-evkFPGc0oYiPA5qiJVrNSeoCE=w408-h261-k-no","false","false","/g/11vk63ds_v","en","0","24.3539913","53.9485752","Manan Gupta",,,"false","ChIJbWsIEIVEdEER4uHEhb2dbcQ",,,"2 years ago","2024-03-27T15:58:10.286Z",,"2024-03-27T16:20:50.000Z","🙏 Thank you.","ChZDSUhNMG9nS0VJQ0FnSUNEeHJ2N05REAE",,,,,,,,,"Google","https://www.google.com/maps/reviews/data=!4m8!14m7!1m6!2m5!1sChZDSUhNMG9nS0VJQ0FnSUNEeHJ2N05REAE!2m1!1s0x0:0xc46d9dbd85c4e1e2!3m1!1s2@1:CIHM0ogKEICAgICDxrv7NQ%7C%7C?hl=en","113261099648707059794","3","https://lh3.googleusercontent.com/a-/ALV-UjU00IEyMYZN9TWzqA2WdefdqCIWPhf1ENDkWxMDAwrdFEARiOxo=s1920-c-rp-mo-br100","https://www.google.com/maps/contrib/113261099648707059794?hl=en","329","2026-10-06T19:23:43.222Z","Direct Detail URL: https://www.google.com/maps?cid=14154142641213989346","5",,,"false",,,"Dunes Discovery Tourism LLC","5",,"https://www.google.com/maps/search/?api=1&query=Dunes%20Discovery%20Tourism%20LLC&query_place_id=ChIJbWsIEIVEdEER4uHEhb2dbcQ",
,"1522201601161585131","Tour agency","Service establishment","Tour agency","14154142641213989346",,,"0x4174448510086b6d:0xc46d9dbd85c4e1e2",,"https://lh3.googleusercontent.com/grass-cs/AABkmLd2_d1tXdrlH6LWW10pygDnJzaUhEU7C7L75fvzbAv4OYkdlD4LwcGPTtfM0xX8prg6H7I6hKya8LF-YWUiDMb0s1vwi8onlMyPQGQGfLxxP-evkFPGc0oYiPA5qiJVrNSeoCE=w408-h261-k-no","false","false","/g/11vk63ds_v","en","1","24.3539913","53.9485752","Anshika Doneria",,"en","false","ChIJbWsIEIVEdEER4uHEhb2dbcQ",,,"2 years ago","2024-03-27T15:57:47.503Z",,"2024-03-27T16:20:29.000Z","Thanks😇","ChdDSUhNMG9nS0VJQ0FnSUNEeHJ2NnV3RRAB",,,,,,,,,"Google","https://www.google.com/maps/reviews/data=!4m8!14m7!1m6!2m5!1sChdDSUhNMG9nS0VJQ0FnSUNEeHJ2NnV3RRAB!2m1!1s0x0:0xc46d9dbd85c4e1e2!3m1!1s2@1:CIHM0ogKEICAgICDxrv6uwE%7C%7C?hl=en","116142364740059772638","1","https://lh3.googleusercontent.com/a-/ALV-UjWT6Ko_kmnnWK6rOx4QnILmDiUWAUbBA1ewEIXZVzABTm-ZCHs=s1920-c-rp-mo-br100","https://www.google.com/maps/contrib/116142364740059772638?hl=en","329","2026-10-06T19:23:43.222Z","Direct Detail URL: https://www.google.com/maps?cid=14154142641213989346","5",,,"false","Great drive!
Had fun",,"Dunes Discovery Tourism LLC","5",,"https://www.google.com/maps/search/?api=1&query=Dunes%20Discovery%20Tourism%20LLC&query_place_id=ChIJbWsIEIVEdEER4uHEhb2dbcQ",
,"1522201601161585131","Tour agency","Service establishment","Tour agency","14154142641213989346",,,"0x4174448510086b6d:0xc46d9dbd85c4e1e2",,"https://lh3.googleusercontent.com/grass-cs/AABkmLd2_d1tXdrlH6LWW10pygDnJzaUhEU7C7L75fvzbAv4OYkdlD4LwcGPTtfM0xX8prg6H7I6hKya8LF-YWUiDMb0s1vwi8onlMyPQGQGfLxxP-evkFPGc0oYiPA5qiJVrNSeoCE=w408-h261-k-no","false","false","/g/11vk63ds_v","en","1","24.3539913","53.9485752","Sagar Pyakurel",,"en","false","ChIJbWsIEIVEdEER4uHEhb2dbcQ",,,"2 years ago","2024-03-27T15:48:56.267Z",,"2024-03-27T16:21:13.000Z","Thanks for your feedback ","ChZDSUhNMG9nS0VJQ0FnSUNEeHRPMUV3EAE",,,,,,,,,"Google","https://www.google.com/maps/reviews/data=!4m8!14m7!1m6!2m5!1sChZDSUhNMG9nS0VJQ0FnSUNEeHRPMUV3EAE!2m1!1s0x0:0xc46d9dbd85c4e1e2!3m1!1s2@1:CIHM0ogKEICAgICDxtO1Ew%7C%7C?hl=en","114193490111415148255","2","https://lh3.googleusercontent.com/a/ACg8ocIF4BAa2V2tQqRJDk6mBwDgs7yt72Wv3tBaMC8UPxnlg4JKkQ=s1920-c-rp-mo-br100","https://www.google.com/maps/contrib/114193490111415148255?hl=en","329","2026-10-06T19:23:43.222Z","Direct Detail URL: https://www.google.com/maps?cid=14154142641213989346","5",,,"false","We had a wonderful family desert safari with Explore Dubai. Will highly recommend the service. Our driver Mr Malik was awesome. Had lots of fun. Looking forward to come again in future.",,"Dunes Discovery Tourism LLC","5",,"https://www.google.com/maps/search/?api=1&query=Dunes%20Discovery%20Tourism%20LLC&query_place_id=ChIJbWsIEIVEdEER4uHEhb2dbcQ",
,"1522201601161585131","Tour agency","Service establishment","Tour agency","14154142641213989346",,,"0x4174448510086b6d:0xc46d9dbd85c4e1e2",,"https://lh3.googleusercontent.com/grass-cs/AABkmLd2_d1tXdrlH6LWW10pygDnJzaUhEU7C7L75fvzbAv4OYkdlD4LwcGPTtfM0xX8prg6H7I6hKya8LF-YWUiDMb0s1vwi8onlMyPQGQGfLxxP-evkFPGc0oYiPA5qiJVrNSeoCE=w408-h261-k-no","false","false","/g/11vk63ds_v","en","0","24.3539913","53.9485752","Rachit Joshi",,,"false","ChIJbWsIEIVEdEER4uHEhb2dbcQ",,,"2 years ago","2024-03-26T16:20:13.485Z",,"2024-03-27T16:21:29.000Z","Thank you😇","ChZDSUhNMG9nS0VJQ0FnSUNEOHVQUmFBEAE",,,,,,,,,"Google","https://www.google.com/maps/reviews/data=!4m8!14m7!1m6!2m5!1sChZDSUhNMG9nS0VJQ0FnSUNEOHVQUmFBEAE!2m1!1s0x0:0xc46d9dbd85c4e1e2!3m1!1s2@1:CIHM0ogKEICAgICD8uPRaA%7C%7C?hl=en","105830145606596462314","6","https://lh3.googleusercontent.com/a-/ALV-UjWt_8JQ5z2AKfRBJyGhESM8afZ3jWE7qj0SXvVmRX-KLRm-WlyNvA=s1920-c-rp-mo-br100","https://www.google.com/maps/contrib/105830145606596462314?hl=en","329","2026-10-06T19:23:43.222Z","Direct Detail URL: https://www.google.com/maps?cid=14154142641213989346","5",,,"false",,,"Dunes Discovery Tourism LLC","5",,"https://www.google.com/maps/search/?api=1&query=Dunes%20Discovery%20Tourism%20LLC&query_place_id=ChIJbWsIEIVEdEER4uHEhb2dbcQ",
,"1522201601161585131","Tour agency","Service establishment","Tour agency","14154142641213989346",,,"0x4174448510086b6d:0xc46d9dbd85c4e1e2",,"https://lh3.googleusercontent.com/grass-cs/AABkmLd2_d1tXdrlH6LWW10pygDnJzaUhEU7C7L75fvzbAv4OYkdlD4LwcGPTtfM0xX8prg6H7I6hKya8LF-YWUiDMb0s1vwi8onlMyPQGQGfLxxP-evkFPGc0oYiPA5qiJVrNSeoCE=w408-h261-k-no","false","false","/g/11vk63ds_v","en","1","24.3539913","53.9485752","farhina hashmi",,"en","false","ChIJbWsIEIVEdEER4uHEhb2dbcQ",,,"2 years ago","2024-03-26T16:08:27.872Z",,"2024-03-26T16:18:41.000Z","Thanks for the amazing feedback 😇","ChZDSUhNMG9nS0VJQ0FnSUNEOHZXbmN3EAE",,,,,,,,,"Google","https://www.google.com/maps/reviews/data=!4m8!14m7!1m6!2m5!1sChZDSUhNMG9nS0VJQ0FnSUNEOHZXbmN3EAE!2m1!1s0x0:0xc46d9dbd85c4e1e2!3m1!1s2@1:CIHM0ogKEICAgICD8vWncw%7C%7C?hl=en","104684269374312243944","5","https://lh3.googleusercontent.com/a/ACg8ocKAkwSZmQPDYxyrKyH8CArBoUq8C5kB1bBXuhKaGqZfQL_A9g=s1920-c-rp-mo-br100","https://www.google.com/maps/contrib/104684269374312243944?hl=en","329","2026-10-06T19:23:43.222Z","Direct Detail URL: https://www.google.com/maps?cid=14154142641213989346","5",,,"false","""I recently had the pleasure of experiencing a desert safari in Dubai, and it was nothing short of spectacular! From exhilarating dune bashing to mesmerizing sunset views over the golden sands, every moment was a thrill. The traditional Bedouin camp setup was enchanting, offering cultural insights, delicious food, and captivating entertainment under the starlit sky. The entire journey was well-organized, safe, and truly memorable. A big shoutout to the fantastic team for making this a fantabulous experience. Highly recommended for anyone visiting Dubai!"" A heartfelt thanks to Irfan and Zubair Bhai ….",,"Dunes Discovery Tourism LLC","5",,"https://www.google.com/maps/search/?api=1&query=Dunes%20Discovery%20Tourism%20LLC&query_place_id=ChIJbWsIEIVEdEER4uHEhb2dbcQ",
,"1522201601161585131","Tour agency","Service establishment","Tour agency","14154142641213989346",,,"0x4174448510086b6d:0xc46d9dbd85c4e1e2",,"https://lh3.googleusercontent.com/grass-cs/AABkmLd2_d1tXdrlH6LWW10pygDnJzaUhEU7C7L75fvzbAv4OYkdlD4LwcGPTtfM0xX8prg6H7I6hKya8LF-YWUiDMb0s1vwi8onlMyPQGQGfLxxP-evkFPGc0oYiPA5qiJVrNSeoCE=w408-h261-k-no","false","false","/g/11vk63ds_v","en","0","24.3539913","53.9485752","moon chand",,,"false","ChIJbWsIEIVEdEER4uHEhb2dbcQ",,,"Edited 2 years ago","2024-03-26T16:03:13.273Z",,"2024-01-04T18:47:26.000Z","Thank you 😇","ChdDSUhNMG9nS0VJQ0FnSUMxX05fNXdBRRAB",,,,,,,,,"Google","https://www.google.com/maps/reviews/data=!4m8!14m7!1m6!2m5!1sChdDSUhNMG9nS0VJQ0FnSUMxX05fNXdBRRAB!2m1!1s0x0:0xc46d9dbd85c4e1e2!3m1!1s2@1:CIHM0ogKEICAgIC1_N_5wAE%7C%7C?hl=en","110560929340205805712","3","https://lh3.googleusercontent.com/a/ACg8ocL13OO2sjYxqf3ReAHKD15P5EC_lp1Gt4Yz5gddLh1h6C5Opg=s1920-c-rp-mo-br100","https://www.google.com/maps/contrib/110560929340205805712?hl=en","329","2026-10-06T19:23:43.222Z","Direct Detail URL: https://www.google.com/maps?cid=14154142641213989346","5",,,"false",,,"Dunes Discovery Tourism LLC","5",,"https://www.google.com/maps/search/?api=1&query=Dunes%20Discovery%20Tourism%20LLC&query_place_id=ChIJbWsIEIVEdEER4uHEhb2dbcQ",
,"1522201601161585131","Tour agency","Service establishment","Tour agency","14154142641213989346",,,"0x4174448510086b6d:0xc46d9dbd85c4e1e2",,"https://lh3.googleusercontent.com/grass-cs/AABkmLd2_d1tXdrlH6LWW10pygDnJzaUhEU7C7L75fvzbAv4OYkdlD4LwcGPTtfM0xX8prg6H7I6hKya8LF-YWUiDMb0s1vwi8onlMyPQGQGfLxxP-evkFPGc0oYiPA5qiJVrNSeoCE=w408-h261-k-no","false","false","/g/11vk63ds_v","en","0","24.3539913","53.9485752","Shaibaaz Pahelwaan",,"en","false","ChIJbWsIEIVEdEER4uHEhb2dbcQ",,,"2 years ago","2024-03-24T17:02:58.034Z",,"2024-03-24T17:32:43.000Z","Thanks 🙏 ","ChdDSUhNMG9nS0VJQ0FnSUNENU5pcmdnRRAB","https://lh3.googleusercontent.com/grass-cs/ACvplmOCjEwLqkfAKBB1-TuY3QkGNWJFCHNpL9AFF_c7bn7o5aLogLjnU83AknXmT_Uhqu9gPIO23Df7yM07U3_ufKWDz2V7evbvJj77qBUzHbZrPk5iTE1OvStKyfzeAlovtkIKp_za=k-no","https://lh3.googleusercontent.com/grass-cs/ACvplmO1bpAUFtiuUOQUSxmMFKvV9PALb1aloUh3TdTko5KO7PmZd9eDEQ_PSR6U0r-29GuPZteobP8VdZpIGPnZB6z8iJVKDVv3bMAdADsBRUF7kM0XSLpsEmH-kmMEDas9M1fsYwJ-=k-no","https://lh3.googleusercontent.com/grass-cs/ACvplmMy8GYZMpcPrexKj-QlvZjw4HTfEWmU-pbUfZGbQEHzkv65pZHB3pDscVMWfxprKtgvtwV8YTPJ0VlneSaOJSXiz5B9sDKXTYnOVvs0PSPiiKIlanehUPGAQr7HBB0aLDhmzH4FOQ=k-no",,,,,,"Google","https://www.google.com/maps/reviews/data=!4m8!14m7!1m6!2m5!1sChdDSUhNMG9nS0VJQ0FnSUNENU5pcmdnRRAB!2m1!1s0x0:0xc46d9dbd85c4e1e2!3m1!1s2@1:CIHM0ogKEICAgICD5NirggE%7C%7C?hl=en","105465456144624505612","1","https://lh3.googleusercontent.com/a-/ALV-UjWEEumkbAyiAZJN3JiHcSZ7jzCM9bodOy3FuXUUNZVhpYPtx4fC=s1920-c-rp-mo-br100","https://www.google.com/maps/contrib/105465456144624505612?hl=en","329","2026-10-06T19:23:43.222Z","Direct Detail URL: https://www.google.com/maps?cid=14154142641213989346","5",,,"false","Malik Shahbaz is a very good man and he gives good respect and good memories. I feel very good on way with him. And nice photographers",,"Dunes Discovery Tourism LLC","5",,"https://www.google.com/maps/search/?api=1&query=Dunes%20Discovery%20Tourism%20LLC&query_place_id=ChIJbWsIEIVEdEER4uHEhb2dbcQ",
,"1522201601161585131","Tour agency","Service establishment","Tour agency","14154142641213989346",,,"0x4174448510086b6d:0xc46d9dbd85c4e1e2",,"https://lh3.googleusercontent.com/grass-cs/AABkmLd2_d1tXdrlH6LWW10pygDnJzaUhEU7C7L75fvzbAv4OYkdlD4LwcGPTtfM0xX8prg6H7I6hKya8LF-YWUiDMb0s1vwi8onlMyPQGQGfLxxP-evkFPGc0oYiPA5qiJVrNSeoCE=w408-h261-k-no","false","false","/g/11vk63ds_v","en","1","24.3539913","53.9485752","Иван Борисов",,"en","false","ChIJbWsIEIVEdEER4uHEhb2dbcQ",,,"2 years ago","2024-03-24T16:19:20.780Z",,"2024-03-24T16:38:09.000Z","🙏 thanks","ChRDSUhNMG9nS0VJQ0FnSUNEcFAxMhAB","https://lh3.googleusercontent.com/grass-cs/ACvplmOJ_hqLmqs2GExokwFqy6mCYqN_s7LRyQ4XU-XuXDuUBIREPYgHyqPk30dtJT3khEqIl8EUl5VM1T-XbbvT7jaUM4rFy6O22U33-ZkyHCRaVeCXi7qllmcCvbxeeFebdY3uil_d=k-no","https://lh3.googleusercontent.com/grass-cs/ACvplmO04id_lSyahhBWrHvRFykl_C3ml0QQZk9ch0IEcsjPtqGkwBQlgOB6RAEm1CzfgAgrU6BzaJTl7nuZ0n6fZpvhZwB5sHVAVsmaUIrWCs8ZxJBVmwX1XHD452xqONesaxLFDSQh=k-no","https://lh3.googleusercontent.com/grass-cs/ACvplmOjxs8uX9WjVLCRqXEZRUp8EuvFUwayQH7WxCsOT_hv0Aq6ShpW9VJ3oRzHyikD_PxB8JS8fZwkt6wTsUq9WQ4VB9mr7DEWvrYfcODZCbaAyHT8_QV1dA_yxWwhY2y8NXl3rG_YDA=k-no",,,,,,"Google","https://www.google.com/maps/reviews/data=!4m8!14m7!1m6!2m5!1sChRDSUhNMG9nS0VJQ0FnSUNEcFAxMhAB!2m1!1s0x0:0xc46d9dbd85c4e1e2!3m1!1s2@1:CIHM0ogKEICAgICDpP12%7C%7C?hl=en","114995717571503292909","1","https://lh3.googleusercontent.com/a-/ALV-UjWB3D2XfQglRjQZqsS0OWa2Nf970zmvErFeqCUO_2OFs13wyRli=s1920-c-rp-mo-br100","https://www.google.com/maps/contrib/114995717571503292909?hl=en","329","2026-10-06T19:23:43.222Z","Direct Detail URL: https://www.google.com/maps?cid=14154142641213989346","5",,,"false","Good view! The best",,"Dunes Discovery Tourism LLC","5",,"https://www.google.com/maps/search/?api=1&query=Dunes%20Discovery%20Tourism%20LLC&query_place_id=ChIJbWsIEIVEdEER4uHEhb2dbcQ",
,"1522201601161585131","Tour agency","Service establishment","Tour agency","14154142641213989346",,,"0x4174448510086b6d:0xc46d9dbd85c4e1e2",,"https://lh3.googleusercontent.com/grass-cs/AABkmLd2_d1tXdrlH6LWW10pygDnJzaUhEU7C7L75fvzbAv4OYkdlD4LwcGPTtfM0xX8prg6H7I6hKya8LF-YWUiDMb0s1vwi8onlMyPQGQGfLxxP-evkFPGc0oYiPA5qiJVrNSeoCE=w408-h261-k-no","false","false","/g/11vk63ds_v","en","1","24.3539913","53.9485752","Viktoria Gazizova",,"en","false","ChIJbWsIEIVEdEER4uHEhb2dbcQ",,,"2 years ago","2024-03-24T16:17:22.499Z",,"2024-03-24T16:39:00.000Z","🙏 thanks.","ChdDSUhNMG9nS0VJQ0FnSUNEcE4yY2l3RRAB",,,,,,,,,"Google","https://www.google.com/maps/reviews/data=!4m8!14m7!1m6!2m5!1sChdDSUhNMG9nS0VJQ0FnSUNEcE4yY2l3RRAB!2m1!1s0x0:0xc46d9dbd85c4e1e2!3m1!1s2@1:CIHM0ogKEICAgICDpN2ciwE%7C%7C?hl=en","112178833881453870223","1","https://lh3.googleusercontent.com/a/ACg8ocLOIaDyiyHJYuB_8aq62goD4PxvLKWDDko-1UFb5bYchmLCMg=s1920-c-rp-mo-br100","https://www.google.com/maps/contrib/112178833881453870223?hl=en","329","2026-10-06T19:23:43.222Z","Direct Detail URL: https://www.google.com/maps?cid=14154142641213989346","5",,,"false","Everything were super!!! Thanks",,"Dunes Discovery Tourism LLC","5",,"https://www.google.com/maps/search/?api=1&query=Dunes%20Discovery%20Tourism%20LLC&query_place_id=ChIJbWsIEIVEdEER4uHEhb2dbcQ",
,"1522201601161585131","Tour agency","Service establishment","Tour agency","14154142641213989346",,,"0x4174448510086b6d:0xc46d9dbd85c4e1e2",,"https://lh3.googleusercontent.com/grass-cs/AABkmLd2_d1tXdrlH6LWW10pygDnJzaUhEU7C7L75fvzbAv4OYkdlD4LwcGPTtfM0xX8prg6H7I6hKya8LF-YWUiDMb0s1vwi8onlMyPQGQGfLxxP-evkFPGc0oYiPA5qiJVrNSeoCE=w408-h261-k-no","false","false","/g/11vk63ds_v","en","1","24.3539913","53.9485752","Варвара Белова",,"en","false","ChIJbWsIEIVEdEER4uHEhb2dbcQ",,,"2 years ago","2024-03-24T16:13:57.890Z",,"2024-03-24T16:39:29.000Z","Thank you😇","ChdDSUhNMG9nS0VJQ0FnSUNEcE0yRl93RRAB",,,,,,,,,"Google","https://www.google.com/maps/reviews/data=!4m8!14m7!1m6!2m5!1sChdDSUhNMG9nS0VJQ0FnSUNEcE0yRl93RRAB!2m1!1s0x0:0xc46d9dbd85c4e1e2!3m1!1s2@1:CIHM0ogKEICAgICDpM2F_wE%7C%7C?hl=en","111924799901556545557","1","https://lh3.googleusercontent.com/a/ACg8ocIv9Ux2-53-ITM3PkbpKcmvTapxA3cRimzPpSwVCNO1YPhkZA=s1920-c-rp-mo-br100","https://www.google.com/maps/contrib/111924799901556545557?hl=en","329","2026-10-06T19:23:43.222Z","Direct Detail URL: https://www.google.com/maps?cid=14154142641213989346","5",,,"false","Everything was amazing! The rides and the camels walking around in the desert!",,"Dunes Discovery Tourism LLC","5",,"https://www.google.com/maps/search/?api=1&query=Dunes%20Discovery%20Tourism%20LLC&query_place_id=ChIJbWsIEIVEdEER4uHEhb2dbcQ",
,"1522201601161585131","Tour agency","Service establishment","Tour agency","14154142641213989346",,,"0x4174448510086b6d:0xc46d9dbd85c4e1e2",,"https://lh3.googleusercontent.com/grass-cs/AABkmLd2_d1tXdrlH6LWW10pygDnJzaUhEU7C7L75fvzbAv4OYkdlD4LwcGPTtfM0xX8prg6H7I6hKya8LF-YWUiDMb0s1vwi8onlMyPQGQGfLxxP-evkFPGc0oYiPA5qiJVrNSeoCE=w408-h261-k-no","false","false","/g/11vk63ds_v","en","1","24.3539913","53.9485752","Маргарита Мартынова",,"en","false","ChIJbWsIEIVEdEER4uHEhb2dbcQ",,,"2 years ago","2024-03-24T16:13:18.589Z",,"2024-03-24T16:15:06.000Z","Thank you.🙏 ","ChdDSUhNMG9nS0VJQ0FnSUNEcEkzUDJnRRAB",,,,,,,,,"Google","https://www.google.com/maps/reviews/data=!4m8!14m7!1m6!2m5!1sChdDSUhNMG9nS0VJQ0FnSUNEcEkzUDJnRRAB!2m1!1s0x0:0xc46d9dbd85c4e1e2!3m1!1s2@1:CIHM0ogKEICAgICDpI3P2gE%7C%7C?hl=en","100982957877342535774","1","https://lh3.googleusercontent.com/a/ACg8ocIiPT_kX1BNR0b3G45LI7AdFE2VHmidglinh50AC8XBpGivaA=s1920-c-rp-mo-br100","https://www.google.com/maps/contrib/100982957877342535774?hl=en","329","2026-10-06T19:23:43.222Z","Direct Detail URL: https://www.google.com/maps?cid=14154142641213989346","5",,,"false","Amazing Safari I am happy!",,"Dunes Discovery Tourism LLC","5",,"https://www.google.com/maps/search/?api=1&query=Dunes%20Discovery%20Tourism%20LLC&query_place_id=ChIJbWsIEIVEdEER4uHEhb2dbcQ",
,"1522201601161585131","Tour agency","Service establishment","Tour agency","14154142641213989346",,,"0x4174448510086b6d:0xc46d9dbd85c4e1e2",,"https://lh3.googleusercontent.com/grass-cs/AABkmLd2_d1tXdrlH6LWW10pygDnJzaUhEU7C7L75fvzbAv4OYkdlD4LwcGPTtfM0xX8prg6H7I6hKya8LF-YWUiDMb0s1vwi8onlMyPQGQGfLxxP-evkFPGc0oYiPA5qiJVrNSeoCE=w408-h261-k-no","false","false","/g/11vk63ds_v","en","1","24.3539913","53.9485752","Alexandra Tarshilova",,"en","false","ChIJbWsIEIVEdEER4uHEhb2dbcQ",,,"2 years ago","2024-03-24T16:12:37.526Z",,"2024-03-24T16:14:45.000Z","Thanks for feedback 😇","ChdDSUhNMG9nS0VJQ0FnSUNEcEkyY2dnRRAB",,,,,,,,,"Google","https://www.google.com/maps/reviews/data=!4m8!14m7!1m6!2m5!1sChdDSUhNMG9nS0VJQ0FnSUNEcEkyY2dnRRAB!2m1!1s0x0:0xc46d9dbd85c4e1e2!3m1!1s2@1:CIHM0ogKEICAgICDpI2cggE%7C%7C?hl=en","102035411602168316204","1","https://lh3.googleusercontent.com/a-/ALV-UjUH1ACnJSd-TDMQtyMcj7dKm6a1e4fT3REqt_u-sVnJvcjYMg=s1920-c-rp-mo-br100","https://www.google.com/maps/contrib/102035411602168316204?hl=en","329","2026-10-06T19:23:43.222Z","Direct Detail URL: https://www.google.com/maps?cid=14154142641213989346","5",,,"false","The rides were mind-blowing!! Thanks a lot!",,"Dunes Discovery Tourism LLC","5",,"https://www.google.com/maps/search/?api=1&query=Dunes%20Discovery%20Tourism%20LLC&query_place_id=ChIJbWsIEIVEdEER4uHEhb2dbcQ",
,"1522201601161585131","Tour agency","Service establishment","Tour agency","14154142641213989346",,,"0x4174448510086b6d:0xc46d9dbd85c4e1e2",,"https://lh3.googleusercontent.com/grass-cs/AABkmLd2_d1tXdrlH6LWW10pygDnJzaUhEU7C7L75fvzbAv4OYkdlD4LwcGPTtfM0xX8prg6H7I6hKya8LF-YWUiDMb0s1vwi8onlMyPQGQGfLxxP-evkFPGc0oYiPA5qiJVrNSeoCE=w408-h261-k-no","false","false","/g/11vk63ds_v","en","1","24.3539913","53.9485752","raghav mehra",,"en","false","ChIJbWsIEIVEdEER4uHEhb2dbcQ",,,"2 years ago","2024-03-23T17:36:14.257Z",,"2024-03-24T09:47:54.000Z","Thanks for your feedback.","ChdDSUhNMG9nS0VJQ0FnSUNEOE9lNnpnRRAB",,,,,,,,,"Google","https://www.google.com/maps/reviews/data=!4m8!14m7!1m6!2m5!1sChdDSUhNMG9nS0VJQ0FnSUNEOE9lNnpnRRAB!2m1!1s0x0:0xc46d9dbd85c4e1e2!3m1!1s2@1:CIHM0ogKEICAgICD8Oe6zgE%7C%7C?hl=en","110878967911198432742","1","https://lh3.googleusercontent.com/a/ACg8ocL5TTvhm4RCpIsZxxsjRVQ_6wn1lhiPMzgNiUs_7zcJfrHu=s1920-c-rp-mo-br100","https://www.google.com/maps/contrib/110878967911198432742?hl=en","329","2026-10-06T19:23:43.222Z","Direct Detail URL: https://www.google.com/maps?cid=14154142641213989346","5",,,"false","We had wonderful experience, had full day filled with adventure, thrill , rides n show ..would recommend everyone to choose dem for dere best experience...",,"Dunes Discovery Tourism LLC","5",,"https://www.google.com/maps/search/?api=1&query=Dunes%20Discovery%20Tourism%20LLC&query_place_id=ChIJbWsIEIVEdEER4uHEhb2dbcQ",
,"1522201601161585131","Tour agency","Service establishment","Tour agency","14154142641213989346",,,"0x4174448510086b6d:0xc46d9dbd85c4e1e2",,"https://lh3.googleusercontent.com/grass-cs/AABkmLd2_d1tXdrlH6LWW10pygDnJzaUhEU7C7L75fvzbAv4OYkdlD4LwcGPTtfM0xX8prg6H7I6hKya8LF-YWUiDMb0s1vwi8onlMyPQGQGfLxxP-evkFPGc0oYiPA5qiJVrNSeoCE=w408-h261-k-no","false","false","/g/11vk63ds_v","en","0","24.3539913","53.9485752","joelle ghazi",,,"false","ChIJbWsIEIVEdEER4uHEhb2dbcQ",,,"2 years ago","2024-03-23T17:24:44.567Z",,"2024-03-23T17:40:10.000Z","Thanks 🙏 ","ChZDSUhNMG9nS0VJQ0FnSUNEOEpQc1ZREAE",,,,,,,,,"Google","https://www.google.com/maps/reviews/data=!4m8!14m7!1m6!2m5!1sChZDSUhNMG9nS0VJQ0FnSUNEOEpQc1ZREAE!2m1!1s0x0:0xc46d9dbd85c4e1e2!3m1!1s2@1:CIHM0ogKEICAgICD8JPsVQ%7C%7C?hl=en","104332015702980968763","0","https://lh3.googleusercontent.com/a/ACg8ocIqiUpb3iXTpcHYKzn_PSE0w9EUMyZNVcD_Mxsmi8qq9b3Y2g=s1920-c-rp-mo-br100","https://www.google.com/maps/contrib/104332015702980968763?hl=en","329","2026-10-06T19:23:43.222Z","Direct Detail URL: https://www.google.com/maps?cid=14154142641213989346","5",,,"false",,,"Dunes Discovery Tourism LLC","5",,"https://www.google.com/maps/search/?api=1&query=Dunes%20Discovery%20Tourism%20LLC&query_place_id=ChIJbWsIEIVEdEER4uHEhb2dbcQ",
,"1522201601161585131","Tour agency","Service establishment","Tour agency","14154142641213989346",,,"0x4174448510086b6d:0xc46d9dbd85c4e1e2",,"https://lh3.googleusercontent.com/grass-cs/AABkmLd2_d1tXdrlH6LWW10pygDnJzaUhEU7C7L75fvzbAv4OYkdlD4LwcGPTtfM0xX8prg6H7I6hKya8LF-YWUiDMb0s1vwi8onlMyPQGQGfLxxP-evkFPGc0oYiPA5qiJVrNSeoCE=w408-h261-k-no","false","true","/g/11vk63ds_v","en","1","24.3539913","53.9485752","Adrianna Malacz",,"en","false","ChIJbWsIEIVEdEER4uHEhb2dbcQ",,,"2 years ago","2024-03-22T16:17:56.782Z",,"2024-03-22T16:32:57.000Z","Thanks 🙏 ","ChZDSUhNMG9nS0VJQ0FnSUQ5Nzc2WE9REAE",,,,,,,,,"Google","https://www.google.com/maps/reviews/data=!4m8!14m7!1m6!2m5!1sChZDSUhNMG9nS0VJQ0FnSUQ5Nzc2WE9REAE!2m1!1s0x0:0xc46d9dbd85c4e1e2!3m1!1s2@1:CIHM0ogKEICAgID9776XOQ%7C%7C?hl=en","101851370741330112797","14","https://lh3.googleusercontent.com/a-/ALV-UjVBThcZadgS_lcdffZgCZxiQSXiXYTX5HzBfhIWt43QeSgt3SdZHg=s1920-c-rp-mo-ba12-br100","https://www.google.com/maps/contrib/101851370741330112797?hl=en","329","2026-10-06T19:23:43.222Z","Direct Detail URL: https://www.google.com/maps?cid=14154142641213989346","5",,,"false","Great experience. We recommend to everyone.
Very good organization and great people.
They are very punctual and take care of every detail.",,"Dunes Discovery Tourism LLC","5",,"https://www.google.com/maps/search/?api=1&query=Dunes%20Discovery%20Tourism%20LLC&query_place_id=ChIJbWsIEIVEdEER4uHEhb2dbcQ",
,"1522201601161585131","Tour agency","Service establishment","Tour agency","14154142641213989346",,,"0x4174448510086b6d:0xc46d9dbd85c4e1e2",,"https://lh3.googleusercontent.com/grass-cs/AABkmLd2_d1tXdrlH6LWW10pygDnJzaUhEU7C7L75fvzbAv4OYkdlD4LwcGPTtfM0xX8prg6H7I6hKya8LF-YWUiDMb0s1vwi8onlMyPQGQGfLxxP-evkFPGc0oYiPA5qiJVrNSeoCE=w408-h261-k-no","false","false","/g/11vk63ds_v","en","1","24.3539913","53.9485752","Yash Bhoomik",,"en","false","ChIJbWsIEIVEdEER4uHEhb2dbcQ",,,"2 years ago","2024-03-20T16:09:22.924Z",,"2024-03-20T16:18:52.000Z","Thanks 🙏 ","ChZDSUhNMG9nS0VJQ0FnSUQ5a19YRWF3EAE","https://lh3.googleusercontent.com/grass-cs/ACvplmOug-ghNce9Y24d1U7N-hp6ncaJznAq_lerZjxROSa54EQIfirAyovEep9Ogx4R3X8tHt9gO5fBPgze_DG3mljmwRUULJsGbDJXf6gMdn7mKjyBjEA4WIXXZK7FA5u1YaLNnLJWtQ=k-no",,,,,,,,"Google","https://www.google.com/maps/reviews/data=!4m8!14m7!1m6!2m5!1sChZDSUhNMG9nS0VJQ0FnSUQ5a19YRWF3EAE!2m1!1s0x0:0xc46d9dbd85c4e1e2!3m1!1s2@1:CIHM0ogKEICAgID9k_XEaw%7C%7C?hl=en","116572260855270402166","7","https://lh3.googleusercontent.com/a-/ALV-UjW_-09RiC-O7StuazFtWGuRJgVGY3PYQHE9B5_ZqQ8PBEEQJqSoOg=s1920-c-rp-mo-br100","https://www.google.com/maps/contrib/116572260855270402166?hl=en","329","2026-10-06T19:23:43.222Z","Direct Detail URL: https://www.google.com/maps?cid=14154142641213989346","5",,,"false","Had great experience with Malik.Very thrilling desert safari,and the food at the camp was superb.overall 10/10",,"Dunes Discovery Tourism LLC","5",,"https://www.google.com/maps/search/?api=1&query=Dunes%20Discovery%20Tourism%20LLC&query_place_id=ChIJbWsIEIVEdEER4uHEhb2dbcQ",
,"1522201601161585131","Tour agency","Service establishment","Tour agency","14154142641213989346",,,"0x4174448510086b6d:0xc46d9dbd85c4e1e2",,"https://lh3.googleusercontent.com/grass-cs/AABkmLd2_d1tXdrlH6LWW10pygDnJzaUhEU7C7L75fvzbAv4OYkdlD4LwcGPTtfM0xX8prg6H7I6hKya8LF-YWUiDMb0s1vwi8onlMyPQGQGfLxxP-evkFPGc0oYiPA5qiJVrNSeoCE=w408-h261-k-no","false","false","/g/11vk63ds_v","en","1","24.3539913","53.9485752","Ruchi ka",,"en","false","ChIJbWsIEIVEdEER4uHEhb2dbcQ",,,"2 years ago","2024-03-20T16:09:13.487Z",,"2024-03-20T16:19:34.000Z","Thanks 🙏 ","ChdDSUhNMG9nS0VJQ0FnSUQ5azdYWGdRRRAB",,,,,,,,,"Google","https://www.google.com/maps/reviews/data=!4m8!14m7!1m6!2m5!1sChdDSUhNMG9nS0VJQ0FnSUQ5azdYWGdRRRAB!2m1!1s0x0:0xc46d9dbd85c4e1e2!3m1!1s2@1:CIHM0ogKEICAgID9k7XXgQE%7C%7C?hl=en","107379111821124592318","2","https://lh3.googleusercontent.com/a/ACg8ocIRJu15KqDROMWixsRkGpAIegKu9Ic-tD_2X_PyOWq2pa5TPA=s1920-c-rp-mo-br100","https://www.google.com/maps/contrib/107379111821124592318?hl=en","329","2026-10-06T19:23:43.222Z","Direct Detail URL: https://www.google.com/maps?cid=14154142641213989346","5",,,"false","Very nice experience with Mr. Malik really he drives very safely.",,"Dunes Discovery Tourism LLC","5",,"https://www.google.com/maps/search/?api=1&query=Dunes%20Discovery%20Tourism%20LLC&query_place_id=ChIJbWsIEIVEdEER4uHEhb2dbcQ",
,"1522201601161585131","Tour agency","Service establishment","Tour agency","14154142641213989346",,,"0x4174448510086b6d:0xc46d9dbd85c4e1e2",,"https://lh3.googleusercontent.com/grass-cs/AABkmLd2_d1tXdrlH6LWW10pygDnJzaUhEU7C7L75fvzbAv4OYkdlD4LwcGPTtfM0xX8prg6H7I6hKya8LF-YWUiDMb0s1vwi8onlMyPQGQGfLxxP-evkFPGc0oYiPA5qiJVrNSeoCE=w408-h261-k-no","false","false","/g/11vk63ds_v","en","1","24.3539913","53.9485752","Rohit Kumar",,"en","false","ChIJbWsIEIVEdEER4uHEhb2dbcQ",,,"2 years ago","2024-03-20T16:08:40.585Z",,"2024-03-20T16:19:06.000Z","Thanks 🙏 ","ChZDSUhNMG9nS0VJQ0FnSUQ5azdXNkNBEAE",,,,,,,,,"Google","https://www.google.com/maps/reviews/data=!4m8!14m7!1m6!2m5!1sChZDSUhNMG9nS0VJQ0FnSUQ5azdXNkNBEAE!2m1!1s0x0:0xc46d9dbd85c4e1e2!3m1!1s2@1:CIHM0ogKEICAgID9k7W6CA%7C%7C?hl=en","113776294530002847684","4","https://lh3.googleusercontent.com/a/ACg8ocIffh3yiv8MbZ6DPDUZ6mSjM0mbqjRBw1M1NU8kKgYDTIerNjE=s1920-c-rp-mo-br100","https://www.google.com/maps/contrib/113776294530002847684?hl=en","329","2026-10-06T19:23:43.222Z","Direct Detail URL: https://www.google.com/maps?cid=14154142641213989346","5",,,"false","It was very awesome experience with Mr Malik for desert safari. He is very nice person.",,"Dunes Discovery Tourism LLC","5",,"https://www.google.com/maps/search/?api=1&query=Dunes%20Discovery%20Tourism%20LLC&query_place_id=ChIJbWsIEIVEdEER4uHEhb2dbcQ",
,"1522201601161585131","Tour agency","Service establishment","Tour agency","14154142641213989346",,,"0x4174448510086b6d:0xc46d9dbd85c4e1e2",,"https://lh3.googleusercontent.com/grass-cs/AABkmLd2_d1tXdrlH6LWW10pygDnJzaUhEU7C7L75fvzbAv4OYkdlD4LwcGPTtfM0xX8prg6H7I6hKya8LF-YWUiDMb0s1vwi8onlMyPQGQGfLxxP-evkFPGc0oYiPA5qiJVrNSeoCE=w408-h261-k-no","false","true","/g/11vk63ds_v","en","2","24.3539913","53.9485752","Sakshi Bhoomik",,"en","false","ChIJbWsIEIVEdEER4uHEhb2dbcQ",,,"2 years ago","2024-03-20T16:08:10.339Z",,"2024-03-20T16:18:38.000Z","Thanks 🙏 ","ChZDSUhNMG9nS0VJQ0FnSUQ5azlXekVBEAE",,,,,,,,,"Google","https://www.google.com/maps/reviews/data=!4m8!14m7!1m6!2m5!1sChZDSUhNMG9nS0VJQ0FnSUQ5azlXekVBEAE!2m1!1s0x0:0xc46d9dbd85c4e1e2!3m1!1s2@1:CIHM0ogKEICAgID9k9WzEA%7C%7C?hl=en","112960405700878753307","12","https://lh3.googleusercontent.com/a-/ALV-UjVMuIw4jg48hXOwn7B3Chya4nQpZ28QaplSvC7YdIW8I2DjcWCDDw=s1920-c-rp-mo-ba12-br100","https://www.google.com/maps/contrib/112960405700878753307?hl=en","329","2026-10-06T19:23:43.222Z","Direct Detail URL: https://www.google.com/maps?cid=14154142641213989346","5",,,"false","Very good experience with malikji…must visit dubai and  explore dubai with him",,"Dunes Discovery Tourism LLC","5",,"https://www.google.com/maps/search/?api=1&query=Dunes%20Discovery%20Tourism%20LLC&query_place_id=ChIJbWsIEIVEdEER4uHEhb2dbcQ",
,"1522201601161585131","Tour agency","Service establishment","Tour agency","14154142641213989346",,,"0x4174448510086b6d:0xc46d9dbd85c4e1e2",,"https://lh3.googleusercontent.com/grass-cs/AABkmLd2_d1tXdrlH6LWW10pygDnJzaUhEU7C7L75fvzbAv4OYkdlD4LwcGPTtfM0xX8prg6H7I6hKya8LF-YWUiDMb0s1vwi8onlMyPQGQGfLxxP-evkFPGc0oYiPA5qiJVrNSeoCE=w408-h261-k-no","false","false","/g/11vk63ds_v","en","1","24.3539913","53.9485752","Levy Fotso",,"en","false","ChIJbWsIEIVEdEER4uHEhb2dbcQ",,,"2 years ago","2024-03-17T16:44:50.971Z",,"2024-03-17T16:40:24.000Z","Thank you.","ChdDSUhNMG9nS0VJQ0FnSUQ5NFlqaDdRRRAB",,,,,,,,,"Google","https://www.google.com/maps/reviews/data=!4m8!14m7!1m6!2m5!1sChdDSUhNMG9nS0VJQ0FnSUQ5NFlqaDdRRRAB!2m1!1s0x0:0xc46d9dbd85c4e1e2!3m1!1s2@1:CIHM0ogKEICAgID94Yjh7QE%7C%7C?hl=en","116298892066312346401","5","https://lh3.googleusercontent.com/a/ACg8ocKk8DjnlbgLSzQQMCApvwkaayVxOAniXPMDwxUcEijGQ0jBfA=s1920-c-rp-mo-br100","https://www.google.com/maps/contrib/116298892066312346401?hl=en","329","2026-10-06T19:23:43.222Z","Direct Detail URL: https://www.google.com/maps?cid=14154142641213989346","5",,,"false","Amazing experience in the desert. Very good service, I recommend!",,"Dunes Discovery Tourism LLC","5",,"https://www.google.com/maps/search/?api=1&query=Dunes%20Discovery%20Tourism%20LLC&query_place_id=ChIJbWsIEIVEdEER4uHEhb2dbcQ",
,"1522201601161585131","Tour agency","Service establishment","Tour agency","14154142641213989346",,,"0x4174448510086b6d:0xc46d9dbd85c4e1e2",,"https://lh3.googleusercontent.com/grass-cs/AABkmLd2_d1tXdrlH6LWW10pygDnJzaUhEU7C7L75fvzbAv4OYkdlD4LwcGPTtfM0xX8prg6H7I6hKya8LF-YWUiDMb0s1vwi8onlMyPQGQGfLxxP-evkFPGc0oYiPA5qiJVrNSeoCE=w408-h261-k-no","false","false","/g/11vk63ds_v","en","1","24.3539913","53.9485752","Tatiana Fotso",,"en","false","ChIJbWsIEIVEdEER4uHEhb2dbcQ",,,"2 years ago","2024-03-17T16:32:59.022Z",,"2024-03-17T16:40:11.000Z","Thanks for your feedback😇","ChdDSUhNMG9nS0VJQ0FnSUQ5b2QtVG5nRRAB",,,,,,,,,"Google","https://www.google.com/maps/reviews/data=!4m8!14m7!1m6!2m5!1sChdDSUhNMG9nS0VJQ0FnSUQ5b2QtVG5nRRAB!2m1!1s0x0:0xc46d9dbd85c4e1e2!3m1!1s2@1:CIHM0ogKEICAgID9od-TngE%7C%7C?hl=en","110882406452386088344","2","https://lh3.googleusercontent.com/a/ACg8ocLu5s3TEdRD-_EG4WWmaFTRUSrsGRmPY8N_iXcBVQWJbL1DFA=s1920-c-rp-mo-br100","https://www.google.com/maps/contrib/110882406452386088344?hl=en","329","2026-10-06T19:23:43.222Z","Direct Detail URL: https://www.google.com/maps?cid=14154142641213989346","5",,,"false","Was my second experience with malick and like the first time is was amazing.
If you want to have fun in dubai he is the guy",,"Dunes Discovery Tourism LLC","5",,"https://www.google.com/maps/search/?api=1&query=Dunes%20Discovery%20Tourism%20LLC&query_place_id=ChIJbWsIEIVEdEER4uHEhb2dbcQ",
,"1522201601161585131","Tour agency","Service establishment","Tour agency","14154142641213989346",,,"0x4174448510086b6d:0xc46d9dbd85c4e1e2",,"https://lh3.googleusercontent.com/grass-cs/AABkmLd2_d1tXdrlH6LWW10pygDnJzaUhEU7C7L75fvzbAv4OYkdlD4LwcGPTtfM0xX8prg6H7I6hKya8LF-YWUiDMb0s1vwi8onlMyPQGQGfLxxP-evkFPGc0oYiPA5qiJVrNSeoCE=w408-h261-k-no","false","false","/g/11vk63ds_v","en","1","24.3539913","53.9485752","Damien FTs",,"en","false","ChIJbWsIEIVEdEER4uHEhb2dbcQ",,,"2 years ago","2024-03-17T16:28:37.818Z",,"2024-03-17T16:40:45.000Z","Thanks😇","ChdDSUhNMG9nS0VJQ0FnSUQ5NGRDSW5RRRAB",,,,,,,,,"Google","https://www.google.com/maps/reviews/data=!4m8!14m7!1m6!2m5!1sChdDSUhNMG9nS0VJQ0FnSUQ5NGRDSW5RRRAB!2m1!1s0x0:0xc46d9dbd85c4e1e2!3m1!1s2@1:CIHM0ogKEICAgID94dCInQE%7C%7C?hl=en","102062290527258390104","2","https://lh3.googleusercontent.com/a/ACg8ocIjvbTIzGMq9bUlScjtygI8Xh2fzhVyWdpPWHP0yneDDIfSqw=s1920-c-rp-mo-br100","https://www.google.com/maps/contrib/102062290527258390104?hl=en","329","2026-10-06T19:23:43.222Z","Direct Detail URL: https://www.google.com/maps?cid=14154142641213989346","5",,,"false","Amazing experience the driver was fun",,"Dunes Discovery Tourism LLC","5",,"https://www.google.com/maps/search/?api=1&query=Dunes%20Discovery%20Tourism%20LLC&query_place_id=ChIJbWsIEIVEdEER4uHEhb2dbcQ",
,"1522201601161585131","Tour agency","Service establishment","Tour agency","14154142641213989346",,,"0x4174448510086b6d:0xc46d9dbd85c4e1e2",,"https://lh3.googleusercontent.com/grass-cs/AABkmLd2_d1tXdrlH6LWW10pygDnJzaUhEU7C7L75fvzbAv4OYkdlD4LwcGPTtfM0xX8prg6H7I6hKya8LF-YWUiDMb0s1vwi8onlMyPQGQGfLxxP-evkFPGc0oYiPA5qiJVrNSeoCE=w408-h261-k-no","false","true","/g/11vk63ds_v","en","1","24.3539913","53.9485752","Baris Yüksel",,"de","false","ChIJbWsIEIVEdEER4uHEhb2dbcQ",,,"2 years ago","2024-03-17T16:24:37.842Z",,"2024-03-17T16:41:55.000Z","Thanks","ChZDSUhNMG9nS0VJQ0FnSUQ5NGVDOFl3EAE",,,,,,,,,"Google","https://www.google.com/maps/reviews/data=!4m8!14m7!1m6!2m5!1sChZDSUhNMG9nS0VJQ0FnSUQ5NGVDOFl3EAE!2m1!1s0x0:0xc46d9dbd85c4e1e2!3m1!1s2@1:CIHM0ogKEICAgID94eC8Yw%7C%7C?hl=en","105618830079903619469","50","https://lh3.googleusercontent.com/a/ACg8ocJPY3qWO95u1SppFtKjU71E04Yj1s5Su7KLnjDrTB31EidKlA=s1920-c-rp-mo-ba12-br100","https://www.google.com/maps/contrib/105618830079903619469?hl=en","329","2026-10-06T19:23:43.222Z","Direct Detail URL: https://www.google.com/maps?cid=14154142641213989346","5",,,"false","Sehr gut. Sehr guter Fahrer. Empfehlenswert","Very good. Very good driver. Highly recommended.","Dunes Discovery Tourism LLC","5","en","https://www.google.com/maps/search/?api=1&query=Dunes%20Discovery%20Tourism%20LLC&query_place_id=ChIJbWsIEIVEdEER4uHEhb2dbcQ",
,"1522201601161585131","Tour agency","Service establishment","Tour agency","14154142641213989346",,,"0x4174448510086b6d:0xc46d9dbd85c4e1e2",,"https://lh3.googleusercontent.com/grass-cs/AABkmLd2_d1tXdrlH6LWW10pygDnJzaUhEU7C7L75fvzbAv4OYkdlD4LwcGPTtfM0xX8prg6H7I6hKya8LF-YWUiDMb0s1vwi8onlMyPQGQGfLxxP-evkFPGc0oYiPA5qiJVrNSeoCE=w408-h261-k-no","false","false","/g/11vk63ds_v","en","1","24.3539913","53.9485752","david takam",,"en","false","ChIJbWsIEIVEdEER4uHEhb2dbcQ",,,"2 years ago","2024-03-17T16:20:59.695Z",,"2024-03-17T16:42:10.000Z","Thanks for your feedback ","ChdDSUhNMG9nS0VJQ0FnSUQ5b2ZfbjFnRRAB","https://lh3.googleusercontent.com/grass-cs/ACvplmOh-9Y4WFg_B8zkV2lGTv3yzqCAsHL0j9x0KsgrrgiACQR5J22Dg64qZhBbisomVgF25xD2BJXNLFD8hWuTfzgYX7okSK9Lfh8ByPCrFC0CmvgodruXex7KqlQkTvzxe2b3dEhR=k-no",,,,,,,,"Google","https://www.google.com/maps/reviews/data=!4m8!14m7!1m6!2m5!1sChdDSUhNMG9nS0VJQ0FnSUQ5b2ZfbjFnRRAB!2m1!1s0x0:0xc46d9dbd85c4e1e2!3m1!1s2@1:CIHM0ogKEICAgID9of_n1gE%7C%7C?hl=en","116461657530191953958","3","https://lh3.googleusercontent.com/a/ACg8ocJONbVPoCEiPKFSXyKGEr1NaqyADwXKpo_lfa26zr6bk_nOkg=s1920-c-rp-mo-br100","https://www.google.com/maps/contrib/116461657530191953958?hl=en","329","2026-10-06T19:23:43.222Z","Direct Detail URL: https://www.google.com/maps?cid=14154142641213989346","5",,,"false","Explore Dubai uk is the best tour company in Dubai. Our tour guide malik did an amazing job showing us around!",,"Dunes Discovery Tourism LLC","5",,"https://www.google.com/maps/search/?api=1&query=Dunes%20Discovery%20Tourism%20LLC&query_place_id=ChIJbWsIEIVEdEER4uHEhb2dbcQ",
,"1522201601161585131","Tour agency","Service establishment","Tour agency","14154142641213989346",,,"0x4174448510086b6d:0xc46d9dbd85c4e1e2",,"https://lh3.googleusercontent.com/grass-cs/AABkmLd2_d1tXdrlH6LWW10pygDnJzaUhEU7C7L75fvzbAv4OYkdlD4LwcGPTtfM0xX8prg6H7I6hKya8LF-YWUiDMb0s1vwi8onlMyPQGQGfLxxP-evkFPGc0oYiPA5qiJVrNSeoCE=w408-h261-k-no","false","false","/g/11vk63ds_v","en","1","24.3539913","53.9485752","Franka Sosso",,"en","false","ChIJbWsIEIVEdEER4uHEhb2dbcQ",,,"2 years ago","2024-03-17T16:16:33.736Z",,"2024-03-17T16:39:36.000Z","Thank you😇","ChZDSUhNMG9nS0VJQ0FnSUQ5b2VfUERREAE",,,,,,,,,"Google","https://www.google.com/maps/reviews/data=!4m8!14m7!1m6!2m5!1sChZDSUhNMG9nS0VJQ0FnSUQ5b2VfUERREAE!2m1!1s0x0:0xc46d9dbd85c4e1e2!3m1!1s2@1:CIHM0ogKEICAgID9oe_PDQ%7C%7C?hl=en","102755976125883984434","1","https://lh3.googleusercontent.com/a/ACg8ocLUz6e8zdOgPkxzhNvYLNiTVEKOfHNRlKUzHYP2KF-iUdgEHA=s1920-c-rp-mo-br100","https://www.google.com/maps/contrib/102755976125883984434?hl=en","329","2026-10-06T19:23:43.222Z","Direct Detail URL: https://www.google.com/maps?cid=14154142641213989346","5",,,"false","Very Nice experience.
Its was very amazing",,"Dunes Discovery Tourism LLC","5",,"https://www.google.com/maps/search/?api=1&query=Dunes%20Discovery%20Tourism%20LLC&query_place_id=ChIJbWsIEIVEdEER4uHEhb2dbcQ",
,"1522201601161585131","Tour agency","Service establishment","Tour agency","14154142641213989346",,,"0x4174448510086b6d:0xc46d9dbd85c4e1e2",,"https://lh3.googleusercontent.com/grass-cs/AABkmLd2_d1tXdrlH6LWW10pygDnJzaUhEU7C7L75fvzbAv4OYkdlD4LwcGPTtfM0xX8prg6H7I6hKya8LF-YWUiDMb0s1vwi8onlMyPQGQGfLxxP-evkFPGc0oYiPA5qiJVrNSeoCE=w408-h261-k-no","false","true","/g/11vk63ds_v","en","1","24.3539913","53.9485752","Mohammed Haridy",,"en","false","ChIJbWsIEIVEdEER4uHEhb2dbcQ",,,"2 years ago","2024-03-14T16:06:00.218Z",,"2024-03-14T16:17:36.000Z","Thanks 🙏 ","ChZDSUhNMG9nS0VJQ0FnSUQ5Z3EteUtREAE","https://lh3.googleusercontent.com/grass-cs/ACvplmMBpWG9VasNSXbyAmIwb3KDmplv-sj3oK-ZsAcvQqs5l0izl3LB_3LzFeKEWl9_BXHrPHtDYABLJKRfNqaLFFNXHAjlKDzhb7m_K-4djqGIxbMLaHIGrMu0tO38_spBeqB2ipBKMA=k-no",,,,,,,,"Google","https://www.google.com/maps/reviews/data=!4m8!14m7!1m6!2m5!1sChZDSUhNMG9nS0VJQ0FnSUQ5Z3EteUtREAE!2m1!1s0x0:0xc46d9dbd85c4e1e2!3m1!1s2@1:CIHM0ogKEICAgID9gq-yKQ%7C%7C?hl=en","105614560180072391108","22","https://lh3.googleusercontent.com/a-/ALV-UjVuiufxFckJdyNZ0ApslhoE2QIdyZFvQ3Z4p_V0qWhxwv0jN74-=s1920-c-rp-mo-ba12-br100","https://www.google.com/maps/contrib/105614560180072391108?hl=en","329","2026-10-06T19:23:43.222Z","Direct Detail URL: https://www.google.com/maps?cid=14154142641213989346","5",,,"false","Amazing experience with Malik 🥳🥳",,"Dunes Discovery Tourism LLC","5",,"https://www.google.com/maps/search/?api=1&query=Dunes%20Discovery%20Tourism%20LLC&query_place_id=ChIJbWsIEIVEdEER4uHEhb2dbcQ",
,"1522201601161585131","Tour agency","Service establishment","Tour agency","14154142641213989346",,,"0x4174448510086b6d:0xc46d9dbd85c4e1e2",,"https://lh3.googleusercontent.com/grass-cs/AABkmLd2_d1tXdrlH6LWW10pygDnJzaUhEU7C7L75fvzbAv4OYkdlD4LwcGPTtfM0xX8prg6H7I6hKya8LF-YWUiDMb0s1vwi8onlMyPQGQGfLxxP-evkFPGc0oYiPA5qiJVrNSeoCE=w408-h261-k-no","false","false","/g/11vk63ds_v","en","1","24.3539913","53.9485752","rio india",,"en","false","ChIJbWsIEIVEdEER4uHEhb2dbcQ",,,"2 years ago","2024-03-11T16:23:57.687Z",,"2024-03-11T16:33:23.000Z","Thanks for your feedback 😇","ChZDSUhNMG9nS0VJQ0FnSUM5bjZxQUt3EAE","https://lh3.googleusercontent.com/grass-cs/ACvplmNjL2s5ISgA5njcHvcbPYJDwfIQSiBaZG0rhqhtXb1NhYoFhwEyAYEqPSLcie75NJ8Rm_2D4cehTdE3lwOwYjBZtomeGVDruQSKfG10P4nPX9pyje_aLqHmAS9-1lZNs8H0bG0kZA=k-no",,,,,,,,"Google","https://www.google.com/maps/reviews/data=!4m8!14m7!1m6!2m5!1sChZDSUhNMG9nS0VJQ0FnSUM5bjZxQUt3EAE!2m1!1s0x0:0xc46d9dbd85c4e1e2!3m1!1s2@1:CIHM0ogKEICAgIC9n6qAKw%7C%7C?hl=en","116681043991336900230","2","https://lh3.googleusercontent.com/a-/ALV-UjXq8BtDoMxcTUhlGdxZsVDcPxlTfGZYWqftupXqP0dehQRftZIoGA=s1920-c-rp-mo-br100","https://www.google.com/maps/contrib/116681043991336900230?hl=en","329","2026-10-06T19:23:43.222Z","Direct Detail URL: https://www.google.com/maps?cid=14154142641213989346","5",,,"false","The experience with Awan Malik was so amazing that we will come back to the desert safari with him again. The overall activity package is worth every penny and the hospitality is through the roof! Highly Recommend.",,"Dunes Discovery Tourism LLC","5",,"https://www.google.com/maps/search/?api=1&query=Dunes%20Discovery%20Tourism%20LLC&query_place_id=ChIJbWsIEIVEdEER4uHEhb2dbcQ",
,"1522201601161585131","Tour agency","Service establishment","Tour agency","14154142641213989346",,,"0x4174448510086b6d:0xc46d9dbd85c4e1e2",,"https://lh3.googleusercontent.com/grass-cs/AABkmLd2_d1tXdrlH6LWW10pygDnJzaUhEU7C7L75fvzbAv4OYkdlD4LwcGPTtfM0xX8prg6H7I6hKya8LF-YWUiDMb0s1vwi8onlMyPQGQGfLxxP-evkFPGc0oYiPA5qiJVrNSeoCE=w408-h261-k-no","false","false","/g/11vk63ds_v","en","1","24.3539913","53.9485752","Yasir Khan",,"en","false","ChIJbWsIEIVEdEER4uHEhb2dbcQ",,,"2 years ago","2024-02-27T16:34:32.305Z",,"2024-02-27T16:29:54.000Z","Thanks","ChZDSUhNMG9nS0VJQ0FnSURkMl9fOVZnEAE","https://lh3.googleusercontent.com/grass-cs/ACvplmO0IVgV70WnVPZI81uy8rue-FKT_Qv6vRWHHtsjgwV6AFgy8i9o3uLNzg4sMfGbHiCLgRGB7o1OnAUsUS0WYXbTA3YQ3GMEZ43Tr8mVLvdkZs0WVkny9fhf9gFt-wg3KEa-fyrb=k-no","https://lh3.googleusercontent.com/grass-cs/ACvplmM8DzUjX1REKzjaC5rRNSpOqqNC15eJ3BkwbLcUV4MS6fwsawkH3nB5RG1pEXyKz21_SIKRNwnDSnKzYuzWBsYI85BM57BUmZYhEpijBeQba42xe_rwEu4Y5Y1rC95vp50dZHTK=k-no",,,,,,,"Google","https://www.google.com/maps/reviews/data=!4m8!14m7!1m6!2m5!1sChZDSUhNMG9nS0VJQ0FnSURkMl9fOVZnEAE!2m1!1s0x0:0xc46d9dbd85c4e1e2!3m1!1s2@1:CIHM0ogKEICAgIDd2__9Vg%7C%7C?hl=en","111801450633882661715","6","https://lh3.googleusercontent.com/a/ACg8ocIvUNh2wWhO754DyvGx0nuaKAUPW1QxN_ZlgdYjSVgH-n4KEA=s1920-c-rp-mo-br100","https://www.google.com/maps/contrib/111801450633882661715?hl=en","329","2026-10-06T19:23:43.222Z","Direct Detail URL: https://www.google.com/maps?cid=14154142641213989346","5",,,"false","The tour was awesome Mr malik make our trip more wonderful we had so much fun in dessert safari... Highly recommended",,"Dunes Discovery Tourism LLC","5",,"https://www.google.com/maps/search/?api=1&query=Dunes%20Discovery%20Tourism%20LLC&query_place_id=ChIJbWsIEIVEdEER4uHEhb2dbcQ",
,"1522201601161585131","Tour agency","Service establishment","Tour agency","14154142641213989346",,,"0x4174448510086b6d:0xc46d9dbd85c4e1e2",,"https://lh3.googleusercontent.com/grass-cs/AABkmLd2_d1tXdrlH6LWW10pygDnJzaUhEU7C7L75fvzbAv4OYkdlD4LwcGPTtfM0xX8prg6H7I6hKya8LF-YWUiDMb0s1vwi8onlMyPQGQGfLxxP-evkFPGc0oYiPA5qiJVrNSeoCE=w408-h261-k-no","false","true","/g/11vk63ds_v","en","1","24.3539913","53.9485752","Girish Kumar",,"en","false","ChIJbWsIEIVEdEER4uHEhb2dbcQ",,,"2 years ago","2024-02-27T16:27:13.185Z",,"2024-02-27T16:29:42.000Z","Thank you","ChZDSUhNMG9nS0VJQ0FnSURkdS1Ea1V3EAE","https://lh3.googleusercontent.com/grass-cs/ACvplmMKEVQhoxsrScBS1s-vR_sZZ8y79YYGxhhBZbaPKUzLD4mEYzvIPljV6U_LR2CAdBqrksTtn_uIT6Dn7Vr3q6PMlmArI9uE4qd2bD_kBHCOYOJSNjbZscthxwDB5fycs5W0_Hbt=k-no",,,,,,,,"Google","https://www.google.com/maps/reviews/data=!4m8!14m7!1m6!2m5!1sChZDSUhNMG9nS0VJQ0FnSURkdS1Ea1V3EAE!2m1!1s0x0:0xc46d9dbd85c4e1e2!3m1!1s2@1:CIHM0ogKEICAgIDdu-DkUw%7C%7C?hl=en","103284039047744823213","15","https://lh3.googleusercontent.com/a-/ALV-UjUozsK5ln5uV0wivOC-xjuEhSYgq0DJljG3-IeuyHMMgLuOV6k=s1920-c-rp-mo-ba12-br100","https://www.google.com/maps/contrib/103284039047744823213?hl=en","329","2026-10-06T19:23:43.222Z","Direct Detail URL: https://www.google.com/maps?cid=14154142641213989346","5",,,"false","I suggest to take Yasir ride for desert safari. He has got it all covered for VIP experience and took us for a wonderful desert camp with amazing food.",,"Dunes Discovery Tourism LLC","5",,"https://www.google.com/maps/search/?api=1&query=Dunes%20Discovery%20Tourism%20LLC&query_place_id=ChIJbWsIEIVEdEER4uHEhb2dbcQ",
,"1522201601161585131","Tour agency","Service establishment","Tour agency","14154142641213989346",,,"0x4174448510086b6d:0xc46d9dbd85c4e1e2",,"https://lh3.googleusercontent.com/grass-cs/AABkmLd2_d1tXdrlH6LWW10pygDnJzaUhEU7C7L75fvzbAv4OYkdlD4LwcGPTtfM0xX8prg6H7I6hKya8LF-YWUiDMb0s1vwi8onlMyPQGQGfLxxP-evkFPGc0oYiPA5qiJVrNSeoCE=w408-h261-k-no","false","true","/g/11vk63ds_v","en","1","24.3539913","53.9485752","Manish Gudipati",,"en","false","ChIJbWsIEIVEdEER4uHEhb2dbcQ",,,"2 years ago","2024-02-27T16:24:01.058Z",,"2024-02-27T16:30:05.000Z","Many thnaks😇","ChZDSUhNMG9nS0VJQ0FnSURkdTREbGFBEAE","https://lh3.googleusercontent.com/grass-cs/ACvplmPQuhqrfxUgi4AcvnO0_-XqWZdb6w_X8RaMPjgGDOFXGrB5fcVHOmPJc7p_CQ8l89u8NbmgFB30bN5m04blo8zNVBpE1CCJfY3gcNAE8ize_t3B4dWAcVkk4A9OkBmv3xwwFbmI6g=k-no","https://lh3.googleusercontent.com/grass-cs/ACvplmMucfnqWimYA4PjWsQIa8le5qBi8mya_CmLVYKZ1sFLbyxS4F8cIowz9gGmGVc6v2217c_YwsWNksDXbB1mRHn_ArlODKa_uMuLLjvgtZQa4zKr8ky6BGWHjDNjPrZf0UI1ytU=k-no","https://lh3.googleusercontent.com/grass-cs/ACvplmOayAXORDxa1XbLVRncKCb2Ar5gNgv1ltgTQwrQp4xD_BMIPzcLJl5g5A5XoGZf9JFPBF5jChZp4kxoOegLyNd8d9e6MObYT4GV0SsK5e6QYa5yxiCCrvW5gWqrF8LelJ3FTwpPeA=k-no","https://lh3.googleusercontent.com/grass-cs/ACvplmPbeeMxdmi95e7ScNqeQSPisdBbJMB5lU-PatBn4fdT5VTxUMdYyRVzA8FvsZhd6F2qGvnEOsKfKLproGxz7Cm0Ylr8T8-Sr1E6ybPYNwH1wejIBPV4r92v9inRQ1HFPVSjG9uA=k-no",,,,,"Google","https://www.google.com/maps/reviews/data=!4m8!14m7!1m6!2m5!1sChZDSUhNMG9nS0VJQ0FnSURkdTREbGFBEAE!2m1!1s0x0:0xc46d9dbd85c4e1e2!3m1!1s2@1:CIHM0ogKEICAgIDdu4DlaA%7C%7C?hl=en","114995994946786398041","51","https://lh3.googleusercontent.com/a-/ALV-UjWsTKR9SO0ML33VwXu5ETk3or98_bGZmA1q0Wc0LrpYk2BRvYQ=s1920-c-rp-mo-ba12-br100","https://www.google.com/maps/contrib/114995994946786398041?hl=en","329","2026-10-06T19:23:43.222Z","Direct Detail URL: https://www.google.com/maps?cid=14154142641213989346","5",,,"false","Absolutely amazing desert drive experience with Zubair. Very efficient and took us to one of the best camps in UAE. Absolutely recommend him and the company.",,"Dunes Discovery Tourism LLC","5",,"https://www.google.com/maps/search/?api=1&query=Dunes%20Discovery%20Tourism%20LLC&query_place_id=ChIJbWsIEIVEdEER4uHEhb2dbcQ",
,"1522201601161585131","Tour agency","Service establishment","Tour agency","14154142641213989346",,,"0x4174448510086b6d:0xc46d9dbd85c4e1e2",,"https://lh3.googleusercontent.com/grass-cs/AABkmLd2_d1tXdrlH6LWW10pygDnJzaUhEU7C7L75fvzbAv4OYkdlD4LwcGPTtfM0xX8prg6H7I6hKya8LF-YWUiDMb0s1vwi8onlMyPQGQGfLxxP-evkFPGc0oYiPA5qiJVrNSeoCE=w408-h261-k-no","false","false","/g/11vk63ds_v","en","1","24.3539913","53.9485752","Rastinder Singh",,"en","false","ChIJbWsIEIVEdEER4uHEhb2dbcQ",,,"2 years ago","2024-02-26T16:58:46.057Z",,"2024-02-26T17:15:54.000Z","Thanks 🙏 ","ChZDSUhNMG9nS0VJQ0FnSURkZzdLSU1BEAE",,,,,,,,,"Google","https://www.google.com/maps/reviews/data=!4m8!14m7!1m6!2m5!1sChZDSUhNMG9nS0VJQ0FnSURkZzdLSU1BEAE!2m1!1s0x0:0xc46d9dbd85c4e1e2!3m1!1s2@1:CIHM0ogKEICAgIDdg7KIMA%7C%7C?hl=en","102574216848196705609","13","https://lh3.googleusercontent.com/a-/ALV-UjXLBMhamtz-Bu3q0d7HSkhVPJGQ8mZL4eGlYUGvrXpe30XzK1mX=s1920-c-rp-mo-br100","https://www.google.com/maps/contrib/102574216848196705609?hl=en","329","2026-10-06T19:23:43.222Z","Direct Detail URL: https://www.google.com/maps?cid=14154142641213989346","5",,,"false","We had an impeccable experience during the safari.Malik Shabaz bhai from pakistan helped us throughout the journey. Totally amazed by his hospitality.Kudos to him.
Recommend him to those who wish to visit.",,"Dunes Discovery Tourism LLC","5",,"https://www.google.com/maps/search/?api=1&query=Dunes%20Discovery%20Tourism%20LLC&query_place_id=ChIJbWsIEIVEdEER4uHEhb2dbcQ",
,"1522201601161585131","Tour agency","Service establishment","Tour agency","14154142641213989346",,,"0x4174448510086b6d:0xc46d9dbd85c4e1e2",,"https://lh3.googleusercontent.com/grass-cs/AABkmLd2_d1tXdrlH6LWW10pygDnJzaUhEU7C7L75fvzbAv4OYkdlD4LwcGPTtfM0xX8prg6H7I6hKya8LF-YWUiDMb0s1vwi8onlMyPQGQGfLxxP-evkFPGc0oYiPA5qiJVrNSeoCE=w408-h261-k-no","false","true","/g/11vk63ds_v","en","1","24.3539913","53.9485752","Tejas Tulaskar",,"en","false","ChIJbWsIEIVEdEER4uHEhb2dbcQ",,,"2 years ago","2024-02-26T16:05:55.385Z",,"2024-02-26T16:07:39.000Z","Thank you for your feedback 😇","ChZDSUhNMG9nS0VJQ0FnSURkX2RXWlJnEAE","https://lh3.googleusercontent.com/grass-cs/ACvplmNlcxObkg7FkkblkOwLl-0SJWDJvQ2SKLLH3LTTnNPMZUKahwsSInopE6geNnHy4zDjmNp-NgZD9wFbTgpuGmrz2oaDMPOX5iofZGLMEPuXo2JZKXudIYlD23eHMlQlgHniu-4TVA=k-no","https://lh3.googleusercontent.com/grass-cs/ACvplmOlOyWI592Zt52kG2l9L1_RHnxs-0PzNKnt55xpFyGPf3OkJx7AIYhEX32iykU98r5dbCv0F4YnMvjB_hgm4R1w8KoQPBQswtjap1wTJgYfzTQN5XxFv6pcI8WZUZd09LatzzWD=k-no",,,,,,,"Google","https://www.google.com/maps/reviews/data=!4m8!14m7!1m6!2m5!1sChZDSUhNMG9nS0VJQ0FnSURkX2RXWlJnEAE!2m1!1s0x0:0xc46d9dbd85c4e1e2!3m1!1s2@1:CIHM0ogKEICAgIDd_dWZRg%7C%7C?hl=en","109132746390293301217","21","https://lh3.googleusercontent.com/a/ACg8ocJ4NqWwb3m-8B18JA6-TgReQG1Pe24-jaynNb57Sa12XbUKJQ=s1920-c-rp-mo-ba12-br100","https://www.google.com/maps/contrib/109132746390293301217?hl=en","329","2026-10-06T19:23:43.222Z","Direct Detail URL: https://www.google.com/maps?cid=14154142641213989346","5",,,"false","Desert Safari experience was awesome. Our tour guide Malik was exceptional, helpful and informative.",,"Dunes Discovery Tourism LLC","5",,"https://www.google.com/maps/search/?api=1&query=Dunes%20Discovery%20Tourism%20LLC&query_place_id=ChIJbWsIEIVEdEER4uHEhb2dbcQ",
,"1522201601161585131","Tour agency","Service establishment","Tour agency","14154142641213989346",,,"0x4174448510086b6d:0xc46d9dbd85c4e1e2",,"https://lh3.googleusercontent.com/grass-cs/AABkmLd2_d1tXdrlH6LWW10pygDnJzaUhEU7C7L75fvzbAv4OYkdlD4LwcGPTtfM0xX8prg6H7I6hKya8LF-YWUiDMb0s1vwi8onlMyPQGQGfLxxP-evkFPGc0oYiPA5qiJVrNSeoCE=w408-h261-k-no","false","true","/g/11vk63ds_v","en","1","24.3539913","53.9485752","Vikki Bhadusia",,"en","false","ChIJbWsIEIVEdEER4uHEhb2dbcQ",,,"2 years ago","2024-02-22T16:24:11.898Z",,"2024-02-22T16:25:19.000Z","Thank you","ChZDSUhNMG9nS0VJQ0FnSURkcXRlYVlnEAE",,,,,,,,,"Google","https://www.google.com/maps/reviews/data=!4m8!14m7!1m6!2m5!1sChZDSUhNMG9nS0VJQ0FnSURkcXRlYVlnEAE!2m1!1s0x0:0xc46d9dbd85c4e1e2!3m1!1s2@1:CIHM0ogKEICAgIDdqteaYg%7C%7C?hl=en","105938643498049101355","25","https://lh3.googleusercontent.com/a-/ALV-UjXHwjq2AbgVcdbu0Z4rN1KnobzxKV1Xrf0FECNfRrHuKj5vJpRGXQ=s1920-c-rp-mo-ba12-br100","https://www.google.com/maps/contrib/105938643498049101355?hl=en","329","2026-10-06T19:23:43.222Z","Direct Detail URL: https://www.google.com/maps?cid=14154142641213989346","5",,,"false","Great service! Friendly driver. Good live shows and food selection. Hotel pick up was smooth. Enjoyed. Highly Recommended!",,"Dunes Discovery Tourism LLC","5",,"https://www.google.com/maps/search/?api=1&query=Dunes%20Discovery%20Tourism%20LLC&query_place_id=ChIJbWsIEIVEdEER4uHEhb2dbcQ",
,"1522201601161585131","Tour agency","Service establishment","Tour agency","14154142641213989346",,,"0x4174448510086b6d:0xc46d9dbd85c4e1e2",,"https://lh3.googleusercontent.com/grass-cs/AABkmLd2_d1tXdrlH6LWW10pygDnJzaUhEU7C7L75fvzbAv4OYkdlD4LwcGPTtfM0xX8prg6H7I6hKya8LF-YWUiDMb0s1vwi8onlMyPQGQGfLxxP-evkFPGc0oYiPA5qiJVrNSeoCE=w408-h261-k-no","false","false","/g/11vk63ds_v","en","1","24.3539913","53.9485752","sarika jain",,"en","false","ChIJbWsIEIVEdEER4uHEhb2dbcQ",,,"2 years ago","2024-02-22T16:16:03.643Z",,"2024-02-22T16:17:30.000Z","Thank you😇","ChdDSUhNMG9nS0VJQ0FnSURkcXZPLXNBRRAB",,,,,,,,,"Google","https://www.google.com/maps/reviews/data=!4m8!14m7!1m6!2m5!1sChdDSUhNMG9nS0VJQ0FnSURkcXZPLXNBRRAB!2m1!1s0x0:0xc46d9dbd85c4e1e2!3m1!1s2@1:CIHM0ogKEICAgIDdqvO-sAE%7C%7C?hl=en","100787775468077421661","3","https://lh3.googleusercontent.com/a/ACg8ocI5rtDRM4mF4bZQi-qF76r_ZNkAJjOTJGdQY0Nn0DKAIDi9lw=s1920-c-rp-mo-br100","https://www.google.com/maps/contrib/100787775468077421661?hl=en","329","2026-10-06T19:23:43.222Z","Direct Detail URL: https://www.google.com/maps?cid=14154142641213989346","5",,,"false","Loved the Explore Dubai premium safari service. It’s excellent for family, couple and solo travelers. The best part is he makes sure all the activities more interesting and fun. Malik bhai is very co-operating, makes lovely videos and video. Highly recommend!!",,"Dunes Discovery Tourism LLC","5",,"https://www.google.com/maps/search/?api=1&query=Dunes%20Discovery%20Tourism%20LLC&query_place_id=ChIJbWsIEIVEdEER4uHEhb2dbcQ",
,"1522201601161585131","Tour agency","Service establishment","Tour agency","14154142641213989346",,,"0x4174448510086b6d:0xc46d9dbd85c4e1e2",,"https://lh3.googleusercontent.com/grass-cs/AABkmLd2_d1tXdrlH6LWW10pygDnJzaUhEU7C7L75fvzbAv4OYkdlD4LwcGPTtfM0xX8prg6H7I6hKya8LF-YWUiDMb0s1vwi8onlMyPQGQGfLxxP-evkFPGc0oYiPA5qiJVrNSeoCE=w408-h261-k-no","false","true","/g/11vk63ds_v","en","1","24.3539913","53.9485752","N P",,"en","false","ChIJbWsIEIVEdEER4uHEhb2dbcQ",,,"2 years ago","2024-02-22T16:12:21.349Z",,"2024-02-22T16:15:32.000Z","Thank you for your feedback ","ChdDSUhNMG9nS0VJQ0FnSURkcXNPQjh3RRAB","https://lh3.googleusercontent.com/grass-cs/ACvplmNNQSuZWsSvArRI-uDBfGuKYykQbhmZSmzMHRpUwhF30XOfq1opB_lSuH5NJLYOyzbUnA7R5d1zX8t1W2PmYFJ_7BcRjAa5QYg5NGZ6vjZeJxwsFHvULpTYcgq4z03dt4D5dAcD=k-no",,,,,,,,"Google","https://www.google.com/maps/reviews/data=!4m8!14m7!1m6!2m5!1sChdDSUhNMG9nS0VJQ0FnSURkcXNPQjh3RRAB!2m1!1s0x0:0xc46d9dbd85c4e1e2!3m1!1s2@1:CIHM0ogKEICAgIDdqsOB8wE%7C%7C?hl=en","109503709963750735797","14","https://lh3.googleusercontent.com/a/ACg8ocLkDBRoKtazNQvbtflhGZafxf819ShCWiepFq-9Fw7wto00OQ=s1920-c-rp-mo-ba12-br100","https://www.google.com/maps/contrib/109503709963750735797?hl=en","329","2026-10-06T19:23:43.222Z","Direct Detail URL: https://www.google.com/maps?cid=14154142641213989346","5",,,"false","Amazing Evening, excellent food, Malik was an awesome host. Dune bashing is a must with Malik. Will come back again. Thank you.",,"Dunes Discovery Tourism LLC","5",,"https://www.google.com/maps/search/?api=1&query=Dunes%20Discovery%20Tourism%20LLC&query_place_id=ChIJbWsIEIVEdEER4uHEhb2dbcQ",
,"1522201601161585131","Tour agency","Service establishment","Tour agency","14154142641213989346",,,"0x4174448510086b6d:0xc46d9dbd85c4e1e2",,"https://lh3.googleusercontent.com/grass-cs/AABkmLd2_d1tXdrlH6LWW10pygDnJzaUhEU7C7L75fvzbAv4OYkdlD4LwcGPTtfM0xX8prg6H7I6hKya8LF-YWUiDMb0s1vwi8onlMyPQGQGfLxxP-evkFPGc0oYiPA5qiJVrNSeoCE=w408-h261-k-no","false","false","/g/11vk63ds_v","en","1","24.3539913","53.9485752","Rajat Luthra",,"en","false","ChIJbWsIEIVEdEER4uHEhb2dbcQ",,,"2 years ago","2024-02-20T17:57:59.803Z",,"2024-02-20T18:19:23.000Z","Thank you","ChdDSUhNMG9nS0VJQ0FnSURkNkpMNjl3RRAB",,,,,,,,,"Google","https://www.google.com/maps/reviews/data=!4m8!14m7!1m6!2m5!1sChdDSUhNMG9nS0VJQ0FnSURkNkpMNjl3RRAB!2m1!1s0x0:0xc46d9dbd85c4e1e2!3m1!1s2@1:CIHM0ogKEICAgIDd6JL69wE%7C%7C?hl=en","108028430107964632397","2","https://lh3.googleusercontent.com/a-/ALV-UjWT0WIw6HzbZH8u-VuSd9SIJR0sHfWsZ1K8PPSom_nUDe_IEqW7=s1920-c-rp-mo-br100","https://www.google.com/maps/contrib/108028430107964632397?hl=en","329","2026-10-06T19:23:43.222Z","Direct Detail URL: https://www.google.com/maps?cid=14154142641213989346","5",,,"false","Very very good safari ......we enjoyed a lot ......
Awesome",,"Dunes Discovery Tourism LLC","5",,"https://www.google.com/maps/search/?api=1&query=Dunes%20Discovery%20Tourism%20LLC&query_place_id=ChIJbWsIEIVEdEER4uHEhb2dbcQ",
,"1522201601161585131","Tour agency","Service establishment","Tour agency","14154142641213989346",,,"0x4174448510086b6d:0xc46d9dbd85c4e1e2",,"https://lh3.googleusercontent.com/grass-cs/AABkmLd2_d1tXdrlH6LWW10pygDnJzaUhEU7C7L75fvzbAv4OYkdlD4LwcGPTtfM0xX8prg6H7I6hKya8LF-YWUiDMb0s1vwi8onlMyPQGQGfLxxP-evkFPGc0oYiPA5qiJVrNSeoCE=w408-h261-k-no","false","false","/g/11vk63ds_v","en","1","24.3539913","53.9485752","Pritpal Singh Sandhu",,"en","false","ChIJbWsIEIVEdEER4uHEhb2dbcQ",,,"2 years ago","2024-02-17T15:52:12.098Z",,"2024-02-18T08:49:45.000Z","Thank you for your feedback 😇","ChdDSUhNMG9nS0VJQ0FnSUNkdllQS2dnRRAB",,,,,,,,,"Google","https://www.google.com/maps/reviews/data=!4m8!14m7!1m6!2m5!1sChdDSUhNMG9nS0VJQ0FnSUNkdllQS2dnRRAB!2m1!1s0x0:0xc46d9dbd85c4e1e2!3m1!1s2@1:CIHM0ogKEICAgICdvYPKggE%7C%7C?hl=en","100953165920680171065","10","https://lh3.googleusercontent.com/a/ACg8ocJTY3SQ6UrTevToTjOta3siHhGQMj0otEx13x1kpUZ4Y5xpki0=s1920-c-rp-mo-br100","https://www.google.com/maps/contrib/100953165920680171065?hl=en","329","2026-10-06T19:23:43.222Z","Direct Detail URL: https://www.google.com/maps?cid=14154142641213989346","5",,,"false","Our desert safari experience was phenomenal.... we had an amazing time and made beautiful memories.... all thanks to Mr.Malik... habibi, come to dubai 🙏",,"Dunes Discovery Tourism LLC","5",,"https://www.google.com/maps/search/?api=1&query=Dunes%20Discovery%20Tourism%20LLC&query_place_id=ChIJbWsIEIVEdEER4uHEhb2dbcQ",
,"1522201601161585131","Tour agency","Service establishment","Tour agency","14154142641213989346",,,"0x4174448510086b6d:0xc46d9dbd85c4e1e2",,"https://lh3.googleusercontent.com/grass-cs/AABkmLd2_d1tXdrlH6LWW10pygDnJzaUhEU7C7L75fvzbAv4OYkdlD4LwcGPTtfM0xX8prg6H7I6hKya8LF-YWUiDMb0s1vwi8onlMyPQGQGfLxxP-evkFPGc0oYiPA5qiJVrNSeoCE=w408-h261-k-no","false","false","/g/11vk63ds_v","en","1","24.3539913","53.9485752","Karan Sheoran",,"en","false","ChIJbWsIEIVEdEER4uHEhb2dbcQ",,,"2 years ago","2024-02-14T16:45:23.554Z",,"2024-02-14T16:46:00.000Z","Thanks 🤩 ","ChZDSUhNMG9nS0VJQ0FnSUNkMnA2aVdREAE",,,,,,,,,"Google","https://www.google.com/maps/reviews/data=!4m8!14m7!1m6!2m5!1sChZDSUhNMG9nS0VJQ0FnSUNkMnA2aVdREAE!2m1!1s0x0:0xc46d9dbd85c4e1e2!3m1!1s2@1:CIHM0ogKEICAgICd2p6iWQ%7C%7C?hl=en","114882309335838833115","3","https://lh3.googleusercontent.com/a/ACg8ocKgXRWbWG01rRHf6c45HdDjIaspFwhOG2fPc8sLe1L-wpA33Q=s1920-c-rp-mo-br100","https://www.google.com/maps/contrib/114882309335838833115?hl=en","329","2026-10-06T19:23:43.222Z","Direct Detail URL: https://www.google.com/maps?cid=14154142641213989346","5",,,"false","It was great fun in desert Safari with Malik",,"Dunes Discovery Tourism LLC","5",,"https://www.google.com/maps/search/?api=1&query=Dunes%20Discovery%20Tourism%20LLC&query_place_id=ChIJbWsIEIVEdEER4uHEhb2dbcQ",
,"1522201601161585131","Tour agency","Service establishment","Tour agency","14154142641213989346",,,"0x4174448510086b6d:0xc46d9dbd85c4e1e2",,"https://lh3.googleusercontent.com/grass-cs/AABkmLd2_d1tXdrlH6LWW10pygDnJzaUhEU7C7L75fvzbAv4OYkdlD4LwcGPTtfM0xX8prg6H7I6hKya8LF-YWUiDMb0s1vwi8onlMyPQGQGfLxxP-evkFPGc0oYiPA5qiJVrNSeoCE=w408-h261-k-no","false","false","/g/11vk63ds_v","en","1","24.3539913","53.9485752","Anshul kalron",,"en","false","ChIJbWsIEIVEdEER4uHEhb2dbcQ",,,"2 years ago","2024-02-14T16:27:14.200Z",,"2024-02-14T16:45:08.000Z","Thanks for feedback 😇","ChdDSUhNMG9nS0VJQ0FnSUNkMnVtSnN3RRAB","https://lh3.googleusercontent.com/grass-cs/ACvplmNpBkED0MEiME4h8vtCFyfubh23IWkGJsF10QvinzT3oL2ur3cWS4W8zrZbsTFIPkLOc1mU9y9Cmf4S5Syq6G4zRwibQjUTzd_5arH6r5hRDk_JW08excoFzcG9FQueLW7Gvxl1=k-no",,,,,,,,"Google","https://www.google.com/maps/reviews/data=!4m8!14m7!1m6!2m5!1sChdDSUhNMG9nS0VJQ0FnSUNkMnVtSnN3RRAB!2m1!1s0x0:0xc46d9dbd85c4e1e2!3m1!1s2@1:CIHM0ogKEICAgICd2umJswE%7C%7C?hl=en","102007267845304598853","8","https://lh3.googleusercontent.com/a/ACg8ocIyX5yJRxiVwEo_VhWDSIVR3UDJXGKoMn4cYy0fHdAiPaPr=s1920-c-rp-mo-br100","https://www.google.com/maps/contrib/102007267845304598853?hl=en","329","2026-10-06T19:23:43.222Z","Direct Detail URL: https://www.google.com/maps?cid=14154142641213989346","5",,,"false","Heyyy Malik bro first of all thanks to you for made our day soo amazing in desert safari and help in  many other activities like bike riding, camel riding and many more and Malik is very nice guy and fully coperatieve with their guest .I recommend everyone to choose Malik for your exceptional experience in Dubai. Day well spend 😎",,"Dunes Discovery Tourism LLC","5",,"https://www.google.com/maps/search/?api=1&query=Dunes%20Discovery%20Tourism%20LLC&query_place_id=ChIJbWsIEIVEdEER4uHEhb2dbcQ",
,"1522201601161585131","Tour agency","Service establishment","Tour agency","14154142641213989346",,,"0x4174448510086b6d:0xc46d9dbd85c4e1e2",,"https://lh3.googleusercontent.com/grass-cs/AABkmLd2_d1tXdrlH6LWW10pygDnJzaUhEU7C7L75fvzbAv4OYkdlD4LwcGPTtfM0xX8prg6H7I6hKya8LF-YWUiDMb0s1vwi8onlMyPQGQGfLxxP-evkFPGc0oYiPA5qiJVrNSeoCE=w408-h261-k-no","false","false","/g/11vk63ds_v","en","1","24.3539913","53.9485752","Garima Devi",,"en","false","ChIJbWsIEIVEdEER4uHEhb2dbcQ",,,"2 years ago","2024-02-14T16:20:02.256Z",,"2024-02-14T16:45:31.000Z","Thank you soo much😇","ChZDSUhNMG9nS0VJQ0FnSUNkMnFHalBnEAE","https://lh3.googleusercontent.com/grass-cs/ACvplmNa2x1jdVn2CPKl0GBp02sYVhYNYzDQzFtee2FYZoeT-KXP8M9ce3K9U_zHP7icxi0T3xU0an2FD4HROIbjrqruA88onRqZr1YwYKfFgNHUqfoiUJv5Dasvqa0DioXr1fojwxTrVA=k-no","https://lh3.googleusercontent.com/grass-cs/ACvplmPEhFow6ZmVWP_tkjhhjsVIFoIl2LOiBZeKklpU4VjrAh4HagRaQ5pgsjLmMXjqlohc8SQkc2YefnB0WbLXO7UguB_nqoih82lI86qcdAGfl61w_W_xQOsSJC73riv54CeVJrSF=k-no",,,,,,,"Google","https://www.google.com/maps/reviews/data=!4m8!14m7!1m6!2m5!1sChZDSUhNMG9nS0VJQ0FnSUNkMnFHalBnEAE!2m1!1s0x0:0xc46d9dbd85c4e1e2!3m1!1s2@1:CIHM0ogKEICAgICd2qGjPg%7C%7C?hl=en","114691069181918848940","1","https://lh3.googleusercontent.com/a/ACg8ocILjHnktHVIjsjIaEcxWVAg8wTDYjcQbNHMP2YZvbPTF1-geg=s1920-c-rp-mo-br100","https://www.google.com/maps/contrib/114691069181918848940?hl=en","329","2026-10-06T19:23:43.222Z","Direct Detail URL: https://www.google.com/maps?cid=14154142641213989346","5",,,"false","Malik ji holds expertise in his field of desert safari. His skills and knowledge about tourism in Dubai is exceptional. I would recommend him if you’re interested to experience the best ride in desert.",,"Dunes Discovery Tourism LLC","5",,"https://www.google.com/maps/search/?api=1&query=Dunes%20Discovery%20Tourism%20LLC&query_place_id=ChIJbWsIEIVEdEER4uHEhb2dbcQ",
,"1522201601161585131","Tour agency","Service establishment","Tour agency","14154142641213989346",,,"0x4174448510086b6d:0xc46d9dbd85c4e1e2",,"https://lh3.googleusercontent.com/grass-cs/AABkmLd2_d1tXdrlH6LWW10pygDnJzaUhEU7C7L75fvzbAv4OYkdlD4LwcGPTtfM0xX8prg6H7I6hKya8LF-YWUiDMb0s1vwi8onlMyPQGQGfLxxP-evkFPGc0oYiPA5qiJVrNSeoCE=w408-h261-k-no","false","false","/g/11vk63ds_v","en","1","24.3539913","53.9485752","Salma Punam",,"en","false","ChIJbWsIEIVEdEER4uHEhb2dbcQ",,,"2 years ago","2024-02-14T16:17:32.571Z",,"2024-02-14T16:44:10.000Z","Thank you for feedback ","ChZDSUhNMG9nS0VJQ0FnSUNkMnY3aGZBEAE","https://lh3.googleusercontent.com/grass-cs/ACvplmNsDGL7nWzxGLYo5h-ViBkRT1Nkn7xr963dEfWrG-01-6zUQHNDA73mapQOIQ0ID0mk1JwqyzhPlq1m2Tt6E5HctLaV___LQrt84thgBS7Vyx3ZBbbgDG63Oi0vYD78S9HuwVE=k-no","https://lh3.googleusercontent.com/grass-cs/ACvplmNvENjkjnFfCXaplJgq6HlsMn6Rsr7tgfRsj4-6tv17jwUVC093_h24aa5Mm-m99iCMaIUh1uHCZ0lwFBct8CB3IuEeJOY4fYf8lNLKJ9sZ69-IxMtE8vy8iKHMkqq4vnH0p1BfoQ=k-no","https://lh3.googleusercontent.com/grass-cs/ACvplmPUzhzH8QawY50tZUczZkXJ6FNF5OKjleh_EfW-2Hpt9e6xqXZea4Erff9xLIbshb0JceUHceivLSey2bVlMDQ9OXonewUpchVJlvoQbKMCprKaq5Kr7Q8i6GZqp09tX6rC7VEM=k-no",,,,,,"Google","https://www.google.com/maps/reviews/data=!4m8!14m7!1m6!2m5!1sChZDSUhNMG9nS0VJQ0FnSUNkMnY3aGZBEAE!2m1!1s0x0:0xc46d9dbd85c4e1e2!3m1!1s2@1:CIHM0ogKEICAgICd2v7hfA%7C%7C?hl=en","103253639634875855251","1","https://lh3.googleusercontent.com/a/ACg8ocJmVfoNlAi7AeHqmO9FrEZvm812HZRWZZdEmNdgc1Ep8NhTlQ=s1920-c-rp-mo-br100","https://www.google.com/maps/contrib/103253639634875855251?hl=en","329","2026-10-06T19:23:43.222Z","Direct Detail URL: https://www.google.com/maps?cid=14154142641213989346","5",,,"false","Desert Safari was amazing I really like it…and Mr. Malik he give the best service…I will come again & again inshallah…Thank you",,"Dunes Discovery Tourism LLC","5",,"https://www.google.com/maps/search/?api=1&query=Dunes%20Discovery%20Tourism%20LLC&query_place_id=ChIJbWsIEIVEdEER4uHEhb2dbcQ",
,"1522201601161585131","Tour agency","Service establishment","Tour agency","14154142641213989346",,,"0x4174448510086b6d:0xc46d9dbd85c4e1e2",,"https://lh3.googleusercontent.com/grass-cs/AABkmLd2_d1tXdrlH6LWW10pygDnJzaUhEU7C7L75fvzbAv4OYkdlD4LwcGPTtfM0xX8prg6H7I6hKya8LF-YWUiDMb0s1vwi8onlMyPQGQGfLxxP-evkFPGc0oYiPA5qiJVrNSeoCE=w408-h261-k-no","false","false","/g/11vk63ds_v","en","0","24.3539913","53.9485752","Gn Gn",,,"false","ChIJbWsIEIVEdEER4uHEhb2dbcQ",,,"2 years ago","2024-02-13T19:39:21.270Z",,"2024-02-18T08:49:58.000Z","Thanks","ChZDSUhNMG9nS0VJQ0FnSUNkM1BPbmVnEAE",,,,,,,,,"Google","https://www.google.com/maps/reviews/data=!4m8!14m7!1m6!2m5!1sChZDSUhNMG9nS0VJQ0FnSUNkM1BPbmVnEAE!2m1!1s0x0:0xc46d9dbd85c4e1e2!3m1!1s2@1:CIHM0ogKEICAgICd3POneg%7C%7C?hl=en","114715791135602244670","1","https://lh3.googleusercontent.com/a/ACg8ocKFkcnug4BEUh2oMQBXa1eLfnbnCTRklGSuoHhOjYKu7asY4g=s1920-c-rp-mo-br100","https://www.google.com/maps/contrib/114715791135602244670?hl=en","329","2026-10-06T19:23:43.222Z","Direct Detail URL: https://www.google.com/maps?cid=14154142641213989346","5",,,"false",,,"Dunes Discovery Tourism LLC","5",,"https://www.google.com/maps/search/?api=1&query=Dunes%20Discovery%20Tourism%20LLC&query_place_id=ChIJbWsIEIVEdEER4uHEhb2dbcQ",
,"1522201601161585131","Tour agency","Service establishment","Tour agency","14154142641213989346",,,"0x4174448510086b6d:0xc46d9dbd85c4e1e2",,"https://lh3.googleusercontent.com/grass-cs/AABkmLd2_d1tXdrlH6LWW10pygDnJzaUhEU7C7L75fvzbAv4OYkdlD4LwcGPTtfM0xX8prg6H7I6hKya8LF-YWUiDMb0s1vwi8onlMyPQGQGfLxxP-evkFPGc0oYiPA5qiJVrNSeoCE=w408-h261-k-no","false","true","/g/11vk63ds_v","en","1","24.3539913","53.9485752","Rustam Saydullaev",,"ru","false","ChIJbWsIEIVEdEER4uHEhb2dbcQ",,,"2 years ago","2024-02-13T17:20:48.745Z",,"2024-02-13T17:34:22.000Z","Thank you for the feedback 😇","ChZDSUhNMG9nS0VJQ0FnSUNkbk42cUdREAE","https://lh3.googleusercontent.com/grass-cs/ACvplmMMBSxoCZSy8zcjrK4scqbOnOhZFHD8AJ9tpLne88NIeWa9qonnruLongzM6KyqIzMMleFJ_Kh-l9mi2WsnzMnFUmwjpSnaZaV1pIwyWI6eufq8pkrKn1bJy5LeooOvg_rjMgaI=k-no",,,,,,,,"Google","https://www.google.com/maps/reviews/data=!4m8!14m7!1m6!2m5!1sChZDSUhNMG9nS0VJQ0FnSUNkbk42cUdREAE!2m1!1s0x0:0xc46d9dbd85c4e1e2!3m1!1s2@1:CIHM0ogKEICAgICdnN6qGQ%7C%7C?hl=en","112618621268142347695","8","https://lh3.googleusercontent.com/a-/ALV-UjX3uDDJh5P7EMls8UCpN2lKJm1VPCBbKgXDcKd48oLXnuNHc1iBRA=s1920-c-rp-mo-ba12-br100","https://www.google.com/maps/contrib/112618621268142347695?hl=en","329","2026-10-06T19:23:43.222Z","Direct Detail URL: https://www.google.com/maps?cid=14154142641213989346","5",,,"false","Молодцы! Все было отлично, Малик хороший водитель и гид замечательный!","Well done! Everything was great, Malik is a good driver and a wonderful guide!","Dunes Discovery Tourism LLC","5","en","https://www.google.com/maps/search/?api=1&query=Dunes%20Discovery%20Tourism%20LLC&query_place_id=ChIJbWsIEIVEdEER4uHEhb2dbcQ",
,"1522201601161585131","Tour agency","Service establishment","Tour agency","14154142641213989346",,,"0x4174448510086b6d:0xc46d9dbd85c4e1e2",,"https://lh3.googleusercontent.com/grass-cs/AABkmLd2_d1tXdrlH6LWW10pygDnJzaUhEU7C7L75fvzbAv4OYkdlD4LwcGPTtfM0xX8prg6H7I6hKya8LF-YWUiDMb0s1vwi8onlMyPQGQGfLxxP-evkFPGc0oYiPA5qiJVrNSeoCE=w408-h261-k-no","false","false","/g/11vk63ds_v","en","0","24.3539913","53.9485752","Midian Aljabery",,,"false","ChIJbWsIEIVEdEER4uHEhb2dbcQ",,,"2 years ago","2024-02-10T16:07:00.804Z",,"2024-02-13T17:34:45.000Z","Thanks 🤩 ","ChdDSUhNMG9nS0VJQ0FnSUNkaUpPVGhBRRAB",,,,,,,,,"Google","https://www.google.com/maps/reviews/data=!4m8!14m7!1m6!2m5!1sChdDSUhNMG9nS0VJQ0FnSUNkaUpPVGhBRRAB!2m1!1s0x0:0xc46d9dbd85c4e1e2!3m1!1s2@1:CIHM0ogKEICAgICdiJOThAE%7C%7C?hl=en","107412306866929519944","0","https://lh3.googleusercontent.com/a-/ALV-UjVu5s_3RieP5LngRFmJ2ss1XspxeWBXzSGuicLofL_MJvAA4g=s1920-c-rp-mo-br100","https://www.google.com/maps/contrib/107412306866929519944?hl=en","329","2026-10-06T19:23:43.222Z","Direct Detail URL: https://www.google.com/maps?cid=14154142641213989346","5",,,"false",,,"Dunes Discovery Tourism LLC","5",,"https://www.google.com/maps/search/?api=1&query=Dunes%20Discovery%20Tourism%20LLC&query_place_id=ChIJbWsIEIVEdEER4uHEhb2dbcQ",
,"1522201601161585131","Tour agency","Service establishment","Tour agency","14154142641213989346",,,"0x4174448510086b6d:0xc46d9dbd85c4e1e2",,"https://lh3.googleusercontent.com/grass-cs/AABkmLd2_d1tXdrlH6LWW10pygDnJzaUhEU7C7L75fvzbAv4OYkdlD4LwcGPTtfM0xX8prg6H7I6hKya8LF-YWUiDMb0s1vwi8onlMyPQGQGfLxxP-evkFPGc0oYiPA5qiJVrNSeoCE=w408-h261-k-no","false","false","/g/11vk63ds_v","en","1","24.3539913","53.9485752","Waseem Bhatti",,"en","false","ChIJbWsIEIVEdEER4uHEhb2dbcQ",,,"2 years ago","2024-02-09T21:28:35.657Z",,"2024-02-10T12:14:26.000Z","Thank you for your feedback 😇","ChZDSUhNMG9nS0VJQ0FnSUNka08zVFZ3EAE",,,,,,,,,"Google","https://www.google.com/maps/reviews/data=!4m8!14m7!1m6!2m5!1sChZDSUhNMG9nS0VJQ0FnSUNka08zVFZ3EAE!2m1!1s0x0:0xc46d9dbd85c4e1e2!3m1!1s2@1:CIHM0ogKEICAgICdkO3TVw%7C%7C?hl=en","102613013349213811955","3","https://lh3.googleusercontent.com/a/ACg8ocIrjWg9SCQRzuFISjjBC_b16P73ymPq7NBOe1QQg7GPoFRWfQ=s1920-c-rp-mo-br100","https://www.google.com/maps/contrib/102613013349213811955?hl=en","329","2026-10-06T19:23:43.222Z","Direct Detail URL: https://www.google.com/maps?cid=14154142641213989346","5",,,"false","Very nice service. Had a wonderful day. Driver Furqan was very professional and the desert camp food and entertainment was excellent.",,"Dunes Discovery Tourism LLC","5",,"https://www.google.com/maps/search/?api=1&query=Dunes%20Discovery%20Tourism%20LLC&query_place_id=ChIJbWsIEIVEdEER4uHEhb2dbcQ",
,"1522201601161585131","Tour agency","Service establishment","Tour agency","14154142641213989346",,,"0x4174448510086b6d:0xc46d9dbd85c4e1e2",,"https://lh3.googleusercontent.com/grass-cs/AABkmLd2_d1tXdrlH6LWW10pygDnJzaUhEU7C7L75fvzbAv4OYkdlD4LwcGPTtfM0xX8prg6H7I6hKya8LF-YWUiDMb0s1vwi8onlMyPQGQGfLxxP-evkFPGc0oYiPA5qiJVrNSeoCE=w408-h261-k-no","false","false","/g/11vk63ds_v","en","1","24.3539913","53.9485752","Maham Saeed",,"en","false","ChIJbWsIEIVEdEER4uHEhb2dbcQ",,,"2 years ago","2024-02-08T16:59:13.141Z",,"2024-02-09T11:22:58.000Z","Thank you for your feedback 🙏","ChdDSUhNMG9nS0VJQ0FnSUR0cjhfaDZRRRAB","https://lh3.googleusercontent.com/grass-cs/ACvplmOH5vAippCOOhHivBXNf3O_syi1LfUplZ4DwGHMKyqMXGk9qne8FDq_xeT5OCi1_TY_Jmw9Gw84M-hEiPSCqfNBDB21K7Pa4bQVwx5c2Y3fsVLUjLw9kKtJa-ebygNEFsm2lbaC=k-no","https://lh3.googleusercontent.com/grass-cs/ACvplmNXFa7nzvnT66ibZ4bPKlJNT1ORKNaF4KSYLMEUkuruPm8kdiuqHWFnDvF8V2DaN63O3saAHj54nHYCqhRJuHkCRLU6CJ5fsxal4AOSYFkoAad5PHaTl5aQohykuLIZZ-usYQEV=k-no","https://lh3.googleusercontent.com/grass-cs/ACvplmM0b6kJgJ9ErblwTugWSNOvEsaIaI22zPQ-XC1mdMw63zk0di9-Iq_VRqjgVakzh6vtJC_Q0ZYuqjI5Al3XrrJ1H2Ou8MiYqX195v1PwVeP8l7JORJatod3GwMrUAZ6OR-ql-Od=k-no","https://lh3.googleusercontent.com/grass-cs/ACvplmM16aSeoF5j9c5mbLo3J2lGpg8ZIou1LzP8F7pgIK9ZCWZ0qmuW341ebhUsdw-AhiPvxW5ZyDWfS8iZiOA4mC46xW-fh13cAnBlk3uYJkMaVthpgGkjr2aCyn_y9JPM3rYOlEXWmQ=k-no",,,,,"Google","https://www.google.com/maps/reviews/data=!4m8!14m7!1m6!2m5!1sChdDSUhNMG9nS0VJQ0FnSUR0cjhfaDZRRRAB!2m1!1s0x0:0xc46d9dbd85c4e1e2!3m1!1s2@1:CIHM0ogKEICAgIDtr8_h6QE%7C%7C?hl=en","114035696414833059070","2","https://lh3.googleusercontent.com/a/ACg8ocJQL87vAIA9Wv9ybzyadLsPBn7XR6IZUB9CmPC7inGrS0uqzp4=s1920-c-rp-mo-br100","https://www.google.com/maps/contrib/114035696414833059070?hl=en","329","2026-10-06T19:23:43.222Z","Direct Detail URL: https://www.google.com/maps?cid=14154142641213989346","5",,,"false","Overall the experience was good. Everything went smoothly. They guided us very well. Everything was just on point. We enjoyed and made memories.",,"Dunes Discovery Tourism LLC","5",,"https://www.google.com/maps/search/?api=1&query=Dunes%20Discovery%20Tourism%20LLC&query_place_id=ChIJbWsIEIVEdEER4uHEhb2dbcQ",
,"1522201601161585131","Tour agency","Service establishment","Tour agency","14154142641213989346",,,"0x4174448510086b6d:0xc46d9dbd85c4e1e2",,"https://lh3.googleusercontent.com/grass-cs/AABkmLd2_d1tXdrlH6LWW10pygDnJzaUhEU7C7L75fvzbAv4OYkdlD4LwcGPTtfM0xX8prg6H7I6hKya8LF-YWUiDMb0s1vwi8onlMyPQGQGfLxxP-evkFPGc0oYiPA5qiJVrNSeoCE=w408-h261-k-no","false","false","/g/11vk63ds_v","en","0","24.3539913","53.9485752","Abdul Hadi",,,"false","ChIJbWsIEIVEdEER4uHEhb2dbcQ",,,"2 years ago","2024-02-08T16:28:41.622Z",,"2024-02-09T11:23:11.000Z","Thanks you😇","ChdDSUhNMG9nS0VJQ0FnSUR0cjVla3d3RRAB",,,,,,,,,"Google","https://www.google.com/maps/reviews/data=!4m8!14m7!1m6!2m5!1sChdDSUhNMG9nS0VJQ0FnSUR0cjVla3d3RRAB!2m1!1s0x0:0xc46d9dbd85c4e1e2!3m1!1s2@1:CIHM0ogKEICAgIDtr5ekwwE%7C%7C?hl=en","115553190988896857816","2","https://lh3.googleusercontent.com/a/ACg8ocI6AGOMZUTvY8VipxS6a0ayOmsWszbsF6vbsrT5mgtA49cHkw=s1920-c-rp-mo-br100","https://www.google.com/maps/contrib/115553190988896857816?hl=en","329","2026-10-06T19:23:43.222Z","Direct Detail URL: https://www.google.com/maps?cid=14154142641213989346","5",,,"false",,,"Dunes Discovery Tourism LLC","5",,"https://www.google.com/maps/search/?api=1&query=Dunes%20Discovery%20Tourism%20LLC&query_place_id=ChIJbWsIEIVEdEER4uHEhb2dbcQ",
,"1522201601161585131","Tour agency","Service establishment","Tour agency","14154142641213989346",,,"0x4174448510086b6d:0xc46d9dbd85c4e1e2",,"https://lh3.googleusercontent.com/grass-cs/AABkmLd2_d1tXdrlH6LWW10pygDnJzaUhEU7C7L75fvzbAv4OYkdlD4LwcGPTtfM0xX8prg6H7I6hKya8LF-YWUiDMb0s1vwi8onlMyPQGQGfLxxP-evkFPGc0oYiPA5qiJVrNSeoCE=w408-h261-k-no","false","false","/g/11vk63ds_v","en","1","24.3539913","53.9485752","Vinny Harper",,"en","false","ChIJbWsIEIVEdEER4uHEhb2dbcQ",,,"2 years ago","2024-02-07T15:42:00.616Z",,"2024-02-08T09:33:56.000Z","Thank you 😇","ChZDSUhNMG9nS0VJQ0FnSUR0cDhlNUxnEAE",,,,,,,,,"Google","https://www.google.com/maps/reviews/data=!4m8!14m7!1m6!2m5!1sChZDSUhNMG9nS0VJQ0FnSUR0cDhlNUxnEAE!2m1!1s0x0:0xc46d9dbd85c4e1e2!3m1!1s2@1:CIHM0ogKEICAgIDtp8e5Lg%7C%7C?hl=en","104728635723277406877","1","https://lh3.googleusercontent.com/a/ACg8ocKTP7A-g2XyO17YgO6aDHeu_QlxdrW_3e2wsOwmyNMG7RdtRQ=s1920-c-rp-mo-br100","https://www.google.com/maps/contrib/104728635723277406877?hl=en","329","2026-10-06T19:23:43.222Z","Direct Detail URL: https://www.google.com/maps?cid=14154142641213989346","5",,,"false","The best experience ever highly recommended",,"Dunes Discovery Tourism LLC","5",,"https://www.google.com/maps/search/?api=1&query=Dunes%20Discovery%20Tourism%20LLC&query_place_id=ChIJbWsIEIVEdEER4uHEhb2dbcQ",
,"1522201601161585131","Tour agency","Service establishment","Tour agency","14154142641213989346",,,"0x4174448510086b6d:0xc46d9dbd85c4e1e2",,"https://lh3.googleusercontent.com/grass-cs/AABkmLd2_d1tXdrlH6LWW10pygDnJzaUhEU7C7L75fvzbAv4OYkdlD4LwcGPTtfM0xX8prg6H7I6hKya8LF-YWUiDMb0s1vwi8onlMyPQGQGfLxxP-evkFPGc0oYiPA5qiJVrNSeoCE=w408-h261-k-no","false","false","/g/11vk63ds_v","en","1","24.3539913","53.9485752","Banupriya ponnusamy.T.M",,"en","false","ChIJbWsIEIVEdEER4uHEhb2dbcQ",,,"2 years ago","2024-02-06T16:51:02.594Z",,"2024-02-08T09:34:27.000Z","Thanks for your feedback ","ChZDSUhNMG9nS0VJQ0FnSUR0bzdMbFN3EAE",,,,,,,,,"Google","https://www.google.com/maps/reviews/data=!4m8!14m7!1m6!2m5!1sChZDSUhNMG9nS0VJQ0FnSUR0bzdMbFN3EAE!2m1!1s0x0:0xc46d9dbd85c4e1e2!3m1!1s2@1:CIHM0ogKEICAgIDto7LlSw%7C%7C?hl=en","103105929037577348187","9","https://lh3.googleusercontent.com/a/ACg8ocKNmBWAvEodzK9BEDlHko9_EQ5Zd23EAGxZixUqkpw-7y2tYg=s1920-c-rp-mo-br100","https://www.google.com/maps/contrib/103105929037577348187?hl=en","329","2026-10-06T19:23:43.222Z","Direct Detail URL: https://www.google.com/maps?cid=14154142641213989346","5",,,"false","We are very Happpy today with the help of your company. Very nice experience 🤗Next time will visit with family 🤩

Thank you so much for Amazing Experience 😍

Nice Company & Friendly People 😎

I will Definitely recommend to my friends .
We Enjoyed Lot 💝

Thank you 🙏😍",,"Dunes Discovery Tourism LLC","5",,"https://www.google.com/maps/search/?api=1&query=Dunes%20Discovery%20Tourism%20LLC&query_place_id=ChIJbWsIEIVEdEER4uHEhb2dbcQ",
,"1522201601161585131","Tour agency","Service establishment","Tour agency","14154142641213989346",,,"0x4174448510086b6d:0xc46d9dbd85c4e1e2",,"https://lh3.googleusercontent.com/grass-cs/AABkmLd2_d1tXdrlH6LWW10pygDnJzaUhEU7C7L75fvzbAv4OYkdlD4LwcGPTtfM0xX8prg6H7I6hKya8LF-YWUiDMb0s1vwi8onlMyPQGQGfLxxP-evkFPGc0oYiPA5qiJVrNSeoCE=w408-h261-k-no","false","false","/g/11vk63ds_v","en","1","24.3539913","53.9485752","Shabbir Badsha",,"en","false","ChIJbWsIEIVEdEER4uHEhb2dbcQ",,,"2 years ago","2024-02-05T09:31:04.405Z",,"2024-02-08T09:34:54.000Z","Thank you.","ChZDSUhNMG9nS0VJQ0FnSUR0aWFxaEpBEAE",,,,,,,,,"Google","https://www.google.com/maps/reviews/data=!4m8!14m7!1m6!2m5!1sChZDSUhNMG9nS0VJQ0FnSUR0aWFxaEpBEAE!2m1!1s0x0:0xc46d9dbd85c4e1e2!3m1!1s2@1:CIHM0ogKEICAgIDtiaqhJA%7C%7C?hl=en","105470490028848885137","4","https://lh3.googleusercontent.com/a/ACg8ocKYP1J_0N1rYgiBc4kcbPfa5HfV-KegjWjORZWpIK_afWTDGQ=s1920-c-rp-mo-br100","https://www.google.com/maps/contrib/105470490028848885137?hl=en","329","2026-10-06T19:23:43.222Z","Direct Detail URL: https://www.google.com/maps?cid=14154142641213989346","5",,,"false","Malik Shahbaz arrived on time for pick up, guide and tour both were good & flexible. We had a good time.
Many thanks and recommend Malik Shahbaz & tour.",,"Dunes Discovery Tourism LLC","5",,"https://www.google.com/maps/search/?api=1&query=Dunes%20Discovery%20Tourism%20LLC&query_place_id=ChIJbWsIEIVEdEER4uHEhb2dbcQ",
,"1522201601161585131","Tour agency","Service establishment","Tour agency","14154142641213989346",,,"0x4174448510086b6d:0xc46d9dbd85c4e1e2",,"https://lh3.googleusercontent.com/grass-cs/AABkmLd2_d1tXdrlH6LWW10pygDnJzaUhEU7C7L75fvzbAv4OYkdlD4LwcGPTtfM0xX8prg6H7I6hKya8LF-YWUiDMb0s1vwi8onlMyPQGQGfLxxP-evkFPGc0oYiPA5qiJVrNSeoCE=w408-h261-k-no","false","false","/g/11vk63ds_v","en","0","24.3539913","53.9485752","Pradeep Chopra",,,"false","ChIJbWsIEIVEdEER4uHEhb2dbcQ",,,"2 years ago","2024-02-01T17:22:14.861Z",,"2024-02-08T09:35:02.000Z","Thanks","ChZDSUhNMG9nS0VJQ0FnSUN0Nzl1UFVBEAE",,,,,,,,,"Google","https://www.google.com/maps/reviews/data=!4m8!14m7!1m6!2m5!1sChZDSUhNMG9nS0VJQ0FnSUN0Nzl1UFVBEAE!2m1!1s0x0:0xc46d9dbd85c4e1e2!3m1!1s2@1:CIHM0ogKEICAgICt79uPUA%7C%7C?hl=en","111174843141470171499","2","https://lh3.googleusercontent.com/a/ACg8ocJX4GHlKzX-1A_joC5m9Z2EhULSUmQ9ghT6N1vac2h65UOlUg=s1920-c-rp-mo-br100","https://www.google.com/maps/contrib/111174843141470171499?hl=en","329","2026-10-06T19:23:43.222Z","Direct Detail URL: https://www.google.com/maps?cid=14154142641213989346","5",,,"false",,,"Dunes Discovery Tourism LLC","5",,"https://www.google.com/maps/search/?api=1&query=Dunes%20Discovery%20Tourism%20LLC&query_place_id=ChIJbWsIEIVEdEER4uHEhb2dbcQ",
,"1522201601161585131","Tour agency","Service establishment","Tour agency","14154142641213989346",,,"0x4174448510086b6d:0xc46d9dbd85c4e1e2",,"https://lh3.googleusercontent.com/grass-cs/AABkmLd2_d1tXdrlH6LWW10pygDnJzaUhEU7C7L75fvzbAv4OYkdlD4LwcGPTtfM0xX8prg6H7I6hKya8LF-YWUiDMb0s1vwi8onlMyPQGQGfLxxP-evkFPGc0oYiPA5qiJVrNSeoCE=w408-h261-k-no","false","false","/g/11vk63ds_v","en","0","24.3539913","53.9485752","Aman Gagneja",,"en","false","ChIJbWsIEIVEdEER4uHEhb2dbcQ",,,"2 years ago","2024-02-01T16:40:13.066Z",,"2024-02-08T09:35:13.000Z","Thanks for your feedback 😇","ChdDSUhNMG9nS0VJQ0FnSUN0Ny1DR29BRRAB",,,,,,,,,"Google","https://www.google.com/maps/reviews/data=!4m8!14m7!1m6!2m5!1sChdDSUhNMG9nS0VJQ0FnSUN0Ny1DR29BRRAB!2m1!1s0x0:0xc46d9dbd85c4e1e2!3m1!1s2@1:CIHM0ogKEICAgICt7-CGoAE%7C%7C?hl=en","109577516385316826432","2","https://lh3.googleusercontent.com/a-/ALV-UjXGPp8gZ7sGG_KdWGN_J6DQ_FW0e6VGWcjzqTrCwgiozmPBL6Xm=s1920-c-rp-mo-br100","https://www.google.com/maps/contrib/109577516385316826432?hl=en","329","2026-10-06T19:23:43.222Z","Direct Detail URL: https://www.google.com/maps?cid=14154142641213989346","5",,,"false","i’ll reach safari 5-6 time
but this expirence is pricless
our car driver are give him the best serivce
all the best for futher",,"Dunes Discovery Tourism LLC","5",,"https://www.google.com/maps/search/?api=1&query=Dunes%20Discovery%20Tourism%20LLC&query_place_id=ChIJbWsIEIVEdEER4uHEhb2dbcQ",
,"1522201601161585131","Tour agency","Service establishment","Tour agency","14154142641213989346",,,"0x4174448510086b6d:0xc46d9dbd85c4e1e2",,"https://lh3.googleusercontent.com/grass-cs/AABkmLd2_d1tXdrlH6LWW10pygDnJzaUhEU7C7L75fvzbAv4OYkdlD4LwcGPTtfM0xX8prg6H7I6hKya8LF-YWUiDMb0s1vwi8onlMyPQGQGfLxxP-evkFPGc0oYiPA5qiJVrNSeoCE=w408-h261-k-no","false","false","/g/11vk63ds_v","en","0","24.3539913","53.9485752","sonia gill",,"en","false","ChIJbWsIEIVEdEER4uHEhb2dbcQ",,,"2 years ago","2024-01-29T19:50:35.067Z",,"2024-02-08T09:32:34.000Z","Thanks for your feedback ","ChdDSUhNMG9nS0VJQ0FnSUN0Z3RYbjJ3RRAB",,,,,,,,,"Google","https://www.google.com/maps/reviews/data=!4m8!14m7!1m6!2m5!1sChdDSUhNMG9nS0VJQ0FnSUN0Z3RYbjJ3RRAB!2m1!1s0x0:0xc46d9dbd85c4e1e2!3m1!1s2@1:CIHM0ogKEICAgICtgtXn2wE%7C%7C?hl=en","101667894896359135462","5","https://lh3.googleusercontent.com/a/ACg8ocLxSmotn16MHOvLatTplu-KkntpxHEKkYaYqmjroJqPnOEBUQ=s1920-c-rp-mo-br100","https://www.google.com/maps/contrib/101667894896359135462?hl=en","329","2026-10-06T19:23:43.222Z","Direct Detail URL: https://www.google.com/maps?cid=14154142641213989346","5",,,"false","What an incredible experience at the desert safari with this team! Malik was wonderful in accommodating us at the last minute, checked on us constantly to ensure we had everything. They picked us from the hotel and dropped us off. The vehicles are very clean, the team very courteous and professional. The experience of desert safari was amazing.. definitely recommend taking the quad bikes out for a spin on the dunes….",,"Dunes Discovery Tourism LLC","5",,"https://www.google.com/maps/search/?api=1&query=Dunes%20Discovery%20Tourism%20LLC&query_place_id=ChIJbWsIEIVEdEER4uHEhb2dbcQ",
,"1522201601161585131","Tour agency","Service establishment","Tour agency","14154142641213989346",,,"0x4174448510086b6d:0xc46d9dbd85c4e1e2",,"https://lh3.googleusercontent.com/grass-cs/AABkmLd2_d1tXdrlH6LWW10pygDnJzaUhEU7C7L75fvzbAv4OYkdlD4LwcGPTtfM0xX8prg6H7I6hKya8LF-YWUiDMb0s1vwi8onlMyPQGQGfLxxP-evkFPGc0oYiPA5qiJVrNSeoCE=w408-h261-k-no","false","false","/g/11vk63ds_v","en","0","24.3539913","53.9485752","ANIL KUMAR",,,"false","ChIJbWsIEIVEdEER4uHEhb2dbcQ",,,"2 years ago","2024-01-28T16:47:25.449Z",,"2024-01-28T17:33:47.000Z","Many thanks.","ChZDSUhNMG9nS0VJQ0FnSUN0bVA2U0FREAE",,,,,,,,,"Google","https://www.google.com/maps/reviews/data=!4m8!14m7!1m6!2m5!1sChZDSUhNMG9nS0VJQ0FnSUN0bVA2U0FREAE!2m1!1s0x0:0xc46d9dbd85c4e1e2!3m1!1s2@1:CIHM0ogKEICAgICtmP6SAQ%7C%7C?hl=en","105201604475204060239","0","https://lh3.googleusercontent.com/a/ACg8ocKrePgV_zLL7-CBdqHofc2PCK8JlDwvEzcYah4G48hJjiWI5Q=s1920-c-rp-mo-br100","https://www.google.com/maps/contrib/105201604475204060239?hl=en","329","2026-10-06T19:23:43.222Z","Direct Detail URL: https://www.google.com/maps?cid=14154142641213989346","5",,,"false",,,"Dunes Discovery Tourism LLC","5",,"https://www.google.com/maps/search/?api=1&query=Dunes%20Discovery%20Tourism%20LLC&query_place_id=ChIJbWsIEIVEdEER4uHEhb2dbcQ",
,"1522201601161585131","Tour agency","Service establishment","Tour agency","14154142641213989346",,,"0x4174448510086b6d:0xc46d9dbd85c4e1e2",,"https://lh3.googleusercontent.com/grass-cs/AABkmLd2_d1tXdrlH6LWW10pygDnJzaUhEU7C7L75fvzbAv4OYkdlD4LwcGPTtfM0xX8prg6H7I6hKya8LF-YWUiDMb0s1vwi8onlMyPQGQGfLxxP-evkFPGc0oYiPA5qiJVrNSeoCE=w408-h261-k-no","false","false","/g/11vk63ds_v","en","1","24.3539913","53.9485752","JOEB MALEK",,"en","false","ChIJbWsIEIVEdEER4uHEhb2dbcQ",,,"2 years ago","2024-01-25T16:58:46.084Z",,"2024-01-28T17:34:14.000Z","Many thanks.","ChdDSUhNMG9nS0VJQ0FnSUROazdpLTdnRRAB",,,,,,,,,"Google","https://www.google.com/maps/reviews/data=!4m8!14m7!1m6!2m5!1sChdDSUhNMG9nS0VJQ0FnSUROazdpLTdnRRAB!2m1!1s0x0:0xc46d9dbd85c4e1e2!3m1!1s2@1:CIHM0ogKEICAgIDNk7i-7gE%7C%7C?hl=en","111787522246506184775","3","https://lh3.googleusercontent.com/a-/ALV-UjWbonQsSJQYYrDTIyYPsmp51vgpf2gUt5fPP-HFv23AMUbzpvwh=s1920-c-rp-mo-br100","https://www.google.com/maps/contrib/111787522246506184775?hl=en","329","2026-10-06T19:23:43.222Z","Direct Detail URL: https://www.google.com/maps?cid=14154142641213989346","5",,,"false","Excellent performance by Malek Shahbaz he has guided us regarding safari desert his behaviour is very good with us their is excellent performance of malek shahbaz and it’s company…….❤️",,"Dunes Discovery Tourism LLC","5",,"https://www.google.com/maps/search/?api=1&query=Dunes%20Discovery%20Tourism%20LLC&query_place_id=ChIJbWsIEIVEdEER4uHEhb2dbcQ",
,"1522201601161585131","Tour agency","Service establishment","Tour agency","14154142641213989346",,,"0x4174448510086b6d:0xc46d9dbd85c4e1e2",,"https://lh3.googleusercontent.com/grass-cs/AABkmLd2_d1tXdrlH6LWW10pygDnJzaUhEU7C7L75fvzbAv4OYkdlD4LwcGPTtfM0xX8prg6H7I6hKya8LF-YWUiDMb0s1vwi8onlMyPQGQGfLxxP-evkFPGc0oYiPA5qiJVrNSeoCE=w408-h261-k-no","false","false","/g/11vk63ds_v","en","0","24.3539913","53.9485752","Raluca Luca",,"en","false","ChIJbWsIEIVEdEER4uHEhb2dbcQ",,,"2 years ago","2024-01-25T16:48:18.322Z",,"2024-01-28T17:34:33.000Z","Thanks 😇","ChZDSUhNMG9nS0VJQ0FnSUROazhEWmJREAE",,,,,,,,,"Google","https://www.google.com/maps/reviews/data=!4m8!14m7!1m6!2m5!1sChZDSUhNMG9nS0VJQ0FnSUROazhEWmJREAE!2m1!1s0x0:0xc46d9dbd85c4e1e2!3m1!1s2@1:CIHM0ogKEICAgIDNk8DZbQ%7C%7C?hl=en","116509037749683176086","2","https://lh3.googleusercontent.com/a/ACg8ocLGqRzhxM5kUtAGmGoq_UXI6iLfjGP8oho75T5wHaoPCz_GMg=s1920-c-rp-mo-br100","https://www.google.com/maps/contrib/116509037749683176086?hl=en","329","2026-10-06T19:23:43.222Z","Direct Detail URL: https://www.google.com/maps?cid=14154142641213989346","5",,,"false","We had a good experience!we enjoy a lot!Recomend it",,"Dunes Discovery Tourism LLC","5",,"https://www.google.com/maps/search/?api=1&query=Dunes%20Discovery%20Tourism%20LLC&query_place_id=ChIJbWsIEIVEdEER4uHEhb2dbcQ",
,"1522201601161585131","Tour agency","Service establishment","Tour agency","14154142641213989346",,,"0x4174448510086b6d:0xc46d9dbd85c4e1e2",,"https://lh3.googleusercontent.com/grass-cs/AABkmLd2_d1tXdrlH6LWW10pygDnJzaUhEU7C7L75fvzbAv4OYkdlD4LwcGPTtfM0xX8prg6H7I6hKya8LF-YWUiDMb0s1vwi8onlMyPQGQGfLxxP-evkFPGc0oYiPA5qiJVrNSeoCE=w408-h261-k-no","false","false","/g/11vk63ds_v","en","0","24.3539913","53.9485752","Cristal Carlson",,"en","false","ChIJbWsIEIVEdEER4uHEhb2dbcQ",,,"2 years ago","2024-01-23T16:29:48.513Z",,"2024-01-28T17:34:51.000Z","Thank you😇","ChZDSUhNMG9nS0VJQ0FnSUROeWQ3S0dBEAE","https://lh3.googleusercontent.com/grass-cs/ACvplmNSw5WO6Xl9xqK2l5TA_uZuB05graeUJl2fXuEeEzSE-RZhTtdWl_hch76YlDPAvwm5v6Yf2UL3YE_r0zHlGPIh2umV-CKKuwuzaqkABMM8WdEeY4RJZF-wqUvRwoMrBRZHLe9nrw=k-no","https://lh3.googleusercontent.com/grass-cs/ACvplmPdqdqPkUv1vpbOBFUiXtCsK7vODd5Z6maw2iX_P8DfC_YpZWTmH2dffD32YS5rLu6kc_otI7F2qdgv7vrpk1e9OY9ajTVO7r1KuVu2YLLH-quALyGOwWrENh8BjoWKvUA-Geg8=k-no","https://lh3.googleusercontent.com/grass-cs/ACvplmPwuHKFnegs-sRO5Je0iiCsSgZ2gQorOrnqkDJPomZSrXGml5_WJLwp421eHT1upUhJbw3xbdtp7HYjj4qUVmK1S9ybC57HonGLQzXpJVRG9OMSkE1cvF2WMulMSrgDrrBO46fJ2w=k-no",,,,,,"Google","https://www.google.com/maps/reviews/data=!4m8!14m7!1m6!2m5!1sChZDSUhNMG9nS0VJQ0FnSUROeWQ3S0dBEAE!2m1!1s0x0:0xc46d9dbd85c4e1e2!3m1!1s2@1:CIHM0ogKEICAgIDNyd7KGA%7C%7C?hl=en","105694358582546997873","2","https://lh3.googleusercontent.com/a/ACg8ocLGgpllmDOTfY-PbRvMpajgz3lwYuA75rSGCrJIirGmvVCA5w=s1920-c-rp-mo-br100","https://www.google.com/maps/contrib/105694358582546997873?hl=en","329","2026-10-06T19:23:43.222Z","Direct Detail URL: https://www.google.com/maps?cid=14154142641213989346","5",,,"false","Great experience! Malik is the best!!",,"Dunes Discovery Tourism LLC","5",,"https://www.google.com/maps/search/?api=1&query=Dunes%20Discovery%20Tourism%20LLC&query_place_id=ChIJbWsIEIVEdEER4uHEhb2dbcQ",
,"1522201601161585131","Tour agency","Service establishment","Tour agency","14154142641213989346",,,"0x4174448510086b6d:0xc46d9dbd85c4e1e2",,"https://lh3.googleusercontent.com/grass-cs/AABkmLd2_d1tXdrlH6LWW10pygDnJzaUhEU7C7L75fvzbAv4OYkdlD4LwcGPTtfM0xX8prg6H7I6hKya8LF-YWUiDMb0s1vwi8onlMyPQGQGfLxxP-evkFPGc0oYiPA5qiJVrNSeoCE=w408-h261-k-no","false","false","/g/11vk63ds_v","en","0","24.3539913","53.9485752","parag doshi",,"en","false","ChIJbWsIEIVEdEER4uHEhb2dbcQ",,,"2 years ago","2024-01-23T16:27:30.215Z",,"2024-01-28T17:35:04.000Z","Thanks","ChZDSUhNMG9nS0VJQ0FnSUROeWE2YlZnEAE",,,,,,,,,"Google","https://www.google.com/maps/reviews/data=!4m8!14m7!1m6!2m5!1sChZDSUhNMG9nS0VJQ0FnSUROeWE2YlZnEAE!2m1!1s0x0:0xc46d9dbd85c4e1e2!3m1!1s2@1:CIHM0ogKEICAgIDNya6bVg%7C%7C?hl=en","115174590947448357837","4","https://lh3.googleusercontent.com/a/ACg8ocIUsylmY2CN7CnF1zzIxqNIZuf6ncwXjVcIRL933rrp2Ovd6Q=s1920-c-rp-mo-br100","https://www.google.com/maps/contrib/115174590947448357837?hl=en","329","2026-10-06T19:23:43.222Z","Direct Detail URL: https://www.google.com/maps?cid=14154142641213989346","5",,,"false","Wonderful experience of desert safari with Malik",,"Dunes Discovery Tourism LLC","5",,"https://www.google.com/maps/search/?api=1&query=Dunes%20Discovery%20Tourism%20LLC&query_place_id=ChIJbWsIEIVEdEER4uHEhb2dbcQ",
,"1522201601161585131","Tour agency","Service establishment","Tour agency","14154142641213989346",,,"0x4174448510086b6d:0xc46d9dbd85c4e1e2",,"https://lh3.googleusercontent.com/grass-cs/AABkmLd2_d1tXdrlH6LWW10pygDnJzaUhEU7C7L75fvzbAv4OYkdlD4LwcGPTtfM0xX8prg6H7I6hKya8LF-YWUiDMb0s1vwi8onlMyPQGQGfLxxP-evkFPGc0oYiPA5qiJVrNSeoCE=w408-h261-k-no","false","false","/g/11vk63ds_v","en","0","24.3539913","53.9485752","Sumit Xx",,"en","false","ChIJbWsIEIVEdEER4uHEhb2dbcQ",,,"2 years ago","2024-01-23T16:25:37.355Z",,"2024-01-28T17:35:24.000Z","Thanks for the feedback!!","ChZDSUhNMG9nS0VJQ0FnSUROeVk3NVdBEAE","https://lh3.googleusercontent.com/grass-cs/ACvplmPDR3sRb_Q4XeCHU2QVetQdFyO1TP7RKkYHW-paqs6NoiiTHNupbIiOQRZHzNEjuRz8lOoWWGA_jg8_d160ulaDADS1BNv7weCTc8gCtnJ87E3Y8y6EtiINfjDfUKi-Sz67Ji3ZHg=k-no",,,,,,,,"Google","https://www.google.com/maps/reviews/data=!4m8!14m7!1m6!2m5!1sChZDSUhNMG9nS0VJQ0FnSUROeVk3NVdBEAE!2m1!1s0x0:0xc46d9dbd85c4e1e2!3m1!1s2@1:CIHM0ogKEICAgIDNyY75WA%7C%7C?hl=en","113833323867245302017","4","https://lh3.googleusercontent.com/a/ACg8ocLjPMy3d2G0IHCF7ycJBnq8RikvEPABTwXQPqtG1kn0WcpO3g=s1920-c-rp-mo-br100","https://www.google.com/maps/contrib/113833323867245302017?hl=en","329","2026-10-06T19:23:43.222Z","Direct Detail URL: https://www.google.com/maps?cid=14154142641213989346","5",,,"false","It was a very good experience Worth trying
Good services provided by the team",,"Dunes Discovery Tourism LLC","5",,"https://www.google.com/maps/search/?api=1&query=Dunes%20Discovery%20Tourism%20LLC&query_place_id=ChIJbWsIEIVEdEER4uHEhb2dbcQ",
,"1522201601161585131","Tour agency","Service establishment","Tour agency","14154142641213989346",,,"0x4174448510086b6d:0xc46d9dbd85c4e1e2",,"https://lh3.googleusercontent.com/grass-cs/AABkmLd2_d1tXdrlH6LWW10pygDnJzaUhEU7C7L75fvzbAv4OYkdlD4LwcGPTtfM0xX8prg6H7I6hKya8LF-YWUiDMb0s1vwi8onlMyPQGQGfLxxP-evkFPGc0oYiPA5qiJVrNSeoCE=w408-h261-k-no","false","false","/g/11vk63ds_v","en","0","24.3539913","53.9485752","Mohit Goyal",,"en","false","ChIJbWsIEIVEdEER4uHEhb2dbcQ",,,"2 years ago","2024-01-23T16:24:56.623Z",,"2024-01-28T17:33:33.000Z","Thank you.","ChZDSUhNMG9nS0VJQ0FnSUROeWZiN2FnEAE","https://lh3.googleusercontent.com/grass-cs/ACvplmNkvvKjsOtCNWo_UFr0DUqBIOrb2jXQ2immLCVwvyqnMdbcDI9QF2AdALiGqSUPO7DoY2i9txc9DAGfL28cokDp6b8udjy2ztQEoe2nh58RjipVNJGuwWkxcY-6Ar9ltpZ8_Rie7w=k-no",,,,,,,,"Google","https://www.google.com/maps/reviews/data=!4m8!14m7!1m6!2m5!1sChZDSUhNMG9nS0VJQ0FnSUROeWZiN2FnEAE!2m1!1s0x0:0xc46d9dbd85c4e1e2!3m1!1s2@1:CIHM0ogKEICAgIDNyfb7ag%7C%7C?hl=en","115642815448745355187","2","https://lh3.googleusercontent.com/a-/ALV-UjXhytWgMP9q3KUdH-dgXQd0KYeyUrBYseaEjrg7gMtJfAgU_sBj=s1920-c-rp-mo-br100","https://www.google.com/maps/contrib/115642815448745355187?hl=en","329","2026-10-06T19:23:43.222Z","Direct Detail URL: https://www.google.com/maps?cid=14154142641213989346","5",,,"false","I am very very happy by the service
He explained everything very nicely
I will refer to everyone",,"Dunes Discovery Tourism LLC","5",,"https://www.google.com/maps/search/?api=1&query=Dunes%20Discovery%20Tourism%20LLC&query_place_id=ChIJbWsIEIVEdEER4uHEhb2dbcQ",
,"1522201601161585131","Tour agency","Service establishment","Tour agency","14154142641213989346",,,"0x4174448510086b6d:0xc46d9dbd85c4e1e2",,"https://lh3.googleusercontent.com/grass-cs/AABkmLd2_d1tXdrlH6LWW10pygDnJzaUhEU7C7L75fvzbAv4OYkdlD4LwcGPTtfM0xX8prg6H7I6hKya8LF-YWUiDMb0s1vwi8onlMyPQGQGfLxxP-evkFPGc0oYiPA5qiJVrNSeoCE=w408-h261-k-no","false","false","/g/11vk63ds_v","en","0","24.3539913","53.9485752","Saurabh Patil",,"en","false","ChIJbWsIEIVEdEER4uHEhb2dbcQ",,,"2 years ago","2024-01-20T17:48:19.861Z",,"2024-01-28T17:35:45.000Z","Thanks alot.","ChZDSUhNMG9nS0VJQ0FnSUROLUp6TUdnEAE",,,,,,,,,"Google","https://www.google.com/maps/reviews/data=!4m8!14m7!1m6!2m5!1sChZDSUhNMG9nS0VJQ0FnSUROLUp6TUdnEAE!2m1!1s0x0:0xc46d9dbd85c4e1e2!3m1!1s2@1:CIHM0ogKEICAgIDN-JzMGg%7C%7C?hl=en","104576179613837934794","7","https://lh3.googleusercontent.com/a-/ALV-UjVG_nnNCK_YZIbnc-pZFZ_2xZRLVrowgRGdPAZWxgFUNZZaQAkc=s1920-c-rp-mo-br100","https://www.google.com/maps/contrib/104576179613837934794?hl=en","329","2026-10-06T19:23:43.222Z","Direct Detail URL: https://www.google.com/maps?cid=14154142641213989346","5",,,"false","Loved the way they handled everything right from pick up to drop. No hurry, no compromises, only enjoyment.",,"Dunes Discovery Tourism LLC","5",,"https://www.google.com/maps/search/?api=1&query=Dunes%20Discovery%20Tourism%20LLC&query_place_id=ChIJbWsIEIVEdEER4uHEhb2dbcQ",
,"1522201601161585131","Tour agency","Service establishment","Tour agency","14154142641213989346",,,"0x4174448510086b6d:0xc46d9dbd85c4e1e2",,"https://lh3.googleusercontent.com/grass-cs/AABkmLd2_d1tXdrlH6LWW10pygDnJzaUhEU7C7L75fvzbAv4OYkdlD4LwcGPTtfM0xX8prg6H7I6hKya8LF-YWUiDMb0s1vwi8onlMyPQGQGfLxxP-evkFPGc0oYiPA5qiJVrNSeoCE=w408-h261-k-no","false","false","/g/11vk63ds_v","en","0","24.3539913","53.9485752","Usama Azhar",,"en","false","ChIJbWsIEIVEdEER4uHEhb2dbcQ",,,"2 years ago","2024-01-20T16:13:32.260Z",,"2024-01-28T17:36:04.000Z","Thanks for your feedback.","ChZDSUhNMG9nS0VJQ0FnSUROdUtLdkFnEAE",,,,,,,,,"Google","https://www.google.com/maps/reviews/data=!4m8!14m7!1m6!2m5!1sChZDSUhNMG9nS0VJQ0FnSUROdUtLdkFnEAE!2m1!1s0x0:0xc46d9dbd85c4e1e2!3m1!1s2@1:CIHM0ogKEICAgIDNuKKvAg%7C%7C?hl=en","114380445561185148154","4","https://lh3.googleusercontent.com/a/ACg8ocLAQTpSdsBxuAVpuywBIYat8B-79rgwH2wfdY8-yGiHVHrMIw=s1920-c-rp-mo-br100","https://www.google.com/maps/contrib/114380445561185148154?hl=en","329","2026-10-06T19:23:43.222Z","Direct Detail URL: https://www.google.com/maps?cid=14154142641213989346","5",,,"false","Amazing experience, great host and driver Malik shahbaz who hosted for a day and nothing more you can ask for",,"Dunes Discovery Tourism LLC","5",,"https://www.google.com/maps/search/?api=1&query=Dunes%20Discovery%20Tourism%20LLC&query_place_id=ChIJbWsIEIVEdEER4uHEhb2dbcQ",
,"1522201601161585131","Tour agency","Service establishment","Tour agency","14154142641213989346",,,"0x4174448510086b6d:0xc46d9dbd85c4e1e2",,"https://lh3.googleusercontent.com/grass-cs/AABkmLd2_d1tXdrlH6LWW10pygDnJzaUhEU7C7L75fvzbAv4OYkdlD4LwcGPTtfM0xX8prg6H7I6hKya8LF-YWUiDMb0s1vwi8onlMyPQGQGfLxxP-evkFPGc0oYiPA5qiJVrNSeoCE=w408-h261-k-no","false","false","/g/11vk63ds_v","en","0","24.3539913","53.9485752","Sarb Bhatti",,"en","false","ChIJbWsIEIVEdEER4uHEhb2dbcQ",,,"2 years ago","2024-01-20T04:43:21.528Z",,"2024-01-28T17:36:16.000Z","Many thanks.","ChZDSUhNMG9nS0VJQ0FnSUROOE5IOFpnEAE",,,,,,,,,"Google","https://www.google.com/maps/reviews/data=!4m8!14m7!1m6!2m5!1sChZDSUhNMG9nS0VJQ0FnSUROOE5IOFpnEAE!2m1!1s0x0:0xc46d9dbd85c4e1e2!3m1!1s2@1:CIHM0ogKEICAgIDN8NH8Zg%7C%7C?hl=en","105212882427569595669","3","https://lh3.googleusercontent.com/a-/ALV-UjXWspiSKd2VudqeiFYE0XKhtC10i7IU6XQ6mCVdDwxBlpbcv602=s1920-c-rp-mo-br100","https://www.google.com/maps/contrib/105212882427569595669?hl=en","329","2026-10-06T19:23:43.222Z","Direct Detail URL: https://www.google.com/maps?cid=14154142641213989346","5",,,"false","First of all nice and helpful person, who took us to desert  safari We can’t explain over here coz we had so much fun around desert safari, we got different experience, everything was very good thanks for taking to us at desert safari.
Appreciate it",,"Dunes Discovery Tourism LLC","5",,"https://www.google.com/maps/search/?api=1&query=Dunes%20Discovery%20Tourism%20LLC&query_place_id=ChIJbWsIEIVEdEER4uHEhb2dbcQ",
,"1522201601161585131","Tour agency","Service establishment","Tour agency","14154142641213989346",,,"0x4174448510086b6d:0xc46d9dbd85c4e1e2",,"https://lh3.googleusercontent.com/grass-cs/AABkmLd2_d1tXdrlH6LWW10pygDnJzaUhEU7C7L75fvzbAv4OYkdlD4LwcGPTtfM0xX8prg6H7I6hKya8LF-YWUiDMb0s1vwi8onlMyPQGQGfLxxP-evkFPGc0oYiPA5qiJVrNSeoCE=w408-h261-k-no","false","false","/g/11vk63ds_v","en","0","24.3539913","53.9485752","Md. Atiqul Islam Apu",,,"false","ChIJbWsIEIVEdEER4uHEhb2dbcQ",,,"2 years ago","2024-01-17T17:06:18.196Z",,"2024-01-28T17:36:24.000Z","Thanks","ChZDSUhNMG9nS0VJQ0FnSUNOczlUTlBnEAE",,,,,,,,,"Google","https://www.google.com/maps/reviews/data=!4m8!14m7!1m6!2m5!1sChZDSUhNMG9nS0VJQ0FnSUNOczlUTlBnEAE!2m1!1s0x0:0xc46d9dbd85c4e1e2!3m1!1s2@1:CIHM0ogKEICAgICNs9TNPg%7C%7C?hl=en","110931530675591245367","0","https://lh3.googleusercontent.com/a-/ALV-UjVgMmdfvJNhqv0jR9dx8MWoQw_n9Lll41X_DGVDWXS9IuD6irlIBQ=s1920-c-rp-mo-br100","https://www.google.com/maps/contrib/110931530675591245367?hl=en","329","2026-10-06T19:23:43.222Z","Direct Detail URL: https://www.google.com/maps?cid=14154142641213989346","5",,,"false",,,"Dunes Discovery Tourism LLC","5",,"https://www.google.com/maps/search/?api=1&query=Dunes%20Discovery%20Tourism%20LLC&query_place_id=ChIJbWsIEIVEdEER4uHEhb2dbcQ",
,"1522201601161585131","Tour agency","Service establishment","Tour agency","14154142641213989346",,,"0x4174448510086b6d:0xc46d9dbd85c4e1e2",,"https://lh3.googleusercontent.com/grass-cs/AABkmLd2_d1tXdrlH6LWW10pygDnJzaUhEU7C7L75fvzbAv4OYkdlD4LwcGPTtfM0xX8prg6H7I6hKya8LF-YWUiDMb0s1vwi8onlMyPQGQGfLxxP-evkFPGc0oYiPA5qiJVrNSeoCE=w408-h261-k-no","false","false","/g/11vk63ds_v","en","0","24.3539913","53.9485752","Carl T",,"en","false","ChIJbWsIEIVEdEER4uHEhb2dbcQ",,,"2 years ago","2024-01-17T16:07:13.978Z",,"2024-01-17T16:43:53.000Z","Thanks 🙏","ChZDSUhNMG9nS0VJQ0FnSUNOMC1HM1JREAE",,,,,,,,,"Google","https://www.google.com/maps/reviews/data=!4m8!14m7!1m6!2m5!1sChZDSUhNMG9nS0VJQ0FnSUNOMC1HM1JREAE!2m1!1s0x0:0xc46d9dbd85c4e1e2!3m1!1s2@1:CIHM0ogKEICAgICN0-G3RQ%7C%7C?hl=en","105093888211287227331","11","https://lh3.googleusercontent.com/a/ACg8ocLd_mRQDwasUnxKYCISCZvoiHZM4Q_hYRrqZ5gzZ3WlbSTY_A=s1920-c-rp-mo-br100","https://www.google.com/maps/contrib/105093888211287227331?hl=en","329","2026-10-06T19:23:43.222Z","Direct Detail URL: https://www.google.com/maps?cid=14154142641213989346","5",,,"false","Great tour guide. Experienced and caring driver. Recommended.",,"Dunes Discovery Tourism LLC","5",,"https://www.google.com/maps/search/?api=1&query=Dunes%20Discovery%20Tourism%20LLC&query_place_id=ChIJbWsIEIVEdEER4uHEhb2dbcQ",
,"1522201601161585131","Tour agency","Service establishment","Tour agency","14154142641213989346",,,"0x4174448510086b6d:0xc46d9dbd85c4e1e2",,"https://lh3.googleusercontent.com/grass-cs/AABkmLd2_d1tXdrlH6LWW10pygDnJzaUhEU7C7L75fvzbAv4OYkdlD4LwcGPTtfM0xX8prg6H7I6hKya8LF-YWUiDMb0s1vwi8onlMyPQGQGfLxxP-evkFPGc0oYiPA5qiJVrNSeoCE=w408-h261-k-no","false","false","/g/11vk63ds_v","en","0","24.3539913","53.9485752","ARTI HIRA",,"en","false","ChIJbWsIEIVEdEER4uHEhb2dbcQ",,,"2 years ago","2024-01-15T15:40:09.065Z",,"2024-01-17T16:44:08.000Z","Thanks 🙏 ","ChZDSUhNMG9nS0VJQ0FnSUNOaWFtWFRBEAE",,,,,,,,,"Google","https://www.google.com/maps/reviews/data=!4m8!14m7!1m6!2m5!1sChZDSUhNMG9nS0VJQ0FnSUNOaWFtWFRBEAE!2m1!1s0x0:0xc46d9dbd85c4e1e2!3m1!1s2@1:CIHM0ogKEICAgICNiamXTA%7C%7C?hl=en","113020162905910306175","9","https://lh3.googleusercontent.com/a-/ALV-UjUSK3WsszpRo4ANM0mSdaYww94Mzz_OCoWyOeW6WTKtcS223QXE=s1920-c-rp-mo-br100","https://www.google.com/maps/contrib/113020162905910306175?hl=en","329","2026-10-06T19:23:43.222Z","Direct Detail URL: https://www.google.com/maps?cid=14154142641213989346","5",,,"false","Excellent service and behaviour no words just Tnx 🙏🙏",,"Dunes Discovery Tourism LLC","5",,"https://www.google.com/maps/search/?api=1&query=Dunes%20Discovery%20Tourism%20LLC&query_place_id=ChIJbWsIEIVEdEER4uHEhb2dbcQ",
,"1522201601161585131","Tour agency","Service establishment","Tour agency","14154142641213989346",,,"0x4174448510086b6d:0xc46d9dbd85c4e1e2",,"https://lh3.googleusercontent.com/grass-cs/AABkmLd2_d1tXdrlH6LWW10pygDnJzaUhEU7C7L75fvzbAv4OYkdlD4LwcGPTtfM0xX8prg6H7I6hKya8LF-YWUiDMb0s1vwi8onlMyPQGQGfLxxP-evkFPGc0oYiPA5qiJVrNSeoCE=w408-h261-k-no","false","false","/g/11vk63ds_v","en","0","24.3539913","53.9485752","Hanzala Iqbal",,"en","false","ChIJbWsIEIVEdEER4uHEhb2dbcQ",,,"2 years ago","2024-01-14T15:43:41.892Z",,"2024-01-17T16:44:18.000Z","Thanks 🙏 ","ChZDSUhNMG9nS0VJQ0FnSUNOenEyeldREAE",,,,,,,,,"Google","https://www.google.com/maps/reviews/data=!4m8!14m7!1m6!2m5!1sChZDSUhNMG9nS0VJQ0FnSUNOenEyeldREAE!2m1!1s0x0:0xc46d9dbd85c4e1e2!3m1!1s2@1:CIHM0ogKEICAgICNzq2zWQ%7C%7C?hl=en","112264485221085123969","2","https://lh3.googleusercontent.com/a/ACg8ocLsDLiA8U6NxK8IfLu-ISaj7CcxMXlZsQpiY7ihbB1z9oeG_w=s1920-c-rp-mo-br100","https://www.google.com/maps/contrib/112264485221085123969?hl=en","329","2026-10-06T19:23:43.222Z","Direct Detail URL: https://www.google.com/maps?cid=14154142641213989346","5",,,"false","Had an Amazing time with experienced tour guide… recomend it ✅🙏🏻",,"Dunes Discovery Tourism LLC","5",,"https://www.google.com/maps/search/?api=1&query=Dunes%20Discovery%20Tourism%20LLC&query_place_id=ChIJbWsIEIVEdEER4uHEhb2dbcQ",
,"1522201601161585131","Tour agency","Service establishment","Tour agency","14154142641213989346",,,"0x4174448510086b6d:0xc46d9dbd85c4e1e2",,"https://lh3.googleusercontent.com/grass-cs/AABkmLd2_d1tXdrlH6LWW10pygDnJzaUhEU7C7L75fvzbAv4OYkdlD4LwcGPTtfM0xX8prg6H7I6hKya8LF-YWUiDMb0s1vwi8onlMyPQGQGfLxxP-evkFPGc0oYiPA5qiJVrNSeoCE=w408-h261-k-no","false","false","/g/11vk63ds_v","en","0","24.3539913","53.9485752","Umer Masood",,"en","false","ChIJbWsIEIVEdEER4uHEhb2dbcQ",,,"2 years ago","2024-01-12T16:19:21.167Z",,"2024-01-17T16:44:27.000Z","Thanks 🙏 ","ChdDSUhNMG9nS0VJQ0FnSUNOelBtajV3RRAB",,,,,,,,,"Google","https://www.google.com/maps/reviews/data=!4m8!14m7!1m6!2m5!1sChdDSUhNMG9nS0VJQ0FnSUNOelBtajV3RRAB!2m1!1s0x0:0xc46d9dbd85c4e1e2!3m1!1s2@1:CIHM0ogKEICAgICNzPmj5wE%7C%7C?hl=en","106747496151902106295","10","https://lh3.googleusercontent.com/a-/ALV-UjW61qvZaRDAJ2apgS89L6-qme2djuDSrtsYvtQanuB_RrStuUZeZg=s1920-c-rp-mo-br100","https://www.google.com/maps/contrib/106747496151902106295?hl=en","329","2026-10-06T19:23:43.222Z","Direct Detail URL: https://www.google.com/maps?cid=14154142641213989346","5",,,"false","Best Experience, Our Car Owner Malik .. such an amazing guy , best driver , best entertainer, Food stuff was very Good 👍…",,"Dunes Discovery Tourism LLC","5",,"https://www.google.com/maps/search/?api=1&query=Dunes%20Discovery%20Tourism%20LLC&query_place_id=ChIJbWsIEIVEdEER4uHEhb2dbcQ",
,"1522201601161585131","Tour agency","Service establishment","Tour agency","14154142641213989346",,,"0x4174448510086b6d:0xc46d9dbd85c4e1e2",,"https://lh3.googleusercontent.com/grass-cs/AABkmLd2_d1tXdrlH6LWW10pygDnJzaUhEU7C7L75fvzbAv4OYkdlD4LwcGPTtfM0xX8prg6H7I6hKya8LF-YWUiDMb0s1vwi8onlMyPQGQGfLxxP-evkFPGc0oYiPA5qiJVrNSeoCE=w408-h261-k-no","false","false","/g/11vk63ds_v","en","1","24.3539913","53.9485752","lakshmikanth poolla",,"en","false","ChIJbWsIEIVEdEER4uHEhb2dbcQ",,,"2 years ago","2024-01-11T15:59:58.041Z",,"2024-01-17T16:44:39.000Z","Thanks 🙏 ","ChZDSUhNMG9nS0VJQ0FnSUNOaUp1VUNnEAE",,,,,,,,,"Google","https://www.google.com/maps/reviews/data=!4m8!14m7!1m6!2m5!1sChZDSUhNMG9nS0VJQ0FnSUNOaUp1VUNnEAE!2m1!1s0x0:0xc46d9dbd85c4e1e2!3m1!1s2@1:CIHM0ogKEICAgICNiJuUCg%7C%7C?hl=en","104553038384818565790","3","https://lh3.googleusercontent.com/a/ACg8ocINosGEoZdbQ_uvYlPH3Vac25WZmToCo4cxtNZi3jglGUfiaA=s1920-c-rp-mo-br100","https://www.google.com/maps/contrib/104553038384818565790?hl=en","329","2026-10-06T19:23:43.222Z","Direct Detail URL: https://www.google.com/maps?cid=14154142641213989346","5",,,"false","Excellent host,good food,beautiful ambience",,"Dunes Discovery Tourism LLC","5",,"https://www.google.com/maps/search/?api=1&query=Dunes%20Discovery%20Tourism%20LLC&query_place_id=ChIJbWsIEIVEdEER4uHEhb2dbcQ",
,"1522201601161585131","Tour agency","Service establishment","Tour agency","14154142641213989346",,,"0x4174448510086b6d:0xc46d9dbd85c4e1e2",,"https://lh3.googleusercontent.com/grass-cs/AABkmLd2_d1tXdrlH6LWW10pygDnJzaUhEU7C7L75fvzbAv4OYkdlD4LwcGPTtfM0xX8prg6H7I6hKya8LF-YWUiDMb0s1vwi8onlMyPQGQGfLxxP-evkFPGc0oYiPA5qiJVrNSeoCE=w408-h261-k-no","false","false","/g/11vk63ds_v","en","0","24.3539913","53.9485752","Nitin Jain",,,"false","ChIJbWsIEIVEdEER4uHEhb2dbcQ",,,"2 years ago","2024-01-10T15:21:59.024Z",,"2024-01-17T16:44:48.000Z","Thanks 🙏 ","ChdDSUhNMG9nS0VJQ0FnSUQxaDRTRnJRRRAB","https://lh3.googleusercontent.com/grass-cs/ACvplmP1JPTHCCcoNnyA02d8BQwuwxbXdfRJCuH1-v1ohBS9Ow9_Svw_rBEYiJm1hCk9YQb4nUdZ9czU4I2gGcoEXTvjKYp5r6X_g_abQxJ4XS45qLY1i16BFKBLM-jQCYnsbzunf6L7aA=k-no",,,,,,,,"Google","https://www.google.com/maps/reviews/data=!4m8!14m7!1m6!2m5!1sChdDSUhNMG9nS0VJQ0FnSUQxaDRTRnJRRRAB!2m1!1s0x0:0xc46d9dbd85c4e1e2!3m1!1s2@1:CIHM0ogKEICAgID1h4SFrQE%7C%7C?hl=en","104725140835979663625","3","https://lh3.googleusercontent.com/a/ACg8ocJaEv5iGzNN6g1AOoXz3w3r0x8V6569O4bRu21bAobrBY3B_Q=s1920-c-rp-mo-br100","https://www.google.com/maps/contrib/104725140835979663625?hl=en","329","2026-10-06T19:23:43.222Z","Direct Detail URL: https://www.google.com/maps?cid=14154142641213989346","5",,,"false",,,"Dunes Discovery Tourism LLC","5",,"https://www.google.com/maps/search/?api=1&query=Dunes%20Discovery%20Tourism%20LLC&query_place_id=ChIJbWsIEIVEdEER4uHEhb2dbcQ",
,"1522201601161585131","Tour agency","Service establishment","Tour agency","14154142641213989346",,,"0x4174448510086b6d:0xc46d9dbd85c4e1e2",,"https://lh3.googleusercontent.com/grass-cs/AABkmLd2_d1tXdrlH6LWW10pygDnJzaUhEU7C7L75fvzbAv4OYkdlD4LwcGPTtfM0xX8prg6H7I6hKya8LF-YWUiDMb0s1vwi8onlMyPQGQGfLxxP-evkFPGc0oYiPA5qiJVrNSeoCE=w408-h261-k-no","false","false","/g/11vk63ds_v","en","1","24.3539913","53.9485752","Wonder thoughts blessings",,"en","false","ChIJbWsIEIVEdEER4uHEhb2dbcQ",,,"2 years ago","2024-01-10T15:15:59.044Z",,"2024-01-17T16:44:58.000Z","Thanks 🙏 ","ChdDSUhNMG9nS0VJQ0FnSUQxaDdDcHR3RRAB","https://lh3.googleusercontent.com/grass-cs/ACvplmPgJtDb-yB8peQDUdGjpa1KQ4XQAU_SWTxDeoz-xg46cN-xAm4tqT4lw8FYvU2UY5kxILqDxWbR5P4h_Vae050iF1NAlm9qsCDPeUWS7ykE11B15WYQw5EWeP-NNlr_hPbkvV-I=k-no",,,,,,,,"Google","https://www.google.com/maps/reviews/data=!4m8!14m7!1m6!2m5!1sChdDSUhNMG9nS0VJQ0FnSUQxaDdDcHR3RRAB!2m1!1s0x0:0xc46d9dbd85c4e1e2!3m1!1s2@1:CIHM0ogKEICAgID1h7CptwE%7C%7C?hl=en","105284790367289828231","4","https://lh3.googleusercontent.com/a-/ALV-UjVpeLmfQDDRGS4ZGGjPBMFGJWC7yrEUw_QdQ2ff0i3uAtKj8aqy=s1920-c-rp-mo-br100","https://www.google.com/maps/contrib/105284790367289828231?hl=en","329","2026-10-06T19:23:43.222Z","Direct Detail URL: https://www.google.com/maps?cid=14154142641213989346","5",,,"false","Loved the desert safari experience with Malik bhai …. He is a very humble and wonderful person",,"Dunes Discovery Tourism LLC","5",,"https://www.google.com/maps/search/?api=1&query=Dunes%20Discovery%20Tourism%20LLC&query_place_id=ChIJbWsIEIVEdEER4uHEhb2dbcQ",
,"1522201601161585131","Tour agency","Service establishment","Tour agency","14154142641213989346",,,"0x4174448510086b6d:0xc46d9dbd85c4e1e2",,"https://lh3.googleusercontent.com/grass-cs/AABkmLd2_d1tXdrlH6LWW10pygDnJzaUhEU7C7L75fvzbAv4OYkdlD4LwcGPTtfM0xX8prg6H7I6hKya8LF-YWUiDMb0s1vwi8onlMyPQGQGfLxxP-evkFPGc0oYiPA5qiJVrNSeoCE=w408-h261-k-no","false","false","/g/11vk63ds_v","en","0","24.3539913","53.9485752","nitin jain",,"en","false","ChIJbWsIEIVEdEER4uHEhb2dbcQ",,,"2 years ago","2024-01-10T15:13:11.957Z",,"2024-01-10T15:16:10.000Z","Thank you😇","ChZDSUhNMG9nS0VJQ0FnSUQxaDZDMFJnEAE",,,,,,,,,"Google","https://www.google.com/maps/reviews/data=!4m8!14m7!1m6!2m5!1sChZDSUhNMG9nS0VJQ0FnSUQxaDZDMFJnEAE!2m1!1s0x0:0xc46d9dbd85c4e1e2!3m1!1s2@1:CIHM0ogKEICAgID1h6C0Rg%7C%7C?hl=en","110795034606637639834","6","https://lh3.googleusercontent.com/a-/ALV-UjWjQEx-OjyF2HS5YY82fqkfS2IkduIIDjxjA27Mvbk_ogzluqmX=s1920-c-rp-mo-br100","https://www.google.com/maps/contrib/110795034606637639834?hl=en","329","2026-10-06T19:23:43.222Z","Direct Detail URL: https://www.google.com/maps?cid=14154142641213989346","5",,,"false","Malik. Bhai is awesome personality.. highly recommend his services",,"Dunes Discovery Tourism LLC","5",,"https://www.google.com/maps/search/?api=1&query=Dunes%20Discovery%20Tourism%20LLC&query_place_id=ChIJbWsIEIVEdEER4uHEhb2dbcQ",
,"1522201601161585131","Tour agency","Service establishment","Tour agency","14154142641213989346",,,"0x4174448510086b6d:0xc46d9dbd85c4e1e2",,"https://lh3.googleusercontent.com/grass-cs/AABkmLd2_d1tXdrlH6LWW10pygDnJzaUhEU7C7L75fvzbAv4OYkdlD4LwcGPTtfM0xX8prg6H7I6hKya8LF-YWUiDMb0s1vwi8onlMyPQGQGfLxxP-evkFPGc0oYiPA5qiJVrNSeoCE=w408-h261-k-no","false","false","/g/11vk63ds_v","en","1","24.3539913","53.9485752","SumitOnVocals",,"en","false","ChIJbWsIEIVEdEER4uHEhb2dbcQ",,,"2 years ago","2024-01-08T16:03:13.068Z",,"2024-01-08T16:06:40.000Z","Thanks for your feedback 😇","ChZDSUhNMG9nS0VJQ0FnSUQxaFlpRmFREAE","https://lh3.googleusercontent.com/grass-cs/ACvplmPV58ROM97Zmhi4ySpAgLrhZQ-HRdABg4zxS4qkFPbTS1pi6DO_CYRVYhD2tTQfZlOMneHJiykztVqkKSvHU1ywn5bIgE0OlcUxAV4xrTm3InPJmdrQc6ztOiXAg97O7LM4sV3sdg=k-no","https://lh3.googleusercontent.com/grass-cs/ACvplmPWHlux9iN1y6ZDX9BKCypF1sbik2hlJQ8db7F_iH7zBvA7vI3oLFCZDGTRSxRjThj_0YzW4B2wcwtcAqX2ewMCB4oap4LGHWSpJ9brovyP5rTm1uOr2di1avErwjOF7RlEzWv1=k-no",,,,,,,"Google","https://www.google.com/maps/reviews/data=!4m8!14m7!1m6!2m5!1sChZDSUhNMG9nS0VJQ0FnSUQxaFlpRmFREAE!2m1!1s0x0:0xc46d9dbd85c4e1e2!3m1!1s2@1:CIHM0ogKEICAgID1hYiFaQ%7C%7C?hl=en","115654167740597418507","13","https://lh3.googleusercontent.com/a-/ALV-UjWzeWY8yDfJL9nKBOWcgytV4vEYUtv_88r2KjX-hILF4nMfVcuXkg=s1920-c-rp-mo-br100","https://www.google.com/maps/contrib/115654167740597418507?hl=en","329","2026-10-06T19:23:43.222Z","Direct Detail URL: https://www.google.com/maps?cid=14154142641213989346","5",,,"false","Amazing person ! We call him captain Saab ! He cracks amazing jokes ! Very friendly person ! Highly recommended! HABIBI COME TO DUBAI and meet Malik bhaiiii !!",,"Dunes Discovery Tourism LLC","5",,"https://www.google.com/maps/search/?api=1&query=Dunes%20Discovery%20Tourism%20LLC&query_place_id=ChIJbWsIEIVEdEER4uHEhb2dbcQ",
,"1522201601161585131","Tour agency","Service establishment","Tour agency","14154142641213989346",,,"0x4174448510086b6d:0xc46d9dbd85c4e1e2",,"https://lh3.googleusercontent.com/grass-cs/AABkmLd2_d1tXdrlH6LWW10pygDnJzaUhEU7C7L75fvzbAv4OYkdlD4LwcGPTtfM0xX8prg6H7I6hKya8LF-YWUiDMb0s1vwi8onlMyPQGQGfLxxP-evkFPGc0oYiPA5qiJVrNSeoCE=w408-h261-k-no","false","false","/g/11vk63ds_v","en","1","24.3539913","53.9485752","shivani kathuria",,"en","false","ChIJbWsIEIVEdEER4uHEhb2dbcQ",,,"2 years ago","2024-01-08T16:02:36.733Z",,"2024-01-08T16:07:04.000Z","Thank you !!!😇","ChZDSUhNMG9nS0VJQ0FnSUQxaGZEN1dREAE",,,,,,,,,"Google","https://www.google.com/maps/reviews/data=!4m8!14m7!1m6!2m5!1sChZDSUhNMG9nS0VJQ0FnSUQxaGZEN1dREAE!2m1!1s0x0:0xc46d9dbd85c4e1e2!3m1!1s2@1:CIHM0ogKEICAgID1hfD7WQ%7C%7C?hl=en","109643656570307758150","5","https://lh3.googleusercontent.com/a/ACg8ocK4Y6ulp_uT84I0uHUWpUnNDfiwk_ZwcaBD2V1FJdLsL8t5=s1920-c-rp-mo-br100","https://www.google.com/maps/contrib/109643656570307758150?hl=en","329","2026-10-06T19:23:43.222Z","Direct Detail URL: https://www.google.com/maps?cid=14154142641213989346","5",,,"false","Amazing experience..",,"Dunes Discovery Tourism LLC","5",,"https://www.google.com/maps/search/?api=1&query=Dunes%20Discovery%20Tourism%20LLC&query_place_id=ChIJbWsIEIVEdEER4uHEhb2dbcQ",
,"1522201601161585131","Tour agency","Service establishment","Tour agency","14154142641213989346",,,"0x4174448510086b6d:0xc46d9dbd85c4e1e2",,"https://lh3.googleusercontent.com/grass-cs/AABkmLd2_d1tXdrlH6LWW10pygDnJzaUhEU7C7L75fvzbAv4OYkdlD4LwcGPTtfM0xX8prg6H7I6hKya8LF-YWUiDMb0s1vwi8onlMyPQGQGfLxxP-evkFPGc0oYiPA5qiJVrNSeoCE=w408-h261-k-no","false","true","/g/11vk63ds_v","en","1","24.3539913","53.9485752","AbdelRahman Omara",,"en","false","ChIJbWsIEIVEdEER4uHEhb2dbcQ",,,"2 years ago","2024-01-05T19:10:10.770Z",,"2024-01-08T16:07:26.000Z","Thank you !!!","ChdDSUhNMG9nS0VJQ0FnSUQxckphbjZBRRAB",,,,,,,,,"Google","https://www.google.com/maps/reviews/data=!4m8!14m7!1m6!2m5!1sChdDSUhNMG9nS0VJQ0FnSUQxckphbjZBRRAB!2m1!1s0x0:0xc46d9dbd85c4e1e2!3m1!1s2@1:CIHM0ogKEICAgID1rJan6AE%7C%7C?hl=en","105126649166531061083","18","https://lh3.googleusercontent.com/a-/ALV-UjW2DYGma-C70og8G86gr69c5jBHvKPvtUJ2c6zjOPmcQaAiQelVtQ=s1920-c-rp-mo-ba12-br100","https://www.google.com/maps/contrib/105126649166531061083?hl=en","329","2026-10-06T19:23:43.222Z","Direct Detail URL: https://www.google.com/maps?cid=14154142641213989346","5",,,"false","Very professional and nice guy Mr Malek, i had very good experience with the engagement & the hospitality
Strongly recommend 👍🏼👍🏼👍🏼",,"Dunes Discovery Tourism LLC","5",,"https://www.google.com/maps/search/?api=1&query=Dunes%20Discovery%20Tourism%20LLC&query_place_id=ChIJbWsIEIVEdEER4uHEhb2dbcQ",
,"1522201601161585131","Tour agency","Service establishment","Tour agency","14154142641213989346",,,"0x4174448510086b6d:0xc46d9dbd85c4e1e2",,"https://lh3.googleusercontent.com/grass-cs/AABkmLd2_d1tXdrlH6LWW10pygDnJzaUhEU7C7L75fvzbAv4OYkdlD4LwcGPTtfM0xX8prg6H7I6hKya8LF-YWUiDMb0s1vwi8onlMyPQGQGfLxxP-evkFPGc0oYiPA5qiJVrNSeoCE=w408-h261-k-no","false","false","/g/11vk63ds_v","en","0","24.3539913","53.9485752","Rana Alwahidi",,"en","false","ChIJbWsIEIVEdEER4uHEhb2dbcQ",,,"2 years ago","2024-01-05T18:54:13.764Z",,"2024-01-05T19:08:39.000Z","Thank you!!!","ChdDSUhNMG9nS0VJQ0FnSUQxck1TVThnRRAB",,,,,,,,,"Google","https://www.google.com/maps/reviews/data=!4m8!14m7!1m6!2m5!1sChdDSUhNMG9nS0VJQ0FnSUQxck1TVThnRRAB!2m1!1s0x0:0xc46d9dbd85c4e1e2!3m1!1s2@1:CIHM0ogKEICAgID1rMSU8gE%7C%7C?hl=en","112884066105281799002","7","https://lh3.googleusercontent.com/a/ACg8ocIjnh4ZTCpYx1daM3kyQWxg11mBh7elW3pOhruPMStLYAOD=s1920-c-rp-mo-br100","https://www.google.com/maps/contrib/112884066105281799002?hl=en","329","2026-10-06T19:23:43.222Z","Direct Detail URL: https://www.google.com/maps?cid=14154142641213989346","5",,,"false","It was a great experience",,"Dunes Discovery Tourism LLC","5",,"https://www.google.com/maps/search/?api=1&query=Dunes%20Discovery%20Tourism%20LLC&query_place_id=ChIJbWsIEIVEdEER4uHEhb2dbcQ",
,"1522201601161585131","Tour agency","Service establishment","Tour agency","14154142641213989346",,,"0x4174448510086b6d:0xc46d9dbd85c4e1e2",,"https://lh3.googleusercontent.com/grass-cs/AABkmLd2_d1tXdrlH6LWW10pygDnJzaUhEU7C7L75fvzbAv4OYkdlD4LwcGPTtfM0xX8prg6H7I6hKya8LF-YWUiDMb0s1vwi8onlMyPQGQGfLxxP-evkFPGc0oYiPA5qiJVrNSeoCE=w408-h261-k-no","false","false","/g/11vk63ds_v","en","1","24.3539913","53.9485752","Secy Leong",,"en","false","ChIJbWsIEIVEdEER4uHEhb2dbcQ",,,"2 years ago","2024-01-04T18:35:20.082Z",,"2024-01-04T18:47:07.000Z","Thanks😇","ChdDSUhNMG9nS0VJQ0FnSUQxb091M19nRRAB","https://lh3.googleusercontent.com/grass-cs/ACvplmMkPVeVEAGtjydZccLzYDgeak-KI_4eX44a6ERI-A3Tyrf3Np93e5SgL8fO001YmqbqQuOiTs8pyYKHO4tCPfJTZjU2CJ5IKidbxiZ1MomTI_9gLQE0xmf1Carhq3rdv5tHJKfq=k-no",,,,,,,,"Google","https://www.google.com/maps/reviews/data=!4m8!14m7!1m6!2m5!1sChdDSUhNMG9nS0VJQ0FnSUQxb091M19nRRAB!2m1!1s0x0:0xc46d9dbd85c4e1e2!3m1!1s2@1:CIHM0ogKEICAgID1oOu3_gE%7C%7C?hl=en","102619998123208756655","2","https://lh3.googleusercontent.com/a-/ALV-UjUKqQ4s_h-91MXTwack26TfRfZhuk7y5Ct22ZieLxmUmvkn9Mk=s1920-c-rp-mo-br100","https://www.google.com/maps/contrib/102619998123208756655?hl=en","329","2026-10-06T19:23:43.222Z","Direct Detail URL: https://www.google.com/maps?cid=14154142641213989346","5",,,"false","Overall Good 👍",,"Dunes Discovery Tourism LLC","5",,"https://www.google.com/maps/search/?api=1&query=Dunes%20Discovery%20Tourism%20LLC&query_place_id=ChIJbWsIEIVEdEER4uHEhb2dbcQ",
,"1522201601161585131","Tour agency","Service establishment","Tour agency","14154142641213989346",,,"0x4174448510086b6d:0xc46d9dbd85c4e1e2",,"https://lh3.googleusercontent.com/grass-cs/AABkmLd2_d1tXdrlH6LWW10pygDnJzaUhEU7C7L75fvzbAv4OYkdlD4LwcGPTtfM0xX8prg6H7I6hKya8LF-YWUiDMb0s1vwi8onlMyPQGQGfLxxP-evkFPGc0oYiPA5qiJVrNSeoCE=w408-h261-k-no","false","false","/g/11vk63ds_v","en","1","24.3539913","53.9485752","Abhishek Bhanushali",,"en","false","ChIJbWsIEIVEdEER4uHEhb2dbcQ",,,"2 years ago","2024-01-04T15:45:00.896Z",,"2024-01-04T18:10:44.000Z","Thank you !!!","ChdDSUhNMG9nS0VJQ0FnSUMxdl8yejhBRRAB","https://lh3.googleusercontent.com/grass-cs/ACvplmMAeKhm-t8ka8kB1BXjHimw7uLpVHdhQp9dFHtMhmSKHS386ibhrxCVIlDtHPsecTxrT3gZT8_C87UxOypW58By6pppqdMSG5rgx94dKRzOtRMyBOrfthSgmBFsRxwXUvwSFbQ=k-no",,,,,,,,"Google","https://www.google.com/maps/reviews/data=!4m8!14m7!1m6!2m5!1sChdDSUhNMG9nS0VJQ0FnSUMxdl8yejhBRRAB!2m1!1s0x0:0xc46d9dbd85c4e1e2!3m1!1s2@1:CIHM0ogKEICAgIC1v_2z8AE%7C%7C?hl=en","111694241005169663362","13","https://lh3.googleusercontent.com/a-/ALV-UjV9VZNBz-a3tJWKph2U0Y6qtUC7XLgpJxVl1w7m9PjO9gKJbOPV=s1920-c-rp-mo-br100","https://www.google.com/maps/contrib/111694241005169663362?hl=en","329","2026-10-06T19:23:43.222Z","Direct Detail URL: https://www.google.com/maps?cid=14154142641213989346","5",,,"false","They are very friendly and humble. I totally recommend them.",,"Dunes Discovery Tourism LLC","5",,"https://www.google.com/maps/search/?api=1&query=Dunes%20Discovery%20Tourism%20LLC&query_place_id=ChIJbWsIEIVEdEER4uHEhb2dbcQ",
,"1522201601161585131","Tour agency","Service establishment","Tour agency","14154142641213989346",,,"0x4174448510086b6d:0xc46d9dbd85c4e1e2",,"https://lh3.googleusercontent.com/grass-cs/AABkmLd2_d1tXdrlH6LWW10pygDnJzaUhEU7C7L75fvzbAv4OYkdlD4LwcGPTtfM0xX8prg6H7I6hKya8LF-YWUiDMb0s1vwi8onlMyPQGQGfLxxP-evkFPGc0oYiPA5qiJVrNSeoCE=w408-h261-k-no","false","true","/g/11vk63ds_v","en","1","24.3539913","53.9485752","denim dand",,"en","false","ChIJbWsIEIVEdEER4uHEhb2dbcQ",,,"2 years ago","2024-01-04T15:44:57.710Z",,"2024-01-04T18:12:02.000Z","😇","ChdDSUhNMG9nS0VJQ0FnSUMxdl8yRjdBRRAB",,,,,,,,,"Google","https://www.google.com/maps/reviews/data=!4m8!14m7!1m6!2m5!1sChdDSUhNMG9nS0VJQ0FnSUMxdl8yRjdBRRAB!2m1!1s0x0:0xc46d9dbd85c4e1e2!3m1!1s2@1:CIHM0ogKEICAgIC1v_2F7AE%7C%7C?hl=en","102459653520724237509","8","https://lh3.googleusercontent.com/a/ACg8ocLrcg2QtY0AjeyFACtYP4N-NK5PjZL7LYIJOnqv1nk_V3dy5o8=s1920-c-rp-mo-ba12-br100","https://www.google.com/maps/contrib/102459653520724237509?hl=en","329","2026-10-06T19:23:43.222Z","Direct Detail URL: https://www.google.com/maps?cid=14154142641213989346","5",,,"false","Great Experience!",,"Dunes Discovery Tourism LLC","5",,"https://www.google.com/maps/search/?api=1&query=Dunes%20Discovery%20Tourism%20LLC&query_place_id=ChIJbWsIEIVEdEER4uHEhb2dbcQ",
,"1522201601161585131","Tour agency","Service establishment","Tour agency","14154142641213989346",,,"0x4174448510086b6d:0xc46d9dbd85c4e1e2",,"https://lh3.googleusercontent.com/grass-cs/AABkmLd2_d1tXdrlH6LWW10pygDnJzaUhEU7C7L75fvzbAv4OYkdlD4LwcGPTtfM0xX8prg6H7I6hKya8LF-YWUiDMb0s1vwi8onlMyPQGQGfLxxP-evkFPGc0oYiPA5qiJVrNSeoCE=w408-h261-k-no","false","false","/g/11vk63ds_v","en","1","24.3539913","53.9485752","Ndawula Denis",,"en","false","ChIJbWsIEIVEdEER4uHEhb2dbcQ",,,"2 years ago","2024-01-03T15:54:10.350Z",,"2024-01-04T18:11:36.000Z","Thanks for your feedback!!!","ChZDSUhNMG9nS0VJQ0FnSUMxaThDa1VBEAE",,,,,,,,,"Google","https://www.google.com/maps/reviews/data=!4m8!14m7!1m6!2m5!1sChZDSUhNMG9nS0VJQ0FnSUMxaThDa1VBEAE!2m1!1s0x0:0xc46d9dbd85c4e1e2!3m1!1s2@1:CIHM0ogKEICAgIC1i8CkUA%7C%7C?hl=en","105018842638815411097","3","https://lh3.googleusercontent.com/a/ACg8ocLD6T6hucT2EURctdyX5DYBbQU-skdWVHOIImh5kXrCISAcjg=s1920-c-rp-mo-br100","https://www.google.com/maps/contrib/105018842638815411097?hl=en","329","2026-10-06T19:23:43.222Z","Direct Detail URL: https://www.google.com/maps?cid=14154142641213989346","5",,,"false","Best experience. Tour guide is very friendly and interractive. I loved it",,"Dunes Discovery Tourism LLC","5",,"https://www.google.com/maps/search/?api=1&query=Dunes%20Discovery%20Tourism%20LLC&query_place_id=ChIJbWsIEIVEdEER4uHEhb2dbcQ",
